AIR_TEMP,LST,NDVI,NDBI,NDWI,ALBEDO,UHI,URBAN_COMPACTNESS,VEG_QUALITY,BUILDING_DENSITY_OSM,WIND_SPEED,HUMIDITY,IS_BUILT_UP,IS_VEGETATION,IS_WATER,IS_CROPLAND
29.63563849131268,44.06273,0.1644437,0.002101437,-0.19627568,12330.45,-0.16234227,4.416037e-06,0.16409814,0.0210143699999999,0.0094514126247829,14.539032554626488,0,0,0,0
29.214689826965355,44.13109,0.16514936,0.00077634066,-0.18760446,12091.45,-0.16437303,6.027048e-07,0.16502115,0.0077634066,0.0111927111943562,15.171249326070182,0,0,0,0
29.48794962565105,43.380833,0.16320658,-0.01833336,-0.17209557,11665.25,-0.18153994,0.00033611208,0.1661987,-0.1833335999999999,0.0105528926849365,14.545388793945335,0,0,0,0
29.53638579050701,43.121063,0.19660006,-0.028329283,-0.20526536,11811.85,-0.22492935,0.0008025483,0.2021696,-0.28329283,0.0099408562978108,14.67159852981571,0,0,0,0
29.234214401245158,42.251175,0.24179065,-0.062311083,-0.25093475,12055.3,-0.30410174,0.0038826712,0.2568569,-0.62311083,0.0105792490641276,15.068183570437984,0,0,0,0
29.43544333775841,42.31441,0.12811461,0.023895077,-0.16135238,12226.8,-0.10421954,0.0005709747,0.12505332,0.23895077,0.0112120342254638,14.495665486653678,0,0,0,0
29.21082426706954,41.326603,0.12755518,0.030999767,-0.16472958,13105.95,-0.09655541,0.00096098555,0.123601,0.30999767,0.0117545138465033,14.92827011744184,0,0,0,0
29.214689826965355,40.600273,0.1579603,0.0013964605,-0.1891209,13154.85,-0.15656383,1.950102e-06,0.15773971,0.013964605,0.0111927111943562,15.171249326070182,0,0,0,0
29.13729852040612,38.788723,0.23078029,-0.071244314,-0.23308378,11077.7,-0.3020246,0.0050757523,0.24722207,-0.71244314,0.0113369719187418,14.88310012817385,0,0,0,0
29.214689826965355,38.147842,0.22918494,-0.08932793,-0.22334243,10784.15,-0.31851286,0.00797948,0.24965756,-0.8932793,0.0111927111943562,15.171249326070182,0,0,0,0
29.214689826965355,38.356342,0.20889467,-0.09497984,-0.19526397,10518.5,-0.3038745,0.00902117,0.22873545,-0.9497984,0.0111927111943562,15.171249326070182,0,0,0,0
29.21082426706954,38.556297,0.15959379,-0.06506408,-0.15229207,10426.0,-0.22465786,0.004233334,0.16997762,-0.6506407999999999,0.0117545138465033,14.92827011744184,0,0,0,0
29.507907485961937,38.287983,0.18818957,-0.056228403,-0.18185546,10641.0,-0.24441797,0.0031616334,0.19877116,-0.56228403,0.0105171871185302,14.82529443105065,0,0,0,0
29.489220873514853,37.354862,0.14431717,-0.047417015,-0.14784962,11302.45,-0.19173418,0.0022483733,0.15116026,-0.47417015,0.0117224762174818,14.637499321831626,0,0,0,0
29.507907485961937,36.53112,0.2230347,-0.08795392,-0.21859068,10826.65,-0.31098863,0.007735892,0.24265148,-0.8795392000000001,0.0105171871185302,14.82529443105065,0,0,0,0
29.214689826965355,38.722073,0.20195612,-0.07557658,-0.19626415,10911.0,-0.2775327,0.0057118195,0.21721928,-0.7557658,0.0111927111943562,15.171249326070182,0,0,0,0
29.478845055898063,40.215744,0.13712071,0.030355362,-0.16885307,12035.8,-0.106765345,0.000921448,0.13295837,0.30355362,0.0112010693550109,14.937810198466025,0,0,0,0
28.967117881774925,41.786327,0.16336262,0.010312036,-0.18412772,11875.75,-0.15305059,0.00010633808,0.16167802,0.10312036,0.0105637062920464,14.902815755208335,0,0,0,0
28.863900438944512,42.21016,0.16676567,0.016904552,-0.19340278,12081.55,-0.14986113,0.00028576385,0.16394658,0.16904552,0.0106722672780354,15.035710430145286,0,0,0,0
29.40596796671552,43.570534,0.114914194,0.037670575,-0.15107228,13350.75,-0.07724362,0.0014190722,0.11058531,0.3767057499999999,0.011005474726359,14.555287297566757,0,0,0,0
29.425578371683784,43.647438,0.13988745,0.014254598,-0.16792709,13125.55,-0.12563285,0.00020319356,0.13789341,0.14254598,0.0115013901392618,14.729311084747335,0,0,0,0
28.863900438944512,41.909374,0.20159954,-0.022851486,-0.21522944,12611.4,-0.22445102,0.0005221904,0.2062064,-0.22851486,0.0106722672780354,15.035710430145286,0,0,0,0
29.489220873514853,41.84956,0.20618157,-0.025547603,-0.22157674,11882.15,-0.23172916,0.00065268,0.21144901,-0.2554760299999999,0.0117224762174818,14.637499321831626,0,0,0,0
28.863900438944512,41.93159,0.13345018,0.023055527,-0.16583829,12822.75,-0.11039465,0.00053155737,0.13037342,0.2305552699999999,0.0106722672780354,15.035710430145286,0,0,0,0
28.887657101949088,41.704292,0.1322142,0.03747574,-0.16876635,12470.0,-0.09473846,0.0014044311,0.12725937,0.3747574,0.0088965702056884,14.813097466362876,0,0,0,0
29.13729852040612,41.661568,0.14427504,0.006744885,-0.17844054,12658.9,-0.13753015,4.549347e-05,0.14330192,0.06744885,0.0113369719187418,14.88310012817385,0,0,0,0
29.383197085062704,42.391315,0.1449856,0.030186571,-0.18203412,12828.75,-0.11479903,0.00091122906,0.14060898,0.30186571,0.0116676606072319,14.912640349070244,0,0,0,0
29.25716981887821,42.671593,0.1253422,0.05164719,-0.16442975,12883.6,-0.07369501,0.0026674322,0.11886863,0.5164719,0.0098183250427246,14.7552871068319,0,0,0,0
29.13729852040612,42.910854,0.14745606,0.026373627,-0.17821184,12370.95,-0.12108243,0.00069556816,0.14356712,0.26373627,0.0113369719187418,14.88310012817385,0,0,0,0
28.863900438944512,43.408176,0.15220885,0.016227266,-0.18098696,12613.1,-0.13598159,0.00026332415,0.14973891,0.16227266,0.0106722672780354,15.035710430145286,0,0,0,0
29.40596796671552,43.415012,0.15045454,0.024725623,-0.17609881,12547.45,-0.12572892,0.00061135646,0.14673446,0.24725623,0.011005474726359,14.555287297566757,0,0,0,0
29.383197085062704,43.826885,0.12605186,0.037172172,-0.16315807,12350.65,-0.08887968,0.0013817704,0.12136623,0.37172172,0.0116676606072319,14.912640349070244,0,0,0,0
29.507907485961937,43.40476,0.13045423,0.034873646,-0.16458477,12261.25,-0.09558058,0.0012161713,0.12590481,0.34873646,0.0105171871185302,14.82529443105065,0,0,0,0
28.81987374623617,43.82005,0.14233072,0.02777576,-0.17311095,12279.25,-0.114554964,0.0007714929,0.13837738,0.2777576,0.0110777473449707,15.02515818277996,0,0,0,0
29.13729852040612,42.52291,0.14428347,0.017677974,-0.17685422,12357.25,-0.1266055,0.00031251076,0.14173283,0.17677974,0.0113369719187418,14.88310012817385,0,0,0,0
28.967117881774925,42.538292,0.1474712,0.026554506,-0.17738412,12345.0,-0.120916694,0.0007051418,0.14355518,0.26554506,0.0105637062920464,14.902815755208335,0,0,0,0
29.234214401245158,42.74166,0.12633777,0.049525555,-0.1610181,12836.85,-0.076812215,0.0024527805,0.12008082,0.49525555,0.0105792490641276,15.068183570437984,0,0,0,0
29.478845055898063,42.645958,0.13206533,0.032012977,-0.16632731,13262.65,-0.10005235,0.0010248307,0.12783752,0.32012977,0.0112010693550109,14.937810198466025,0,0,0,0
28.81987374623617,42.38619,0.17238575,0.006876085,-0.19861206,13044.3,-0.16550967,4.728054e-05,0.17120041,0.06876085,0.0110777473449707,15.02515818277996,0,0,0,0
28.81987374623617,43.673073,0.15564504,-0.00016381968,-0.1765386,12145.25,-0.15580885,2.6836886e-08,0.15567054,-0.0016381968,0.0110777473449707,15.02515818277996,0,0,0,0
28.81987374623617,44.459217,0.15415218,0.013938476,-0.1811619,12389.5,-0.1402137,0.00019428112,0.15200353,0.13938476,0.0110777473449707,15.02515818277996,0,0,0,0
29.489220873514853,43.6782,0.15167613,0.012284446,-0.17773269,12393.4,-0.13939169,0.0001509076,0.14981288,0.1228444599999999,0.0117224762174818,14.637499321831626,0,0,0,0
29.63563849131268,43.068085,0.16167507,0.0016919923,-0.17538214,11104.7,-0.15998307,2.862838e-06,0.16140151,0.016919923,0.0094514126247829,14.539032554626488,0,0,0,0
29.437518374125176,41.912792,0.19512947,-0.016640425,-0.2042421,11285.75,-0.2117699,0.00027690374,0.1983765,-0.16640425,0.0114339447021484,14.832504208882654,0,0,0,0
29.426291084289588,42.18965,0.19804217,-0.042235553,-0.19661942,10452.4,-0.24027772,0.001783842,0.2064066,-0.42235553,0.0109315586090087,14.32123548719621,0,0,0,0
29.507907485961937,45.7461,0.09363884,0.029650155,-0.14702585,12751.35,-0.063988686,0.00087913166,0.09086243,0.29650155,0.0105171871185302,14.82529443105065,0,0,0,0
29.383197085062704,45.85719,0.08976383,0.03792282,-0.1368577,13587.4,-0.051841013,0.00143814,0.08635973,0.3792282,0.0116676606072319,14.912640349070244,0,0,0,0
29.214689826965355,44.13109,0.10052356,0.028439369,-0.14361608,13822.3,-0.07208419,0.0008087977,0.097664736,0.28439369,0.0111927111943562,15.171249326070182,0,0,0,0
29.40596796671552,44.23192,0.08760272,0.0491601,-0.1384123,14503.45,-0.038442623,0.0024167155,0.083296165,0.4916009999999999,0.011005474726359,14.555287297566757,0,0,0,0
28.967117881774925,44.17894,0.105437525,0.033946026,-0.15040329,13904.6,-0.071491495,0.0011523328,0.10185834,0.3394602599999999,0.0105637062920464,14.902815755208335,0,0,0,0
29.507907485961937,44.97021,0.08478052,0.04810639,-0.1459324,13248.5,-0.036674127,0.0023142248,0.08070204,0.4810639,0.0105171871185302,14.82529443105065,0,0,0,0
29.3144397099813,44.927486,0.083908685,0.038512208,-0.14417705,13452.45,-0.045396473,0.0014831901,0.080677174,0.38512208,0.011785807079739,14.98104512956408,0,0,0,0
28.81987374623617,43.05954,0.11846919,0.042739235,-0.15840754,12524.15,-0.07572995,0.0018266423,0.113405906,0.42739235,0.0110777473449707,15.02515818277996,0,0,0,0
28.775239880879724,42.823696,0.107077494,0.05599455,-0.15244198,12747.1,-0.051082943,0.0031353899,0.10108174,0.5599455,0.0100396521886189,15.071497853597007,0,0,0,0
28.87584997812908,42.751915,0.10144777,0.06561995,-0.14179666,12397.45,-0.035827816,0.004305979,0.09479077,0.6561994999999999,0.0109853935241699,15.018158531188988,0,0,0,0
29.3144397099813,42.856167,0.10682874,0.058523282,-0.14602712,12456.95,-0.04830546,0.0034249746,0.10057677,0.58523282,0.011785807079739,14.98104512956408,0,0,0,0
28.71447588602703,42.326374,0.12309313,0.04148,-0.15691662,12467.1,-0.08161313,0.0017205904,0.11798722,0.4148,0.0101193030675252,15.129899597167991,0,0,0,0
29.507907485961937,42.169144,0.15404902,0.0231924,-0.17885944,11797.35,-0.13085663,0.00053788745,0.15047626,0.231924,0.0105171871185302,14.82529443105065,0,0,0,0
28.81987374623617,42.357136,0.13214853,0.041684177,-0.16660699,12685.0,-0.09046435,0.0017375705,0.12664002,0.41684177,0.0110777473449707,15.02515818277996,0,0,0,0
28.87584997812908,42.169144,0.15444711,0.028646216,-0.17764308,11953.55,-0.1258009,0.0008206057,0.15002277,0.2864621599999999,0.0109853935241699,15.018158531188988,0,0,0,0
29.21082426706954,42.65792,0.06381175,0.08207431,-0.09844106,15197.7,0.018262554,0.0067361915,0.058574446,0.8207431,0.0117545138465033,14.92827011744184,0,0,0,0
29.498190180460654,42.328083,0.08673298,0.06963927,-0.12053223,14958.65,-0.017093712,0.004849628,0.08069296,0.6963927000000001,0.0103383498390515,14.389676666259788,0,0,0,0
28.81987374623617,42.02559,0.13397652,0.018564226,-0.15736182,13923.6,-0.115412295,0.0003446305,0.13148935,0.18564226,0.0110777473449707,15.02515818277996,0,0,0,0
29.21082426706954,41.630806,0.16228141,0.008638684,-0.17960154,11677.15,-0.15364273,7.4626856e-05,0.16087951,0.08638684,0.0117545138465033,14.92827011744184,0,0,0,0
29.48794962565105,42.789516,0.13389441,0.04123851,-0.15951891,11933.35,-0.092655905,0.0017006147,0.1283728,0.4123851,0.0105528926849365,14.545388793945335,0,0,0,0
29.40596796671552,43.62522,0.118003674,0.03823538,-0.14207017,12521.75,-0.07976829,0.0014619443,0.11349176,0.3823537999999999,0.011005474726359,14.555287297566757,0,0,0,0
29.507907485961937,42.14351,0.16344583,-0.0047156643,-0.18253653,12229.0,-0.1681615,2.2237491e-05,0.1642166,-0.047156643,0.0105171871185302,14.82529443105065,0,0,0,0
29.48794962565105,40.870296,0.19998617,-0.044759497,-0.20890948,11758.95,-0.24474567,0.0020034125,0.20893745,-0.44759497,0.0105528926849365,14.545388793945335,0,0,0,0
29.437518374125176,41.38129,0.1656432,-0.004320245,-0.19573534,12881.45,-0.16996345,1.8664517e-05,0.16635881,-0.04320245,0.0114339447021484,14.832504208882654,0,0,0,0
29.478845055898063,40.856625,0.17061996,-0.026424877,-0.20244314,12517.3,-0.19704483,0.0006982742,0.17512858,-0.26424877,0.0112010693550109,14.937810198466025,0,0,0,0
29.214689826965355,40.080734,0.17725825,-0.031247044,-0.18459226,11572.55,-0.20850529,0.00097637775,0.18279704,-0.31247044,0.0111927111943562,15.171249326070182,0,0,0,0
29.425578371683784,39.43131,0.1185559,-0.05105105,-0.1043412,10208.55,-0.16960695,0.0026062098,0.12460831,-0.5105105,0.0115013901392618,14.729311084747335,0,0,0,0
28.81987374623617,43.071503,0.104559995,0.021292504,-0.12553291,12452.8,-0.083267495,0.00045337068,0.10233365,0.21292504,0.0110777473449707,15.02515818277996,0,0,0,0
29.425578371683784,49.415348,0.028575096,0.10162556,-0.05839428,14371.55,0.07305046,0.010327755,0.025671136,1.0162556,0.0115013901392618,14.729311084747335,0,0,0,0
29.3144397099813,49.587955,0.039166518,0.08609234,-0.07194233,14074.05,0.04692582,0.0074118907,0.035794582,0.8609234,0.011785807079739,14.98104512956408,0,0,0,0
29.63563849131268,48.32158,0.032310788,0.102512605,-0.068653606,14482.0,0.070201814,0.010508834,0.028998524,1.02512605,0.0094514126247829,14.539032554626488,0,0,0,0
28.81987374623617,44.59765,0.07854865,0.0420888,-0.10768579,13921.45,-0.036459852,0.001771467,0.07524263,0.420888,0.0110777473449707,15.02515818277996,0,0,0,0
28.887657101949088,42.33492,0.1701936,-0.030798486,-0.18310392,12251.85,-0.20099208,0.0009485467,0.1754353,-0.30798486,0.0088965702056884,14.813097466362876,0,0,0,0
29.478845055898063,41.67182,0.13316968,0.03751548,-0.15586933,11567.55,-0.0956542,0.0014074113,0.12817375,0.3751547999999999,0.0112010693550109,14.937810198466025,0,0,0,0
29.234214401245158,40.87884,0.1857312,-0.011292195,-0.19953506,11598.75,-0.1970234,0.00012751366,0.18782851,-0.11292195,0.0105792490641276,15.068183570437984,0,0,0,0
29.587538973490425,38.805813,0.23042138,-0.064051665,-0.22880065,11642.5,-0.29447305,0.004102616,0.24518025,-0.6405166499999999,0.011531532605489,14.80689392089846,0,0,0,0
28.81987374623617,38.640038,0.20689957,-0.053257685,-0.20983848,11633.65,-0.26015726,0.002836381,0.21791856,-0.53257685,0.0110777473449707,15.02515818277996,0,0,0,0
29.425578371683784,40.049973,0.074373156,0.046900954,-0.10404233,15128.9,-0.027472198,0.0021996996,0.07088498,0.46900954,0.0115013901392618,14.729311084747335,0,0,0,0
29.437518374125176,40.78314,0.0684391,0.08144708,-0.09904313,14648.2,0.013007975,0.0066336268,0.06286494,0.8144708,0.0114339447021484,14.832504208882654,0,0,0,0
28.967117881774925,40.87884,0.1665491,-0.014711129,-0.19196795,12541.75,-0.18126023,0.00021641729,0.16899922,-0.14711129,0.0105637062920464,14.902815755208335,0,0,0,0
29.425578371683784,40.70794,0.1932178,-0.034011718,-0.19927756,11555.4,-0.22722952,0.0011567969,0.19978948,-0.34011718,0.0115013901392618,14.729311084747335,0,0,0,0
28.967117881774925,41.811962,0.23095015,-0.0449817,-0.22818711,11727.15,-0.27593184,0.0020233532,0.24133869,-0.449817,0.0105637062920464,14.902815755208335,0,0,0,0
28.967117881774925,42.669884,0.18805023,-0.01117455,-0.19060521,12250.75,-0.19922477,0.00012487057,0.1901516,-0.1117455,0.0105637062920464,14.902815755208335,0,0,0,0
29.48794962565105,42.671593,0.10215285,0.032805856,-0.12679103,14213.7,-0.06934699,0.0010762241,0.098801635,0.32805856,0.0105528926849365,14.545388793945335,0,0,0,0
28.775239880879724,40.807064,0.18649967,-0.022678472,-0.1999931,11999.5,-0.20917815,0.00051431305,0.1907292,-0.22678472,0.0100396521886189,15.071497853597007,0,0,0,0
29.234214401245158,41.097595,0.18391855,-0.016319657,-0.19184077,12205.7,-0.2002382,0.0002663312,0.18692003,-0.16319657,0.0105792490641276,15.068183570437984,0,0,0,0
29.425578371683784,40.95062,0.2225861,-0.06695541,-0.23227958,11790.5,-0.28954148,0.0044830265,0.23748943,-0.6695541,0.0115013901392618,14.729311084747335,0,0,0,0
29.489220873514853,42.020462,0.19585563,-0.032671746,-0.20421506,11837.8,-0.22852738,0.001067443,0.20225458,-0.32671746,0.0117224762174818,14.637499321831626,0,0,0,0
29.3144397099813,43.671364,0.11568948,0.025100786,-0.14922327,14062.0,-0.09058869,0.0006300495,0.11278558,0.2510078599999999,0.011785807079739,14.98104512956408,0,0,0,0
29.0171795845032,43.944805,0.122280814,0.020891659,-0.15027106,13208.75,-0.101389155,0.0004364614,0.119726166,0.20891659,0.0095214568244086,14.8354873021444,0,0,0,0
29.40596796671552,42.717735,0.12219827,0.026265029,-0.14967722,12789.45,-0.095933236,0.00068985176,0.11898872,0.26265029,0.011005474726359,14.555287297566757,0,0,0,0
28.77436933517457,41.91792,0.20354496,-0.030785205,-0.2089537,11939.8,-0.23433016,0.00094772887,0.20981114,-0.30785205,0.0096894741058349,14.974113559722907,0,0,0,0
29.3144397099813,41.91963,0.15782623,-0.002416999,-0.18088284,12166.95,-0.16024323,5.8418846e-06,0.1582077,-0.02416999,0.011785807079739,14.98104512956408,0,0,0,0
29.40596796671552,42.521202,0.14979875,-0.004192961,-0.17076784,12966.25,-0.15399171,1.7580922e-05,0.15042685,-0.04192961,0.011005474726359,14.555287297566757,0,0,0,0
29.507907485961937,42.95358,0.1416356,0.008321233,-0.167494,13059.9,-0.13331436,6.9242924e-05,0.140457,0.08321233,0.0105171871185302,14.82529443105065,0,0,0,0
29.21082426706954,42.751915,0.2173899,-0.044874024,-0.22552568,12349.0,-0.26226392,0.002013678,0.22714506,-0.44874024,0.0117545138465033,14.92827011744184,0,0,0,0
29.383197085062704,42.62887,0.1777218,0.016297594,-0.19387072,12196.25,-0.1614242,0.00026561154,0.17482536,0.1629759399999999,0.0116676606072319,14.912640349070244,0,0,0,0
28.87584997812908,41.62568,0.23278019,-0.073621124,-0.23373479,12046.1,-0.3064013,0.00542007,0.24991773,-0.7362112399999999,0.0109853935241699,15.018158531188988,0,0,0,0
29.3144397099813,41.10614,0.19841433,-0.029292632,-0.2105145,11894.2,-0.22770695,0.00085805834,0.2042264,-0.2929263199999999,0.011785807079739,14.98104512956408,0,0,0,0
29.234214401245158,41.218933,0.18292244,-0.023991384,-0.19606058,12568.1,-0.20691381,0.0005755865,0.187311,-0.23991384,0.0105792490641276,15.068183570437984,0,0,0,0
29.234214401245158,40.742123,0.19608432,-0.04800937,-0.20862241,12168.9,-0.2440937,0.0023048993,0.20549822,-0.4800937,0.0105792490641276,15.068183570437984,0,0,0,0
29.63563849131268,40.470387,0.20129289,-0.036898203,-0.20981555,12239.6,-0.2381911,0.0013614775,0.20872024,-0.3689820299999999,0.0094514126247829,14.539032554626488,0,0,0,0
28.87584997812908,41.26166,0.1710229,-0.014432629,-0.18610372,12303.4,-0.18545553,0.00020830076,0.17349121,-0.14432629,0.0109853935241699,15.018158531188988,0,0,0,0
29.234214401245158,41.50605,0.20105766,-0.03673792,-0.21350162,11928.9,-0.23779558,0.0013496747,0.2084441,-0.3673792,0.0105792490641276,15.068183570437984,0,0,0,0
28.81987374623617,40.84979,0.19644311,-0.02596042,-0.20445538,12024.1,-0.22240354,0.0006739434,0.20154287,-0.2596042,0.0110777473449707,15.02515818277996,0,0,0,0
28.887657101949088,40.497734,0.21030116,-0.024766067,-0.21390748,11940.8,-0.23506722,0.00061335805,0.21550949,-0.24766067,0.0088965702056884,14.813097466362876,0,0,0,0
29.40596796671552,40.44988,0.15249825,0.015035785,-0.17726979,11879.9,-0.13746245,0.00022607483,0.15020531,0.15035785,0.011005474726359,14.555287297566757,0,0,0,0
28.711374537150107,40.757504,0.15720081,-0.004607754,-0.18936762,12197.3,-0.16180857,2.1231397e-05,0.15792516,-0.04607754,0.0099601470099555,15.083465194702171,0,0,0,0
29.21082426706954,41.543648,0.17935565,-0.02719608,-0.19549793,12395.15,-0.20655173,0.00073962676,0.18423343,-0.2719608,0.0117545138465033,14.92827011744184,0,0,0,0
29.425578371683784,42.374226,0.1668677,-0.0025411337,-0.19577365,12406.65,-0.16940883,6.4573605e-06,0.16729173,-0.025411337,0.0115013901392618,14.729311084747335,0,0,0,0
29.53638579050701,44.052475,0.12433638,0.015189504,-0.15552895,12734.65,-0.10914688,0.00023072104,0.122447774,0.1518950399999999,0.0099408562978108,14.67159852981571,0,0,0,0
29.48794962565105,44.508778,0.12247707,0.001740413,-0.1488661,12917.05,-0.12073666,3.0290373e-06,0.12226391,0.01740413,0.0105528926849365,14.545388793945335,0,0,0,0
29.498190180460654,44.103745,0.052118,0.041617513,-0.075156964,15095.15,-0.010500486,0.0017320175,0.04994898,0.41617513,0.0103383498390515,14.389676666259788,0,0,0,0
29.489220873514853,44.380604,0.0746104,0.020365233,-0.099391,13330.4,-0.054245163,0.0004147427,0.07309093,0.20365233,0.0117224762174818,14.637499321831626,0,0,0,0
28.87584997812908,42.62716,0.15712148,-0.013150165,-0.1706553,12203.85,-0.17027164,0.00017292684,0.15918764,-0.13150165,0.0109853935241699,15.018158531188988,0,0,0,0
28.967117881774925,43.07663,0.15174976,-0.010477902,-0.16838065,12118.9,-0.16222766,0.00010978643,0.15333977,-0.10477902,0.0105637062920464,14.902815755208335,0,0,0,0
29.3144397099813,43.459446,0.13013555,0.041493036,-0.12819436,11597.65,-0.08864251,0.001721672,0.124735825,0.4149303599999999,0.011785807079739,14.98104512956408,0,0,0,0
28.71447588602703,42.03755,0.119216114,-0.029578688,-0.13336518,11964.7,-0.1487948,0.00087489875,0.12274237,-0.29578688,0.0101193030675252,15.129899597167991,0,0,0,0
29.21082426706954,40.890804,0.20991914,-0.09234169,-0.19899796,10280.05,-0.30226085,0.008526987,0.22930343,-0.9234169,0.0117545138465033,14.92827011744184,0,0,0,0
29.234214401245158,42.994595,0.08892177,-0.010620376,-0.10465745,11351.85,-0.09954215,0.0001127924,0.089866154,-0.10620376,0.0105792490641276,15.068183570437984,0,0,0,0
29.25716981887821,42.96896,0.17523733,-0.03392677,-0.18569103,11977.45,-0.20916411,0.0011510259,0.18118258,-0.3392677,0.0098183250427246,14.7552871068319,0,0,0,0
29.214689826965355,43.068085,0.12690283,-0.011308,-0.14834476,12184.95,-0.13821083,0.00012787088,0.12833786,-0.11308,0.0111927111943562,15.171249326070182,0,0,0,0
28.887657101949088,43.64402,0.097607605,0.006919121,-0.12043744,12764.05,-0.09068848,4.7874237e-05,0.09693225,0.06919121,0.0088965702056884,14.813097466362876,0,0,0,0
29.478845055898063,42.65963,0.13514002,-0.01446044,-0.1476932,11901.95,-0.14960046,0.00020910431,0.1370942,-0.1446044,0.0112010693550109,14.937810198466025,0,0,0,0
28.71447588602703,42.07686,0.14596301,-0.026479851,-0.15507983,11948.55,-0.17244287,0.0007011825,0.14982809,-0.26479851,0.0101193030675252,15.129899597167991,0,0,0,0
29.25716981887821,41.275333,0.22779153,-0.014078709,-0.22965059,11985.75,-0.24187024,0.00019821005,0.23099855,-0.14078709,0.0098183250427246,14.7552871068319,0,0,0,0
29.13729852040612,40.86688,0.1954086,-0.033091012,-0.20459214,11916.9,-0.2284996,0.0010950151,0.20187487,-0.33091012,0.0113369719187418,14.88310012817385,0,0,0,0
29.498190180460654,40.695976,0.23003522,-0.058747984,-0.2309108,11513.15,-0.2887832,0.0034513257,0.24354933,-0.5874798400000001,0.0103383498390515,14.389676666259788,0,0,0,0
29.437518374125176,41.077087,0.22301166,-0.05424939,-0.22567365,11939.8,-0.27726105,0.0029429963,0.2351099,-0.5424939,0.0114339447021484,14.832504208882654,0,0,0,0
29.383197085062704,41.565865,0.11295797,-0.010527719,-0.12609753,11954.35,-0.123485684,0.00011083286,0.11414716,-0.1052771899999999,0.0116676606072319,14.912640349070244,0,0,0,0
29.383197085062704,41.473576,0.09501239,-0.0031744987,-0.112083584,12334.0,-0.09818689,1.0077442e-05,0.095314,-0.0317449869999999,0.0116676606072319,14.912640349070244,0,0,0,0
29.437518374125176,42.09395,0.15023634,-0.019051295,-0.17246029,12925.45,-0.16928762,0.0003629518,0.15309852,-0.19051295,0.0114339447021484,14.832504208882654,0,0,0,0
29.425578371683784,42.131546,0.109996796,0.0023652753,-0.13230546,12210.5,-0.10763153,5.594527e-06,0.10973663,0.023652753,0.0115013901392618,14.729311084747335,0,0,0,0
28.87584997812908,41.78462,0.0901591,0.002821903,-0.11382632,12705.6,-0.0873372,7.963136e-06,0.08990468,0.02821903,0.0109853935241699,15.018158531188988,0,0,0,0
29.21082426706954,41.499214,0.064896226,0.0091198655,-0.08902974,12513.8,-0.055776358,8.317195e-05,0.06430438,0.0911986549999999,0.0117545138465033,14.92827011744184,0,0,0,0
28.967117881774925,41.577827,0.16289952,-0.027199265,-0.17527466,12883.55,-0.19009879,0.00073980005,0.16733028,-0.27199265,0.0105637062920464,14.902815755208335,0,0,0,0
29.507907485961937,43.168915,0.20323145,-0.032370552,-0.21213545,12165.65,-0.235602,0.0010478527,0.20981017,-0.3237055199999999,0.0105171871185302,14.82529443105065,0,0,0,0
29.40596796671552,43.64573,0.17698705,-0.010639811,-0.19634949,12407.5,-0.18762685,0.00011320558,0.17887016,-0.10639811,0.011005474726359,14.555287297566757,0,0,0,0
29.507907485961937,43.958477,0.14467365,0.00073107047,-0.1649013,12372.45,-0.14394258,5.3446405e-07,0.14456788,0.0073107047,0.0105171871185302,14.82529443105065,0,0,0,0
28.71447588602703,43.601295,0.16713314,-0.009956645,-0.17443761,12245.7,-0.17708978,9.9134784e-05,0.16879722,-0.09956645,0.0101193030675252,15.129899597167991,0,0,0,0
29.40596796671552,43.82176,0.17818081,-0.025394231,-0.18957828,11893.55,-0.20357504,0.00064486696,0.18270557,-0.25394231,0.011005474726359,14.555287297566757,0,0,0,0
28.967117881774925,44.29686,0.07928022,0.015788049,-0.10359242,12751.0,-0.06349218,0.00024926246,0.078028545,0.1578804899999999,0.0105637062920464,14.902815755208335,0,0,0,0
29.48794962565105,44.771965,0.08026357,0.015743757,-0.10647999,12674.9,-0.064519815,0.0002478659,0.07899992,0.15743757,0.0105528926849365,14.545388793945335,0,0,0,0
29.507907485961937,44.64721,0.090522766,0.031759147,-0.117806934,12520.95,-0.05876362,0.0010086435,0.08764784,0.31759147,0.0105171871185302,14.82529443105065,0,0,0,0
29.234214401245158,44.842037,0.08150306,0.021642204,-0.10528154,12372.55,-0.059860863,0.000468385,0.07973916,0.21642204,0.0105792490641276,15.068183570437984,0,0,0,0
29.425578371683784,44.199448,0.08963747,0.01850857,-0.11327757,12228.9,-0.071128905,0.0003425672,0.087978415,0.1850857,0.0115013901392618,14.729311084747335,0,0,0,0
28.71447588602703,43.864483,0.13405468,-0.013417365,-0.15630914,11483.65,-0.14747204,0.00018002567,0.13585334,-0.13417365,0.0101193030675252,15.129899597167991,0,0,0,0
29.425578371683784,43.28171,0.16486321,-0.021805134,-0.17606777,12010.85,-0.18666835,0.00047546386,0.16845807,-0.21805134,0.0115013901392618,14.729311084747335,0,0,0,0
29.214689826965355,42.751915,0.16468567,-0.016537936,-0.1784266,12067.95,-0.18122362,0.00027350336,0.16740924,-0.16537936,0.0111927111943562,15.171249326070182,0,0,0,0
29.383197085062704,41.273624,0.20571315,-0.032301232,-0.22266811,12052.7,-0.23801437,0.0010433695,0.21235794,-0.32301232,0.0116676606072319,14.912640349070244,0,0,0,0
28.967117881774925,41.112976,0.12896208,0.03625818,-0.16246209,12607.8,-0.0927039,0.0013146555,0.124286145,0.3625818,0.0105637062920464,14.902815755208335,0,0,0,0
29.425578371683784,40.854916,0.2085304,-0.028270913,-0.21450265,11862.65,-0.23680131,0.0007992445,0.21442574,-0.28270913,0.0115013901392618,14.729311084747335,0,0,0,0
28.967117881774925,41.526558,0.23023732,-0.042642165,-0.2336237,11452.5,-0.27287948,0.0018183542,0.24005514,-0.42642165,0.0105637062920464,14.902815755208335,0,0,0,0
28.81987374623617,41.758984,0.2233265,-0.035725128,-0.22274186,11782.4,-0.25905162,0.0012762848,0.23130487,-0.35725128,0.0110777473449707,15.02515818277996,0,0,0,0
29.40596796671552,42.187943,0.22771417,-0.043363996,-0.22607398,11546.35,-0.27107817,0.0018804361,0.23758876,-0.43363996,0.011005474726359,14.555287297566757,0,0,0,0
29.437518374125176,43.167206,0.18537146,-0.01931589,-0.19884618,12170.8,-0.20468734,0.0003731036,0.18895207,-0.1931589,0.0114339447021484,14.832504208882654,0,0,0,0
29.234214401245158,42.86471,0.15836616,-0.012906273,-0.17478439,12002.3,-0.17127243,0.00016657189,0.16041006,-0.12906273,0.0105792490641276,15.068183570437984,0,0,0,0
29.21082426706954,41.377872,0.20265827,-0.04906363,-0.20886043,11825.15,-0.2517219,0.00240724,0.21260141,-0.4906362999999999,0.0117545138465033,14.92827011744184,0,0,0,0
29.3144397099813,41.895702,0.18970764,-0.02306009,-0.20056026,11556.75,-0.21276772,0.0005317678,0.1940823,-0.2306009,0.011785807079739,14.98104512956408,0,0,0,0
29.13729852040612,42.74166,0.12967727,0.026597317,-0.15987042,12369.5,-0.103079945,0.00070741726,0.1262282,0.26597317,0.0113369719187418,14.88310012817385,0,0,0,0
29.25716981887821,41.989697,0.11336803,0.0288535,-0.14273861,12777.65,-0.08451453,0.00083252444,0.11009696,0.288535,0.0098183250427246,14.7552871068319,0,0,0,0
28.967117881774925,41.704292,0.1463849,-0.00657491,-0.16756207,12657.15,-0.1529598,4.3229444e-05,0.14734736,-0.0657491,0.0105637062920464,14.902815755208335,0,0,0,0
29.437518374125176,41.716255,0.15390271,0.006653125,-0.17805398,12191.35,-0.14724958,4.426407e-05,0.15287878,0.06653125,0.0114339447021484,14.832504208882654,0,0,0,0
29.383197085062704,41.704292,0.13779438,0.011439955,-0.16666387,12835.6,-0.12635441,0.00013087256,0.13621801,0.11439955,0.0116676606072319,14.912640349070244,0,0,0,0
29.13729852040612,40.566093,0.2576201,-0.11878102,-0.25490928,11489.5,-0.3764011,0.014108931,0.28822047,-1.1878102,0.0113369719187418,14.88310012817385,0,0,0,0
29.48794962565105,40.728447,0.23237062,-0.07768545,-0.23131661,11675.55,-0.31005606,0.00603503,0.25042242,-0.7768545,0.0105528926849365,14.545388793945335,0,0,0,0
28.711374537150107,41.13861,0.21316008,-0.05692992,-0.22052424,12343.15,-0.27009,0.003241016,0.22529526,-0.5692992,0.0099601470099555,15.083465194702171,0,0,0,0
28.863900438944512,41.078796,0.17487906,-0.029896408,-0.18733086,12021.9,-0.20477547,0.00089379516,0.18010731,-0.2989640799999999,0.0106722672780354,15.035710430145286,0,0,0,0
29.3144397099813,40.289234,0.13622077,0.011419299,-0.15537527,12331.1,-0.12480147,0.00013040038,0.13466522,0.11419299,0.011785807079739,14.98104512956408,0,0,0,0
29.383197085062704,39.856853,0.13145308,0.0023124246,-0.15513496,12898.0,-0.12914065,5.3473073e-06,0.1311491,0.023124246,0.0116676606072319,14.912640349070244,0,0,0,0
29.214689826965355,39.480873,0.23626195,-0.061361905,-0.23262614,11665.05,-0.29762387,0.0037652836,0.25075945,-0.61361905,0.0111927111943562,15.171249326070182,0,0,0,0
28.863900438944512,39.47062,0.19885889,-0.05811008,-0.20422141,11752.7,-0.25696898,0.0033767812,0.2104146,-0.5811008,0.0106722672780354,15.035710430145286,0,0,0,0
29.21082426706954,40.116623,0.19781484,-0.050288443,-0.20558345,12058.5,-0.24810328,0.0025289275,0.20776263,-0.50288443,0.0117545138465033,14.92827011744184,0,0,0,0
29.63563849131268,40.668633,0.17558956,-0.030612398,-0.18263814,12138.35,-0.20620196,0.00093711895,0.18096478,-0.3061239799999999,0.0094514126247829,14.539032554626488,0,0,0,0
29.40596796671552,40.34392,0.20922446,-0.060352568,-0.21522833,12409.6,-0.26957703,0.0036424324,0.2218517,-0.6035256800000001,0.011005474726359,14.555287297566757,0,0,0,0
29.498190180460654,41.31464,0.16199885,-0.020072544,-0.18801913,13298.25,-0.1820714,0.00040290706,0.16525058,-0.20072544,0.0103383498390515,14.389676666259788,0,0,0,0
28.77436933517457,41.52314,0.121155076,0.015184632,-0.15076871,12989.05,-0.10597044,0.00023057303,0.11931538,0.15184632,0.0096894741058349,14.974113559722907,0,0,0,0
29.437518374125176,40.894222,0.11593397,0.036356814,-0.14292325,12373.8,-0.079577155,0.0013218181,0.11171898,0.36356814,0.0114339447021484,14.832504208882654,0,0,0,0
28.81987374623617,40.530205,0.13678539,0.007692978,-0.16364256,12690.8,-0.12909241,5.9181904e-05,0.13573311,0.07692978,0.0110777473449707,15.02515818277996,0,0,0,0
28.967117881774925,41.324894,0.13390227,0.020263053,-0.15888207,12515.9,-0.11363921,0.00041059137,0.131189,0.20263053,0.0105637062920464,14.902815755208335,0,0,0,0
29.437518374125176,41.0224,0.16333133,-0.008836247,-0.17699264,12528.0,-0.17216758,7.807927e-05,0.16477457,-0.08836247,0.0114339447021484,14.832504208882654,0,0,0,0
28.967117881774925,43.31589,0.12501626,0.026441632,-0.15563124,13039.0,-0.09857462,0.00069915986,0.12171062,0.26441632,0.0105637062920464,14.902815755208335,0,0,0,0
29.383197085062704,43.474827,0.13019167,0.032498054,-0.1579238,12586.9,-0.097693615,0.0010561235,0.1259607,0.32498054,0.0116676606072319,14.912640349070244,0,0,0,0
29.3144397099813,43.02194,0.09075602,0.036637466,-0.1269294,14171.15,-0.054118555,0.0013423038,0.08743095,0.36637466,0.011785807079739,14.98104512956408,0,0,0,0
29.48794962565105,40.77801,0.20520324,-0.0500539,-0.20942953,12172.85,-0.25525713,0.0025053928,0.21547446,-0.500539,0.0105528926849365,14.545388793945335,0,0,0,0
29.48794962565105,40.34563,0.16131848,-0.016317839,-0.18031557,12402.7,-0.17763631,0.00026627185,0.16395085,-0.16317839,0.0105528926849365,14.545388793945335,0,0,0,0
29.587538973490425,40.784847,0.09614816,0.039013308,-0.13309366,12455.75,-0.05713485,0.0015220382,0.0923971,0.3901330799999999,0.011531532605489,14.80689392089846,0,0,0,0
29.40596796671552,41.596626,0.106109105,0.043056216,-0.13960499,12537.2,-0.063052885,0.0018538379,0.10154045,0.43056216,0.011005474726359,14.555287297566757,0,0,0,0
29.0171795845032,42.3503,0.14356074,0.020466335,-0.17644642,12532.8,-0.123094395,0.0004188709,0.14062257,0.20466335,0.0095214568244086,14.8354873021444,0,0,0,0
28.77436933517457,41.936718,0.15011247,0.011273295,-0.18086635,12464.35,-0.13883917,0.00012708719,0.14842021,0.11273295,0.0096894741058349,14.974113559722907,0,0,0,0
29.437518374125176,43.4509,0.10177196,0.077870615,-0.14178547,12549.75,-0.023901343,0.006063833,0.09384692,0.7787061500000001,0.0114339447021484,14.832504208882654,0,0,0,0
29.426291084289588,43.28171,0.09837477,0.07328269,-0.13898559,12533.3,-0.02509208,0.005370352,0.0911656,0.7328269,0.0109315586090087,14.32123548719621,0,0,0,0
29.25716981887821,42.748497,0.10436458,0.06808359,-0.14726232,12657.8,-0.036280993,0.004635375,0.09725907,0.6808358999999999,0.0098183250427246,14.7552871068319,0,0,0,0
29.214689826965355,42.509235,0.10769231,0.066094615,-0.1474606,12659.4,-0.04159769,0.0043684985,0.10057443,0.66094615,0.0111927111943562,15.171249326070182,0,0,0,0
28.81987374623617,42.167435,0.101910934,0.07640202,-0.14658117,12702.65,-0.025508914,0.0058372687,0.094124734,0.7640202,0.0110777473449707,15.02515818277996,0,0,0,0
29.507907485961937,41.735054,0.10313239,0.065785736,-0.1480104,12723.25,-0.037346657,0.004327763,0.09634775,0.65785736,0.0105171871185302,14.82529443105065,0,0,0,0
29.234214401245158,41.07025,0.08160063,0.06088007,-0.117592864,12296.4,-0.02072056,0.0037063826,0.076632775,0.6088007,0.0105792490641276,15.068183570437984,0,0,0,0
28.81987374623617,40.215744,0.10036531,0.036022507,-0.13436139,12482.65,-0.064342804,0.001297621,0.0967499,0.36022507,0.0110777473449707,15.02515818277996,0,0,0,0
29.437518374125176,39.68595,0.09247585,0.042391844,-0.12769456,12684.3,-0.050084002,0.0017970684,0.08855563,0.42391844,0.0114339447021484,14.832504208882654,0,0,0,0
29.383197085062704,39.110016,0.10537297,0.033868983,-0.13494214,12130.35,-0.07150399,0.0011471079,0.10180409,0.3386898299999999,0.0116676606072319,14.912640349070244,0,0,0,0
29.40596796671552,38.906643,0.10999327,0.050240215,-0.13788721,12191.4,-0.059753057,0.002524079,0.10446718,0.50240215,0.011005474726359,14.555287297566757,0,0,0,0
29.498190180460654,38.53408,0.115558445,0.041319065,-0.1448734,12191.85,-0.07423938,0.0017072653,0.11078368,0.41319065,0.0103383498390515,14.389676666259788,0,0,0,0
28.87584997812908,38.628075,0.10703202,0.05094328,-0.14047486,12200.1,-0.05608874,0.002595218,0.10157946,0.5094328,0.0109853935241699,15.018158531188988,0,0,0,0
29.13729852040612,39.337315,0.11566688,-0.017940974,-0.13150762,10971.1,-0.13360785,0.00032187853,0.117742054,-0.1794097399999999,0.0113369719187418,14.88310012817385,0,0,0,0
28.77436933517457,39.75944,0.13142104,-0.0036838092,-0.15500112,11697.3,-0.13510485,1.35704495e-05,0.13190517,-0.036838092,0.0096894741058349,14.974113559722907,0,0,0,0
28.87584997812908,39.981613,0.11860223,0.0016523235,-0.1256574,11394.0,-0.11694991,2.7301733e-06,0.11840626,0.016523235,0.0109853935241699,15.018158531188988,0,0,0,0
28.87584997812908,40.530205,0.11357341,0.032453418,-0.13725132,12142.15,-0.08111999,0.0010532242,0.10988756,0.32453418,0.0109853935241699,15.018158531188988,0,0,0,0
28.81987374623617,40.72332,0.10711524,0.035835106,-0.14366126,12238.5,-0.07128013,0.0012841548,0.10327675,0.35835106,0.0110777473449707,15.02515818277996,0,0,0,0
29.40596796671552,39.629555,0.11584608,0.026878417,-0.14260757,11616.25,-0.088967666,0.0007224493,0.11273232,0.26878417,0.011005474726359,14.555287297566757,0,0,0,0
29.21082426706954,39.29459,0.12483745,0.030510586,-0.15318385,11813.6,-0.09432687,0.0009308958,0.12102859,0.30510586,0.0117545138465033,14.92827011744184,0,0,0,0
28.711374537150107,39.239902,0.12005999,0.03041926,-0.15145676,12506.95,-0.08964073,0.00092533143,0.11640785,0.3041926,0.0099601470099555,15.083465194702171,0,0,0,0
29.587538973490425,39.36466,0.12457624,0.01638628,-0.16050155,11881.3,-0.10818996,0.00026851014,0.1225349,0.1638628,0.011531532605489,14.80689392089846,0,0,0,0
29.0171795845032,38.963043,0.11462396,0.050666507,-0.16303657,12093.8,-0.063957445,0.002567095,0.10881636,0.5066650699999999,0.0095214568244086,14.8354873021444,0,0,0,0
29.0171795845032,39.233067,0.09453124,0.049050804,-0.12654102,12296.45,-0.045480434,0.0024059813,0.08989441,0.49050804,0.0095214568244086,14.8354873021444,0,0,0,0
29.507907485961937,38.42812,0.16974896,-0.022292553,-0.18259695,11841.1,-0.19204152,0.0004969579,0.1735331,-0.2229255299999999,0.0105171871185302,14.82529443105065,0,0,0,0
28.863900438944512,38.50161,0.109057054,0.022276938,-0.14529005,12866.1,-0.086780116,0.0004962619,0.1066276,0.22276938,0.0106722672780354,15.035710430145286,0,0,0,0
28.81987374623617,39.12198,0.12441646,0.025635526,-0.15806152,11996.2,-0.09878094,0.00065718015,0.12122698,0.25635526,0.0110777473449707,15.02515818277996,0,0,0,0
29.489220873514853,38.417866,0.17702661,-0.027742038,-0.18642901,11536.25,-0.20476866,0.0007696206,0.1819377,-0.27742038,0.0117224762174818,14.637499321831626,0,0,0,0
28.77436933517457,38.46743,0.16038866,-0.051755544,-0.17133817,11438.55,-0.21214421,0.0026786362,0.16868967,-0.51755544,0.0096894741058349,14.974113559722907,0,0,0,0
29.214689826965355,38.590477,0.22894545,-0.09900682,-0.23257154,11488.6,-0.32795227,0.00980235,0.2516126,-0.9900682,0.0111927111943562,15.171249326070182,0,0,0,0
29.234214401245158,38.475975,0.24771582,-0.10166169,-0.2482701,11512.95,-0.3493775,0.010335099,0.27289903,-1.0166169,0.0105792490641276,15.068183570437984,0,0,0,0
29.21082426706954,37.46595,0.20325986,-0.07031765,-0.20475493,11074.6,-0.2735775,0.0049445718,0.21755262,-0.7031765,0.0117545138465033,14.92827011744184,0,0,0,0
29.234214401245158,37.835094,0.2197137,-0.09375399,-0.21878058,11344.6,-0.31346768,0.008789811,0.24031273,-0.9375399,0.0105792490641276,15.068183570437984,0,0,0,0
28.967117881774925,39.624428,0.16463318,0.0002871435,-0.18906385,11712.55,-0.16434604,8.245141e-08,0.1645859,0.002871435,0.0105637062920464,14.902815755208335,0,0,0,0
29.425578371683784,39.59025,0.17053235,-0.027209444,-0.1820699,12073.45,-0.19774179,0.0007403538,0.17517243,-0.27209444,0.0115013901392618,14.729311084747335,0,0,0,0
28.71447588602703,39.15445,0.18034971,-0.04147771,-0.18732394,12157.0,-0.22182742,0.0017204004,0.1878302,-0.4147771,0.0101193030675252,15.129899597167991,0,0,0,0
29.383197085062704,39.268955,0.22941849,-0.056661833,-0.23242301,11677.55,-0.2860803,0.0032105632,0.24241775,-0.5666183300000001,0.0116676606072319,14.912640349070244,0,0,0,0
29.21082426706954,41.31293,0.10680578,0.053014174,-0.14095682,12084.15,-0.053791605,0.0028105027,0.10114356,0.5301417399999999,0.0117545138465033,14.92827011744184,0,0,0,0
29.25716981887821,41.9521,0.11156446,0.044321753,-0.14932409,12024.95,-0.067242704,0.0019644178,0.10661972,0.4432175299999999,0.0098183250427246,14.7552871068319,0,0,0,0
28.81987374623617,41.030945,0.15381594,0.008845923,-0.18139535,12204.15,-0.14497001,7.825035e-05,0.1524553,0.08845923,0.0110777473449707,15.02515818277996,0,0,0,0
29.214689826965355,40.834408,0.11070358,0.044333182,-0.14166607,12197.2,-0.0663704,0.001965431,0.10579574,0.44333182,0.0111927111943562,15.171249326070182,0,0,0,0
28.81987374623617,41.357365,0.11980449,0.052340783,-0.15455085,12173.05,-0.0674637,0.0027395578,0.113533825,0.52340783,0.0110777473449707,15.02515818277996,0,0,0,0
29.63563849131268,41.69233,0.1096092,0.045972783,-0.14705674,12476.3,-0.063636415,0.002113497,0.10457016,0.45972783,0.0094514126247829,14.539032554626488,0,0,0,0
29.48794962565105,41.98286,0.08592328,0.049068972,-0.13044094,12715.55,-0.036854308,0.0024077639,0.08170711,0.49068972,0.0105528926849365,14.545388793945335,0,0,0,0
28.87584997812908,42.353718,0.09429869,0.044753157,-0.13999188,12678.2,-0.049545538,0.0020028448,0.090078525,0.44753157,0.0109853935241699,15.018158531188988,0,0,0,0
29.214689826965355,42.1606,0.0911617,0.05493295,-0.1392967,12824.2,-0.036228754,0.0030176286,0.08615392,0.5493295,0.0111927111943562,15.171249326070182,0,0,0,0
29.48794962565105,41.459904,0.10882036,0.05239633,-0.15041398,12614.0,-0.05642402,0.0027453755,0.10311857,0.5239633,0.0105528926849365,14.545388793945335,0,0,0,0
28.967117881774925,41.499214,0.11786755,0.050261144,-0.15817454,12673.75,-0.06760641,0.0025261824,0.111943394,0.50261144,0.0105637062920464,14.902815755208335,0,0,0,0
28.887657101949088,39.817547,0.103935175,0.056406904,-0.14917727,12238.25,-0.04752827,0.0031817385,0.098072514,0.56406904,0.0088965702056884,14.813097466362876,0,0,0,0
29.489220873514853,40.388355,0.10289047,0.031394687,-0.14029717,11936.95,-0.07149578,0.0009856262,0.099660255,0.31394687,0.0117224762174818,14.637499321831626,0,0,0,0
28.775239880879724,42.473347,0.12405945,0.044183403,-0.16950196,12383.45,-0.07987604,0.0019521733,0.118578084,0.44183403,0.0100396521886189,15.071497853597007,0,0,0,0
29.21082426706954,42.28194,0.12238533,0.044241402,-0.16767184,12374.5,-0.078143924,0.0019573015,0.11697083,0.4424140199999999,0.0117545138465033,14.92827011744184,0,0,0,0
29.53638579050701,42.326374,0.17369,0.03212435,-0.20152962,11865.1,-0.14156565,0.001031974,0.16811033,0.3212435,0.0099408562978108,14.67159852981571,0,0,0,0
29.587538973490425,41.895702,0.19213323,0.021770274,-0.22052433,11733.05,-0.17036296,0.00047394485,0.18795045,0.21770274,0.011531532605489,14.80689392089846,0,0,0,0
29.507907485961937,40.562675,0.12847087,0.021590456,-0.14779636,12136.1,-0.10688041,0.0004661478,0.12569712,0.21590456,0.0105171871185302,14.82529443105065,0,0,0,0
29.383197085062704,40.321705,0.16041641,-0.0051264837,-0.17383558,11959.15,-0.1655429,2.6280835e-05,0.16123877,-0.051264837,0.0116676606072319,14.912640349070244,0,0,0,0
29.234214401245158,40.255054,0.16551238,0.0041408474,-0.18108042,12128.15,-0.16137153,1.7146618e-05,0.16482702,0.041408474,0.0105792490641276,15.068183570437984,0,0,0,0
29.63563849131268,39.24161,0.24861208,-0.07762751,-0.242449,11977.1,-0.3262396,0.0060260305,0.2679112,-0.7762751,0.0094514126247829,14.539032554626488,0,0,0,0
28.81987374623617,39.39542,0.2248415,-0.06373011,-0.22347014,11480.2,-0.28857163,0.004061527,0.23917067,-0.6373011000000001,0.0110777473449707,15.02515818277996,0,0,0,0
28.87584997812908,39.70304,0.2287617,-0.054916866,-0.22461793,11163.7,-0.28367856,0.0030158623,0.24132457,-0.54916866,0.0109853935241699,15.018158531188988,0,0,0,0
28.887657101949088,39.995285,0.19089372,-0.02031238,-0.19713223,11577.85,-0.21120611,0.0004125928,0.19477123,-0.2031238,0.0088965702056884,14.813097466362876,0,0,0,0
29.214689826965355,38.55117,0.038659792,-0.043858107,-0.03829694,10850.0,-0.0825179,0.0019235337,0.04035534,-0.43858107,0.0111927111943562,15.171249326070182,0,0,0,0
29.425578371683784,38.93057,0.004898959,-0.04596602,-0.0039058824,10341.2,-0.05086498,0.0021128752,0.0051241447,-0.4596602,0.0115013901392618,14.729311084747335,0,0,0,0
29.425578371683784,39.5048,0.03921991,-0.008986792,-0.042856526,10895.9,-0.0482067,8.0762424e-05,0.03957237,-0.08986792,0.0115013901392618,14.729311084747335,0,0,0,0
29.53638579050701,38.214497,0.031450935,-0.032292664,-0.028551515,10247.3,-0.0637436,0.0010428161,0.03246657,-0.32292664,0.0099408562978108,14.67159852981571,0,0,0,0
29.507907485961937,39.595375,0.23387824,-0.066395074,-0.2339195,11883.9,-0.30027333,0.0044083064,0.2494066,-0.66395074,0.0105171871185302,14.82529443105065,0,0,0,0
29.25716981887821,41.082214,0.18064582,-0.03526674,-0.1936427,12078.2,-0.21591257,0.0012437429,0.1870166,-0.3526673999999999,0.0098183250427246,14.7552871068319,0,0,0,0
28.81987374623617,42.117874,0.20243576,-0.05159549,-0.22050251,12151.45,-0.25403124,0.0026620948,0.21288054,-0.5159549,0.0110777473449707,15.02515818277996,0,0,0,0
29.13729852040612,42.34859,0.18176867,-0.017855171,-0.19868702,12759.5,-0.19962384,0.00031880714,0.18501417,-0.17855171,0.0113369719187418,14.88310012817385,0,0,0,0
29.40596796671552,42.582726,0.12712194,0.011180567,-0.15383683,12594.05,-0.115941375,0.00012500507,0.12570065,0.11180567,0.011005474726359,14.555287297566757,0,0,0,0
28.81987374623617,43.085175,0.142083,0.0018333487,-0.16314758,12098.9,-0.14024965,3.361167e-06,0.14182252,0.018333487,0.0110777473449707,15.02515818277996,0,0,0,0
29.507907485961937,42.632286,0.1574993,-0.012533244,-0.17609672,11950.3,-0.17003255,0.00015708219,0.15947329,-0.12533244,0.0105171871185302,14.82529443105065,0,0,0,0
29.498190180460654,42.321247,0.13334484,0.006256533,-0.15735987,12286.6,-0.12708832,3.9144204e-05,0.13251057,0.06256533,0.0103383498390515,14.389676666259788,0,0,0,0
28.77436933517457,42.430622,0.07428925,0.026828395,-0.10402572,12926.0,-0.047460854,0.00071976276,0.07229619,0.26828395,0.0096894741058349,14.974113559722907,0,0,0,0
29.13729852040612,42.654503,0.08913984,0.0264788,-0.115003586,12291.35,-0.06266104,0.0007011269,0.08677953,0.264788,0.0113369719187418,14.88310012817385,0,0,0,0
28.77436933517457,42.645958,0.08579648,0.029979156,-0.11501811,12562.55,-0.055817325,0.00089874986,0.08322438,0.29979156,0.0096894741058349,14.974113559722907,0,0,0,0
29.53638579050701,42.64425,0.11989665,0.008181306,-0.14539629,12150.25,-0.11171535,6.693375e-05,0.11891574,0.0818130599999999,0.0099408562978108,14.67159852981571,0,0,0,0
29.507907485961937,42.312702,0.1299246,0.00865667,-0.15298179,12125.9,-0.12126792,7.493794e-05,0.12879987,0.0865667,0.0105171871185302,14.82529443105065,0,0,0,0
29.383197085062704,41.03607,0.18208449,-0.0156371,-0.20450732,11759.35,-0.19772159,0.0002445189,0.18493176,-0.156371,0.0116676606072319,14.912640349070244,0,0,0,0
28.967117881774925,41.437687,0.17032228,-0.020107076,-0.18943746,11849.65,-0.19042936,0.0004042945,0.17374697,-0.20107076,0.0105637062920464,14.902815755208335,0,0,0,0
28.863900438944512,42.25801,0.18967216,-0.024468897,-0.2088521,12339.0,-0.21414106,0.00059872697,0.19431323,-0.24468897,0.0106722672780354,15.035710430145286,0,0,0,0
29.425578371683784,41.302677,0.15299371,-0.017502481,-0.19601049,12510.2,-0.1704962,0.00030633685,0.15567148,-0.17502481,0.0115013901392618,14.729311084747335,0,0,0,0
28.87584997812908,41.4018,0.14161028,0.0034101447,-0.17455353,12743.5,-0.13820013,1.1629088e-05,0.14112736,0.034101447,0.0109853935241699,15.018158531188988,0,0,0,0
29.21082426706954,43.02023,0.14855774,0.00958915,-0.18115908,13455.4,-0.13896859,9.19518e-05,0.1471332,0.0958914999999999,0.0117545138465033,14.92827011744184,0,0,0,0
28.77436933517457,43.295383,0.11495975,0.026642693,-0.15211608,13542.9,-0.08831705,0.0007098331,0.11189691,0.26642693,0.0096894741058349,14.974113559722907,0,0,0,0
29.21082426706954,45.05566,0.10251078,0.077118024,-0.18293083,13382.3,-0.025392754,0.00594719,0.09460535,0.77118024,0.0117545138465033,14.92827011744184,0,0,0,0
29.3144397099813,44.76342,0.13003106,0.038233828,-0.18353663,12997.7,-0.09179723,0.0014618254,0.12505947,0.38233828,0.011785807079739,14.98104512956408,0,0,0,0
29.234214401245158,42.924526,0.1851828,-0.02261054,-0.20210008,12569.3,-0.20779333,0.00051123655,0.18936987,-0.2261053999999999,0.0105792490641276,15.068183570437984,0,0,0,0
29.383197085062704,42.616905,0.10811269,0.03447002,-0.16013846,14749.5,-0.07364266,0.0011881825,0.10438605,0.3447001999999999,0.0116676606072319,14.912640349070244,0,0,0,0
29.214689826965355,41.85127,0.15170611,0.0017566974,-0.17722462,13109.85,-0.14994942,3.0859858e-06,0.15143962,0.017566974,0.0111927111943562,15.171249326070182,0,0,0,0
29.437518374125176,42.02559,0.13306803,0.030781271,-0.16744171,13697.95,-0.10228675,0.0009474866,0.12897202,0.30781271,0.0114339447021484,14.832504208882654,0,0,0,0
29.40596796671552,40.921566,0.17028955,-0.014596097,-0.1915301,12230.75,-0.18488565,0.00021304605,0.17277512,-0.14596097,0.011005474726359,14.555287297566757,0,0,0,0
29.383197085062704,40.701103,0.19820653,-0.03142171,-0.2071516,11876.8,-0.22962824,0.0009873239,0.20443451,-0.3142170999999999,0.0116676606072319,14.912640349070244,0,0,0,0
29.478845055898063,40.88397,0.1392305,0.007895683,-0.16519153,11748.45,-0.13133483,6.234182e-05,0.13813119,0.07895683,0.0112010693550109,14.937810198466025,0,0,0,0
29.25716981887821,41.03607,0.14167912,0.014897496,-0.16962934,12197.55,-0.12678163,0.00022193539,0.13956846,0.14897496,0.0098183250427246,14.7552871068319,0,0,0,0
29.425578371683784,40.957455,0.19308327,-0.008410827,-0.20373316,11642.35,-0.2014941,7.074202e-05,0.19470726,-0.0841082699999999,0.0115013901392618,14.729311084747335,0,0,0,0
28.77436933517457,39.65177,0.20608234,-0.04967381,-0.21396878,11334.75,-0.25575617,0.0024674875,0.21631925,-0.4967380999999999,0.0096894741058349,14.974113559722907,0,0,0,0
28.87584997812908,39.615883,0.18928935,-0.023342,-0.20599936,12189.05,-0.21263134,0.00054484897,0.19370775,-0.23342,0.0109853935241699,15.018158531188988,0,0,0,0
29.40596796671552,39.942303,0.18702699,-0.022962373,-0.21661541,12179.25,-0.20998937,0.0005272706,0.19132158,-0.22962373,0.011005474726359,14.555287297566757,0,0,0,0
29.425578371683784,40.1884,0.17513971,-0.026797473,-0.2054547,11997.8,-0.20193718,0.00071810454,0.17983301,-0.26797473,0.0115013901392618,14.729311084747335,0,0,0,0
29.48794962565105,41.393253,0.13679327,0.005719864,-0.16158809,12131.0,-0.13107342,3.271684e-05,0.13601084,0.0571986399999999,0.0105528926849365,14.545388793945335,0,0,0,0
29.25716981887821,41.26679,0.12516066,-0.008464813,-0.14856718,11489.65,-0.13362548,7.165306e-05,0.12622012,-0.08464813,0.0098183250427246,14.7552871068319,0,0,0,0
29.0171795845032,42.647667,0.10320397,0.023117099,-0.13077074,12441.8,-0.080086865,0.0005344003,0.10081819,0.23117099,0.0095214568244086,14.8354873021444,0,0,0,0
29.437518374125176,42.09224,0.170536,-0.013355423,-0.1920677,12241.85,-0.18389142,0.00017836732,0.17281358,-0.13355423,0.0114339447021484,14.832504208882654,0,0,0,0
29.63563849131268,40.525078,0.21226253,-0.06276024,-0.22703354,11508.9,-0.27502277,0.0039388477,0.22558416,-0.6276024,0.0094514126247829,14.539032554626488,0,0,0,0
29.25716981887821,40.632744,0.20489962,-0.061732154,-0.21913785,11603.2,-0.26663178,0.0038108588,0.21754852,-0.61732154,0.0098183250427246,14.7552871068319,0,0,0,0
29.40596796671552,40.598564,0.18228373,-0.023515806,-0.19198094,12006.65,-0.20579953,0.0005529931,0.18657027,-0.23515806,0.011005474726359,14.555287297566757,0,0,0,0
28.967117881774925,41.33173,0.1898222,-0.012413754,-0.2065716,12343.35,-0.20223595,0.0001541013,0.1921786,-0.12413754,0.0105637062920464,14.902815755208335,0,0,0,0
29.53638579050701,41.565865,0.17984283,-0.02355182,-0.19774991,11777.05,-0.20339465,0.0005546882,0.18407845,-0.2355182,0.0099408562978108,14.67159852981571,0,0,0,0
29.53638579050701,41.082214,0.15950273,-0.007025484,-0.18116684,12173.5,-0.16652821,4.9357426e-05,0.16062331,-0.07025484,0.0099408562978108,14.67159852981571,0,0,0,0
29.383197085062704,40.51995,0.15264362,0.004345333,-0.18253171,11854.05,-0.1482983,1.8881921e-05,0.15198034,0.04345333,0.0116676606072319,14.912640349070244,0,0,0,0
28.967117881774925,39.92692,0.15093002,0.0046387296,-0.165381,11592.45,-0.14629129,2.1517812e-05,0.15022989,0.0463872959999999,0.0105637062920464,14.902815755208335,0,0,0,0
29.426291084289588,40.13884,0.17664082,-0.015776567,-0.19300851,11538.1,-0.1924174,0.0002489001,0.17942761,-0.1577656699999999,0.0109315586090087,14.32123548719621,0,0,0,0
29.21082426706954,41.353947,0.16513248,0.0029014943,-0.19298063,12128.55,-0.16223098,8.418669e-06,0.16465335,0.0290149429999999,0.0117545138465033,14.92827011744184,0,0,0,0
29.489220873514853,41.62226,0.1486971,0.0,-0.17506436,12102.4,-0.1486971,0.0,0.1486971,0.0,0.0117224762174818,14.637499321831626,0,0,0,0
29.13729852040612,42.789516,0.12108524,0.0145278815,-0.14469934,12590.2,-0.10655736,0.00021105933,0.11932613,0.145278815,0.0113369719187418,14.88310012817385,0,0,0,0
28.711374537150107,42.599815,0.10595365,0.022283414,-0.13323273,12805.85,-0.083670236,0.0004965505,0.10359264,0.22283414,0.0099601470099555,15.083465194702171,0,0,0,0
29.437518374125176,42.98434,0.093499556,0.027356364,-0.12452232,12726.2,-0.06614319,0.00074837066,0.09094175,0.27356364,0.0114339447021484,14.832504208882654,0,0,0,0
29.53638579050701,43.28171,0.1352389,0.01582654,-0.15836251,11931.8,-0.11941237,0.00025047935,0.13309854,0.1582654,0.0099408562978108,14.67159852981571,0,0,0,0
28.87584997812908,43.01681,0.12678806,0.016771715,-0.14926508,12062.4,-0.110016346,0.00028129044,0.12466161,0.1677171499999999,0.0109853935241699,15.018158531188988,0,0,0,0
29.13729852040612,41.875195,0.17915045,-0.013483833,-0.20006889,12063.1,-0.19263428,0.00018181374,0.18156609,-0.13483833,0.0113369719187418,14.88310012817385,0,0,0,0
28.71447588602703,41.487247,0.1800713,-0.004305114,-0.20009667,12049.3,-0.1843764,1.8534007e-05,0.18084653,-0.0430511399999999,0.0101193030675252,15.129899597167991,0,0,0,0
29.214689826965355,41.338566,0.16525081,-0.005454996,-0.18019427,11620.05,-0.17070581,2.9756984e-05,0.16615225,-0.05454996,0.0111927111943562,15.171249326070182,0,0,0,0
29.43544333775841,41.17621,0.19592455,-0.01830986,-0.21278419,11503.2,-0.2142344,0.00033525095,0.1995119,-0.1830986,0.0112120342254638,14.495665486653678,0,0,0,0
29.63563849131268,40.96258,0.18776883,-0.02441237,-0.19447698,10983.75,-0.2121812,0.0005959638,0.19235271,-0.2441237,0.0094514126247829,14.539032554626488,0,0,0,0
29.478845055898063,40.807064,0.19022743,-0.007261568,-0.21224976,11283.45,-0.19748901,5.2730375e-05,0.19160879,-0.07261568,0.0112010693550109,14.937810198466025,0,0,0,0
29.48794962565105,41.309513,0.20341899,-0.0053927526,-0.21990329,11345.15,-0.20881175,2.9081779e-05,0.20451598,-0.053927526,0.0105528926849365,14.545388793945335,0,0,0,0
29.63563849131268,41.77949,0.20511313,-0.03703099,-0.20763251,10746.75,-0.24214412,0.0013712944,0.21270867,-0.3703098999999999,0.0094514126247829,14.539032554626488,0,0,0,0
29.214689826965355,41.74018,0.1833118,-0.007274778,-0.20490421,12283.3,-0.19058658,5.2922394e-05,0.18464535,-0.07274778,0.0111927111943562,15.171249326070182,0,0,0,0
29.25716981887821,41.974316,0.19670813,-0.020335834,-0.21427235,12039.1,-0.21704395,0.00041354616,0.20070834,-0.20335834,0.0098183250427246,14.7552871068319,0,0,0,0
28.81987374623617,42.33492,0.15300788,0.01127454,-0.17626855,11789.05,-0.14173335,0.00012711524,0.15128279,0.1127454,0.0110777473449707,15.02515818277996,0,0,0,0
29.425578371683784,42.21187,0.18579434,-0.018857237,-0.19891945,11821.15,-0.20465158,0.00035559537,0.18929791,-0.18857237,0.0115013901392618,14.729311084747335,0,0,0,0
29.21082426706954,42.428913,0.15888247,-0.010466516,-0.18307517,11723.1,-0.16934898,0.00010954797,0.16054542,-0.10466516,0.0117545138465033,14.92827011744184,0,0,0,0
28.71447588602703,42.05977,0.19102515,-0.027018204,-0.20021501,11928.4,-0.21804336,0.0007299834,0.19618632,-0.27018204,0.0101193030675252,15.129899597167991,0,0,0,0
29.507907485961937,41.1745,0.14813927,-0.0014047462,-0.16949981,12266.0,-0.14954402,1.973312e-06,0.14834736,-0.014047462,0.0105171871185302,14.82529443105065,0,0,0,0
29.234214401245158,38.766506,0.27269086,-0.14652586,-0.2568131,10679.4,-0.41921672,0.021469826,0.31264713,-1.4652586,0.0105792490641276,15.068183570437984,0,0,0,0
29.21082426706954,39.436436,0.10076168,-0.014421238,-0.11286431,10697.05,-0.115182914,0.0002079721,0.10221479,-0.14421238,0.0117545138465033,14.92827011744184,0,0,0,0
29.234214401245158,42.476765,0.102550685,0.02454234,-0.13191596,12428.3,-0.078008346,0.0006023264,0.10003385,0.2454233999999999,0.0105792490641276,15.068183570437984,0,0,0,0
29.426291084289588,42.840786,0.099678345,0.03364262,-0.13121976,12432.0,-0.066035725,0.0011318258,0.096324906,0.3364262,0.0109315586090087,14.32123548719621,0,0,0,0
28.81987374623617,42.633995,0.21288611,-0.037971187,-0.21995023,11236.75,-0.2508573,0.0014418111,0.22096965,-0.37971187,0.0110777473449707,15.02515818277996,0,0,0,0
28.711374537150107,41.328312,0.21264003,-0.026803365,-0.21669179,11157.35,-0.2394434,0.0007184204,0.2183395,-0.26803365,0.0099601470099555,15.083465194702171,0,0,0,0
29.498190180460654,40.542168,0.1809181,-0.009929951,-0.19196875,11452.5,-0.19084804,9.860394e-05,0.1827146,-0.09929951,0.0103383498390515,14.389676666259788,0,0,0,0
29.0171795845032,40.726738,0.18947922,-0.031381134,-0.19775409,11699.9,-0.22086036,0.0009847756,0.1954253,-0.31381134,0.0095214568244086,14.8354873021444,0,0,0,0
28.967117881774925,40.911312,0.2099811,-0.039710104,-0.21681595,11522.8,-0.2496912,0.0015768924,0.21831948,-0.39710104,0.0105637062920464,14.902815755208335,0,0,0,0
29.383197085062704,40.583183,0.1763394,0.0013846501,-0.19267634,12359.05,-0.17495474,1.917256e-06,0.17609523,0.013846501,0.0116676606072319,14.912640349070244,0,0,0,0
28.863900438944512,40.402027,0.19176064,-0.014789696,-0.20116706,12222.2,-0.20655034,0.00021873509,0.19459674,-0.14789696,0.0106722672780354,15.035710430145286,0,0,0,0
29.3144397099813,40.526787,0.16834755,0.0047312216,-0.18391995,11763.8,-0.16361633,2.2384458e-05,0.16755107,0.047312216,0.011785807079739,14.98104512956408,0,0,0,0
29.437518374125176,40.680595,0.14762846,0.033310577,-0.17763454,12329.85,-0.11431788,0.0011095945,0.14271086,0.33310577,0.0114339447021484,14.832504208882654,0,0,0,0
29.40596796671552,40.111496,0.21477838,-0.0412207,-0.22757374,11608.15,-0.2559991,0.001699146,0.2236317,-0.412207,0.011005474726359,14.555287297566757,0,0,0,0
29.48794962565105,40.48577,0.15271366,0.032465633,-0.17421554,11993.45,-0.12024802,0.0010540173,0.14775571,0.32465633,0.0105528926849365,14.545388793945335,0,0,0,0
29.437518374125176,40.96258,0.14862424,0.020312313,-0.18099532,11847.45,-0.12831193,0.00041259007,0.14560534,0.2031231299999999,0.0114339447021484,14.832504208882654,0,0,0,0
28.87584997812908,40.237965,0.16470382,0.020544715,-0.1947076,11722.6,-0.14415911,0.00042208532,0.16132003,0.20544715,0.0109853935241699,15.018158531188988,0,0,0,0
28.81987374623617,39.783367,0.18598513,0.00029270578,-0.2083068,11707.5,-0.18569243,8.567667e-08,0.1859307,0.0029270578,0.0110777473449707,15.02515818277996,0,0,0,0
29.234214401245158,39.615883,0.15008886,0.025239822,-0.17643529,12113.75,-0.12484904,0.0006370486,0.14630064,0.25239822,0.0105792490641276,15.068183570437984,0,0,0,0
28.967117881774925,40.69256,0.15259233,0.0028724598,-0.17879713,11726.6,-0.14971986,8.251025e-06,0.15215401,0.0287245979999999,0.0105637062920464,14.902815755208335,0,0,0,0
29.507907485961937,40.702812,0.13664952,0.012002831,-0.1695577,12093.05,-0.124646686,0.00014406796,0.13500933,0.12002831,0.0105171871185302,14.82529443105065,0,0,0,0
28.77436933517457,40.118332,0.14569987,0.02108874,-0.18626423,11826.35,-0.12461113,0.00044473493,0.14262724,0.2108874,0.0096894741058349,14.974113559722907,0,0,0,0
29.0171795845032,39.74235,0.17972317,0.0009074005,-0.20109443,11651.8,-0.17881578,8.2337573e-07,0.1795601,0.009074005,0.0095214568244086,14.8354873021444,0,0,0,0
29.40596796671552,40.241383,0.17520966,-0.014573711,-0.19849594,11347.1,-0.18978336,0.00021239306,0.17776312,-0.14573711,0.011005474726359,14.555287297566757,0,0,0,0
28.81987374623617,40.350758,0.15095018,0.00369354,-0.187014,12055.35,-0.14725664,1.3642238e-05,0.15039265,0.0369354,0.0110777473449707,15.02515818277996,0,0,0,0
29.489220873514853,40.234547,0.1694099,-0.004305827,-0.19712983,12403.2,-0.17371573,1.8540146e-05,0.17013936,-0.0430582699999999,0.0117224762174818,14.637499321831626,0,0,0,0
28.77436933517457,40.72503,0.21436284,-0.04169607,-0.2282995,11617.95,-0.2560589,0.0017385624,0.22330093,-0.4169607,0.0096894741058349,14.974113559722907,0,0,0,0
29.48794962565105,41.579536,0.18021166,-0.024219967,-0.20589523,12314.7,-0.20443164,0.00058660685,0.18457639,-0.2421996699999999,0.0105528926849365,14.545388793945335,0,0,0,0
29.63563849131268,41.736763,0.12253814,0.014636485,-0.15219143,12482.7,-0.10790166,0.00021422669,0.120744616,0.14636485,0.0094514126247829,14.539032554626488,0,0,0,0
29.425578371683784,41.131775,0.17766728,-0.008156947,-0.19884594,11793.9,-0.18582422,6.653578e-05,0.17911649,-0.0815694699999999,0.0115013901392618,14.729311084747335,0,0,0,0
29.43544333775841,41.543648,0.1704476,0.01126013,-0.19031584,12138.5,-0.15918747,0.00012679055,0.16852833,0.1126013,0.0112120342254638,14.495665486653678,0,0,0,0
29.234214401245158,41.752144,0.14085653,0.029490534,-0.17379649,11579.35,-0.111366004,0.0008696916,0.1367026,0.29490534,0.0105792490641276,15.068183570437984,0,0,0,0
28.863900438944512,41.38471,0.23714839,-0.057355072,-0.24354313,11501.15,-0.29450348,0.0032896046,0.25075006,-0.57355072,0.0106722672780354,15.035710430145286,0,0,0,0
29.43544333775841,42.063187,0.17447977,-0.0036527622,-0.18999073,11757.65,-0.17813252,1.3342671e-05,0.17511709,-0.036527622,0.0112120342254638,14.495665486653678,0,0,0,0
29.13729852040612,42.30074,0.12804964,0.03944482,-0.1600101,12087.2,-0.088604815,0.0015558937,0.122998744,0.3944481999999999,0.0113369719187418,14.88310012817385,0,0,0,0
29.13729852040612,40.584892,0.1505004,0.024436558,-0.17724821,12116.05,-0.12606385,0.0005971453,0.14682269,0.24436558,0.0113369719187418,14.88310012817385,0,0,0,0
29.25716981887821,40.458424,0.15527733,0.022272209,-0.18588455,11845.3,-0.13300513,0.00049605133,0.15181896,0.22272209,0.0098183250427246,14.7552871068319,0,0,0,0
29.383197085062704,39.8278,0.18746725,-0.02713263,-0.20408948,11319.45,-0.21459988,0.00073617965,0.19255373,-0.2713263,0.0116676606072319,14.912640349070244,0,0,0,0
29.48794962565105,39.692787,0.21029328,-0.037401956,-0.2303103,11464.65,-0.24769524,0.0013989063,0.21815865,-0.37401956,0.0105528926849365,14.545388793945335,0,0,0,0
29.43544333775841,40.492607,0.17037529,0.0088815205,-0.19240633,11805.05,-0.16149376,7.888141e-05,0.1688621,0.088815205,0.0112120342254638,14.495665486653678,0,0,0,0
29.383197085062704,40.6054,0.16506839,0.013200606,-0.18873827,12102.05,-0.15186778,0.000174256,0.16288939,0.13200606,0.0116676606072319,14.912640349070244,0,0,0,0
29.3144397099813,40.860043,0.13828203,0.03596405,-0.15745744,12278.3,-0.10231798,0.001293413,0.13330886,0.3596405,0.011785807079739,14.98104512956408,0,0,0,0
29.40596796671552,41.500923,0.12885989,0.03541183,-0.1591547,12041.15,-0.09344806,0.0012539979,0.124296725,0.3541183,0.011005474726359,14.555287297566757,0,0,0,0
29.43544333775841,40.53533,0.17115818,-0.009801266,-0.18733253,11242.5,-0.18095945,9.60648e-05,0.17283575,-0.09801266,0.0112120342254638,14.495665486653678,0,0,0,0
28.967117881774925,40.600273,0.13888061,0.02660754,-0.16139641,12061.15,-0.112273075,0.0007079611,0.13518535,0.2660753999999999,0.0105637062920464,14.902815755208335,0,0,0,0
29.25716981887821,39.891033,0.16478595,0.017592385,-0.1870766,11758.4,-0.14719357,0.00030949205,0.16188698,0.17592385,0.0098183250427246,14.7552871068319,0,0,0,0
29.40596796671552,40.060226,0.16003987,-0.009201715,-0.17881863,11306.4,-0.16924159,8.467156e-05,0.16151251,-0.0920171499999999,0.011005474726359,14.555287297566757,0,0,0,0
29.214689826965355,40.371265,0.18267053,-0.013292511,-0.20221546,11538.8,-0.19596304,0.00017669085,0.18509868,-0.13292511,0.0111927111943562,15.171249326070182,0,0,0,0
28.81987374623617,41.388126,0.15248995,0.008453085,-0.17685747,11478.05,-0.14403686,7.1454655e-05,0.15120094,0.08453085,0.0110777473449707,15.02515818277996,0,0,0,0
29.21082426706954,40.98138,0.11858945,0.0049350946,-0.14805976,11672.95,-0.11365435,2.4355159e-05,0.1180042,0.049350946,0.0117545138465033,14.92827011744184,0,0,0,0
29.48794962565105,38.916897,0.19839859,-0.028932562,-0.2026304,11391.95,-0.22733116,0.00083709316,0.20413877,-0.28932562,0.0105528926849365,14.545388793945335,0,0,0,0
29.25716981887821,39.352695,0.20679548,-0.04169065,-0.22039613,11460.05,-0.24848615,0.0017381106,0.21541692,-0.4169065,0.0098183250427246,14.7552871068319,0,0,0,0
28.887657101949088,40.12346,0.19970722,0.0016044688,-0.22113602,11260.05,-0.19810276,2.57432e-06,0.1993868,0.016044688,0.0088965702056884,14.813097466362876,0,0,0,0
29.478845055898063,40.70623,0.2038688,0.0009340066,-0.21763723,11457.75,-0.2029348,8.7236833e-07,0.2036784,0.009340066,0.0112010693550109,14.937810198466025,0,0,0,0
29.383197085062704,41.810253,0.16182919,-0.001635188,-0.19478196,11771.5,-0.16346438,2.6738398e-06,0.16209382,-0.01635188,0.0116676606072319,14.912640349070244,0,0,0,0
28.81987374623617,41.844433,0.15397117,0.014265883,-0.183853,11984.7,-0.13970529,0.00020351542,0.15177463,0.14265883,0.0110777473449707,15.02515818277996,0,0,0,0
29.48794962565105,40.27727,0.16178404,0.0040595816,-0.18781295,11476.25,-0.15772445,1.6480204e-05,0.16112725,0.040595816,0.0105528926849365,14.545388793945335,0,0,0,0
28.71447588602703,40.17473,0.18112232,-0.019127177,-0.20789844,11230.25,-0.2002495,0.00036584886,0.18458667,-0.1912717699999999,0.0101193030675252,15.129899597167991,0,0,0,0
29.425578371683784,40.742123,0.16604428,-7.518232e-05,-0.18378899,11853.45,-0.16611947,5.652381e-09,0.16605677,-0.0007518232,0.0115013901392618,14.729311084747335,0,0,0,0
28.77436933517457,40.76263,0.18907206,-0.009380748,-0.19570033,11412.45,-0.19845282,8.7998436e-05,0.1908457,-0.09380748,0.0096894741058349,14.974113559722907,0,0,0,0
29.43544333775841,40.86517,0.1825242,0.014539867,-0.20213418,11551.0,-0.16798434,0.00021140772,0.17987032,0.14539867,0.0112120342254638,14.495665486653678,0,0,0,0
28.87584997812908,40.989925,0.16848984,0.0010457438,-0.20341942,11650.8,-0.16744411,1.0935802e-06,0.16831365,0.010457438,0.0109853935241699,15.018158531188988,0,0,0,0
29.437518374125176,41.94868,0.16040747,0.009358165,-0.18646193,11462.15,-0.1510493,8.757526e-05,0.15890634,0.09358165,0.0114339447021484,14.832504208882654,0,0,0,0
28.81987374623617,39.627846,0.2451282,-0.051710233,-0.2398225,11159.1,-0.29683843,0.002673948,0.25780383,-0.51710233,0.0110777473449707,15.02515818277996,0,0,0,0
28.87584997812908,38.479393,0.17451,-0.0017879492,-0.18984923,11806.1,-0.17629796,3.1967625e-06,0.17482202,-0.017879492,0.0109853935241699,15.018158531188988,0,0,0,0
29.25716981887821,39.162994,0.15462373,0.012976433,-0.19110987,12069.5,-0.14164731,0.0001683878,0.15261728,0.12976433,0.0098183250427246,14.7552871068319,0,0,0,0
29.425578371683784,39.180084,0.17188706,-0.008436819,-0.17542632,11419.3,-0.18032387,7.117991e-05,0.17333724,-0.08436819,0.0115013901392618,14.729311084747335,0,0,0,0
29.426291084289588,38.65029,0.18359071,-0.021970648,-0.20038384,12110.1,-0.20556135,0.00048270935,0.18762432,-0.2197064799999999,0.0109315586090087,14.32123548719621,0,0,0,0
29.25716981887821,38.595604,0.15893373,-0.003188929,-0.17842881,12019.3,-0.16212265,1.01692685e-05,0.15944055,-0.03188929,0.0098183250427246,14.7552871068319,0,0,0,0
29.21082426706954,39.716713,0.13249487,0.024166191,-0.15339035,12262.1,-0.10832867,0.0005840048,0.12929296,0.24166191,0.0117545138465033,14.92827011744184,0,0,0,0
28.81987374623617,39.94572,0.14676093,-0.005483371,-0.17626551,12264.2,-0.1522443,3.0067358e-05,0.14756568,-0.05483371,0.0110777473449707,15.02515818277996,0,0,0,0
28.711374537150107,40.38323,0.14991911,0.008636296,-0.17018147,12197.1,-0.14128281,7.458561e-05,0.14862436,0.08636296,0.0099601470099555,15.083465194702171,0,0,0,0
29.437518374125176,40.57122,0.124862894,0.018825999,-0.14528622,12153.3,-0.106036894,0.0003544182,0.12251223,0.18825999,0.0114339447021484,14.832504208882654,0,0,0,0
28.77436933517457,41.066833,0.12106741,0.016116606,-0.14199871,12251.8,-0.10495081,0.00025974502,0.11911622,0.16116606,0.0096894741058349,14.974113559722907,0,0,0,0
29.478845055898063,41.470158,0.12918761,0.012724367,-0.14852689,12165.5,-0.116463244,0.00016190951,0.12754378,0.12724367,0.0112010693550109,14.937810198466025,0,0,0,0
29.234214401245158,41.58979,0.16162537,-0.004064301,-0.17744976,11893.6,-0.16568968,1.6518541e-05,0.16228227,-0.04064301,0.0105792490641276,15.068183570437984,0,0,0,0
28.81987374623617,41.422306,0.11821387,0.0061470517,-0.14414291,12754.3,-0.11206681,3.7786245e-05,0.1174872,0.061470517,0.0110777473449707,15.02515818277996,0,0,0,0
29.63563849131268,41.357365,0.12946233,0.00834439,-0.15260975,12645.7,-0.12111795,6.962885e-05,0.12838206,0.0834439,0.0094514126247829,14.539032554626488,0,0,0,0
28.967117881774925,41.620552,0.118384495,0.01858294,-0.14690757,12621.2,-0.099801555,0.00034532562,0.11618456,0.1858293999999999,0.0105637062920464,14.902815755208335,0,0,0,0
28.87584997812908,41.876904,0.15033299,0.0031638152,-0.17752093,12315.9,-0.14716917,1.0009728e-05,0.14985736,0.031638152,0.0109853935241699,15.018158531188988,0,0,0,0
29.0171795845032,40.270435,0.18880446,-0.011823237,-0.19538084,11908.7,-0.2006277,0.00013978893,0.19103673,-0.11823237,0.0095214568244086,14.8354873021444,0,0,0,0
28.887657101949088,39.374912,0.22296704,-0.020739352,-0.22537538,11431.7,-0.24370639,0.00043012074,0.22759123,-0.20739352,0.0088965702056884,14.813097466362876,0,0,0,0
29.587538973490425,39.757732,0.16832648,-0.0021804713,-0.18570873,11924.0,-0.17050695,4.7544554e-06,0.16869351,-0.021804713,0.011531532605489,14.80689392089846,0,0,0,0
28.87584997812908,40.642998,0.16364798,0.0077223587,-0.17977892,11720.0,-0.15592563,5.963482e-05,0.16238424,0.077223587,0.0109853935241699,15.018158531188988,0,0,0,0
29.437518374125176,40.67034,0.15260166,0.0056582424,-0.15770596,11654.6,-0.14694342,3.2015705e-05,0.15173821,0.056582424,0.0114339447021484,14.832504208882654,0,0,0,0
29.507907485961937,39.27921,0.21509252,-0.03243874,-0.2226483,11668.7,-0.24753127,0.0010522718,0.22206986,-0.3243874,0.0105171871185302,14.82529443105065,0,0,0,0
29.40596796671552,39.47062,0.20730865,-0.010114438,-0.21562217,11694.4,-0.21742308,0.00010230185,0.20940545,-0.10114438,0.011005474726359,14.555287297566757,0,0,0,0
29.383197085062704,38.957916,0.29135054,-0.10566304,-0.28351748,11439.4,-0.39701357,0.011164678,0.3221355,-1.0566304,0.0116676606072319,14.912640349070244,0,0,0,0
29.383197085062704,39.074127,0.21081007,-0.03256609,-0.21991643,11606.8,-0.24337615,0.0010605502,0.21767533,-0.3256609,0.0116676606072319,14.912640349070244,0,0,0,0
28.77436933517457,42.05806,0.161727,0.0006175562,-0.17587627,12207.3,-0.16110945,3.813757e-07,0.16162713,0.006175562,0.0096894741058349,14.974113559722907,0,0,0,0
29.383197085062704,41.955517,0.15793592,0.016878529,-0.18339755,11644.9,-0.14105739,0.00028488474,0.15527019,0.16878529,0.0116676606072319,14.912640349070244,0,0,0,0
29.587538973490425,40.208908,0.2041994,-0.000808968,-0.22715035,11488.8,-0.20500837,6.544292e-07,0.2043646,-0.00808968,0.011531532605489,14.80689392089846,0,0,0,0
29.214689826965355,39.597084,0.17706905,-0.012946692,-0.19926484,11383.2,-0.19001575,0.00016761683,0.1793615,-0.1294669199999999,0.0111927111943562,15.171249326070182,0,0,0,0
29.53638579050701,38.99893,0.21889721,-0.023171972,-0.226715,11557.0,-0.24206917,0.0005369403,0.22396947,-0.23171972,0.0099408562978108,14.67159852981571,0,0,0,0
28.81987374623617,38.981842,0.2228004,-0.047633015,-0.2316127,11628.6,-0.27043343,0.0022689041,0.23341307,-0.47633015,0.0110777473449707,15.02515818277996,0,0,0,0
29.63563849131268,38.366596,0.17938374,0.010619676,-0.19353817,11820.8,-0.16876407,0.00011277751,0.17747875,0.10619676,0.0094514126247829,14.539032554626488,0,0,0,0
29.489220873514853,38.964752,0.16676873,0.00049543905,-0.1921994,12105.8,-0.1662733,2.4545986e-07,0.1666861,0.0049543905,0.0117224762174818,14.637499321831626,0,0,0,0
29.437518374125176,38.903225,0.20765904,-0.04163408,-0.21290459,11581.8,-0.24929312,0.0017333964,0.21630473,-0.4163407999999999,0.0114339447021484,14.832504208882654,0,0,0,0
29.437518374125176,38.4247,0.2228353,-0.050661545,-0.21656142,11189.9,-0.27349684,0.002566592,0.23412448,-0.50661545,0.0114339447021484,14.832504208882654,0,0,0,0
29.489220873514853,38.906643,0.16932285,-0.012534651,-0.18449067,11893.0,-0.1818575,0.00015711748,0.17144525,-0.12534651,0.0117224762174818,14.637499321831626,0,0,0,0
29.13729852040612,40.46526,0.12989451,0.019185932,-0.16721268,12944.6,-0.11070857,0.00036809998,0.12740237,0.19185932,0.0113369719187418,14.88310012817385,0,0,0,0
29.507907485961937,39.955975,0.1373957,0.03383034,-0.17999655,12450.9,-0.10356536,0.001144492,0.13274756,0.3383034,0.0105171871185302,14.82529443105065,0,0,0,0
28.863900438944512,39.908123,0.18726344,0.00317775,-0.19988771,11771.9,-0.1840857,1.0098094e-05,0.18666837,0.0317775,0.0106722672780354,15.035710430145286,0,0,0,0
29.437518374125176,39.66886,0.1892134,-0.0048891217,-0.19085391,11956.4,-0.19410251,2.390351e-05,0.19013847,-0.048891217,0.0114339447021484,14.832504208882654,0,0,0,0
29.21082426706954,41.046326,0.16634491,-0.0005118786,-0.18713826,11734.5,-0.16685678,2.6201968e-07,0.16643006,-0.005118786,0.0117545138465033,14.92827011744184,0,0,0,0
29.48794962565105,42.232376,0.16494845,-0.010840192,-0.17968608,11588.2,-0.17578864,0.00011750978,0.16673653,-0.10840192,0.0105528926849365,14.545388793945335,0,0,0,0
29.63563849131268,41.808544,0.11795946,0.05193174,-0.1375216,11921.9,-0.06602772,0.0026969055,0.111833625,0.5193173999999999,0.0094514126247829,14.539032554626488,0,0,0,0
28.967117881774925,41.360783,0.21333466,-0.05162887,-0.21737681,12158.7,-0.26496354,0.0026655402,0.22434889,-0.5162887,0.0105637062920464,14.902815755208335,0,0,0,0
29.43544333775841,40.225998,0.16315049,-0.0016726266,-0.18207188,12367.8,-0.16482311,2.7976798e-06,0.16342339,-0.016726266,0.0112120342254638,14.495665486653678,0,0,0,0
29.21082426706954,40.338795,0.13680388,0.010044807,-0.16089152,12559.4,-0.12675907,0.000100898134,0.13542971,0.10044807,0.0117545138465033,14.92827011744184,0,0,0,0
28.887657101949088,40.759212,0.1498187,0.006965582,-0.17299315,12339.9,-0.14285311,4.851933e-05,0.14877513,0.06965582,0.0088965702056884,14.813097466362876,0,0,0,0
29.53638579050701,41.548775,0.11680405,0.021868072,-0.14459985,12523.5,-0.094935976,0.0004782126,0.11424977,0.21868072,0.0099408562978108,14.67159852981571,0,0,0,0
28.81987374623617,42.287067,0.10943833,0.032926574,-0.13947874,12615.3,-0.076511756,0.0010841594,0.1058349,0.32926574,0.0110777473449707,15.02515818277996,0,0,0,0
28.967117881774925,42.05464,0.09258025,0.041221563,-0.121013604,12481.3,-0.05135869,0.0016992171,0.088763945,0.41221563,0.0105637062920464,14.902815755208335,0,0,0,0
29.214689826965355,40.789974,0.15448059,0.011207153,-0.17317961,12043.7,-0.14327344,0.00012560029,0.15274931,0.1120715299999999,0.0111927111943562,15.171249326070182,0,0,0,0
29.63563849131268,40.27727,0.22833784,-0.054659735,-0.23213121,11619.5,-0.28299758,0.0029876865,0.24081872,-0.54659735,0.0094514126247829,14.539032554626488,0,0,0,0
29.234214401245158,42.567345,0.17796747,-0.02341418,-0.1874876,11624.55,-0.20138164,0.0005482238,0.18213443,-0.2341418,0.0105792490641276,15.068183570437984,0,0,0,0
29.425578371683784,42.31441,0.17125624,0.0012343503,-0.19571452,11910.4,-0.17002189,1.5236204e-06,0.17104486,0.012343503,0.0115013901392618,14.729311084747335,0,0,0,0
28.711374537150107,40.695976,0.21534824,-0.04438132,-0.21827121,11357.15,-0.25972956,0.0019697014,0.22490568,-0.4438132,0.0099601470099555,15.083465194702171,0,0,0,0
28.967117881774925,39.979904,0.21902728,-0.060731582,-0.22963668,11362.55,-0.27975887,0.003688325,0.23232916,-0.60731582,0.0105637062920464,14.902815755208335,0,0,0,0
29.489220873514853,39.022858,0.2127487,-0.10023713,-0.20174277,10155.4,-0.31298584,0.010047481,0.23407403,-1.0023713,0.0117224762174818,14.637499321831626,0,0,0,0
29.234214401245158,38.805813,0.21555063,-0.09484367,-0.19893768,10006.75,-0.3103943,0.008995322,0.23599425,-0.9484367,0.0105792490641276,15.068183570437984,0,0,0,0
29.13729852040612,39.81413,0.117711276,0.012103926,-0.14833325,13255.1,-0.10560735,0.00014650503,0.11628651,0.12103926,0.0113369719187418,14.88310012817385,0,0,0,0
29.53638579050701,39.648354,0.17670724,-0.01483409,-0.19005586,12105.4,-0.19154133,0.00022005023,0.17932853,-0.1483409,0.0099408562978108,14.67159852981571,0,0,0,0
29.437518374125176,38.46743,0.22273986,-0.04935321,-0.22756775,11798.7,-0.27209306,0.0024357392,0.23373277,-0.4935321,0.0114339447021484,14.832504208882654,0,0,0,0
29.425578371683784,38.749416,0.25334653,-0.053446274,-0.2496812,11496.95,-0.3067928,0.0028565042,0.26688695,-0.53446274,0.0115013901392618,14.729311084747335,0,0,0,0
29.426291084289588,41.1933,0.11227023,0.037419837,-0.14765051,11925.1,-0.07485039,0.0014002442,0.10806909,0.37419837,0.0109315586090087,14.32123548719621,0,0,0,0
29.214689826965355,40.95062,0.12430651,0.041576833,-0.1502262,13050.0,-0.082729675,0.001728633,0.11913823,0.41576833,0.0111927111943562,15.171249326070182,0,0,0,0
29.426291084289588,39.971355,0.17725126,-0.08453729,-0.1676648,10630.55,-0.26178855,0.007146554,0.1922356,-0.8453729,0.0109315586090087,14.32123548719621,0,0,0,0
29.21082426706954,37.970108,0.13378637,-0.012100724,-0.15687974,11923.8,-0.14588709,0.00014642751,0.13540527,-0.12100724,0.0117545138465033,14.92827011744184,0,0,0,0
28.87584997812908,36.796017,0.17998399,-0.094704,-0.17252079,10516.7,-0.274688,0.008968849,0.19702919,-0.94704,0.0109853935241699,15.018158531188988,0,0,0,0
29.0171795845032,37.10193,0.12673329,-0.07212736,-0.107721604,10815.65,-0.19886065,0.0052023553,0.13587423,-0.7212736,0.0095214568244086,14.8354873021444,0,0,0,0
29.498190180460654,38.303364,0.14708346,-0.047513083,-0.13517587,11434.0,-0.19459654,0.002257493,0.15407185,-0.47513083,0.0103383498390515,14.389676666259788,0,0,0,0
29.478845055898063,41.008728,0.16700882,-0.00012667314,-0.18607911,12578.45,-0.16713549,1.6046085e-08,0.16702998,-0.0012667314,0.0112010693550109,14.937810198466025,0,0,0,0
29.214689826965355,42.584435,0.1868969,-0.020286396,-0.20088384,12055.0,-0.2071833,0.00041153788,0.19068837,-0.20286396,0.0111927111943562,15.171249326070182,0,0,0,0
29.489220873514853,44.378895,0.12659197,0.04081071,-0.16010645,12432.05,-0.085781254,0.0016655143,0.12142566,0.4081071,0.0117224762174818,14.637499321831626,0,0,0,0
29.21082426706954,43.999493,0.15592219,0.019720742,-0.18511042,12165.6,-0.13620146,0.0003889077,0.15284729,0.19720742,0.0117545138465033,14.92827011744184,0,0,0,0
29.53638579050701,41.528267,0.20042415,-0.024099281,-0.2133503,12182.15,-0.22452343,0.0005807753,0.20525423,-0.24099281,0.0099408562978108,14.67159852981571,0,0,0,0
29.48794962565105,41.95039,0.116395846,0.05250074,-0.15375052,12204.5,-0.06389511,0.0027563276,0.11028498,0.5250074,0.0105528926849365,14.545388793945335,0,0,0,0
29.383197085062704,41.972607,0.17353638,0.0015687972,-0.19736607,12856.45,-0.17196758,2.4611245e-06,0.17326413,0.015687972,0.0116676606072319,14.912640349070244,0,0,0,0
29.21082426706954,41.4975,0.17343882,0.0068082483,-0.19794536,12364.85,-0.16663057,4.6352245e-05,0.172258,0.068082483,0.0117545138465033,14.92827011744184,0,0,0,0
29.425578371683784,41.025818,0.22009699,-0.042177226,-0.22692084,11794.3,-0.2622742,0.0017789183,0.22938007,-0.42177226,0.0115013901392618,14.729311084747335,0,0,0,0
29.40596796671552,41.858105,0.17404386,0.00611575,-0.20109957,12657.05,-0.16792811,3.7402395e-05,0.17297946,0.0611575,0.011005474726359,14.555287297566757,0,0,0,0
28.863900438944512,42.567345,0.123939395,0.04635251,-0.16037194,12534.3,-0.07758689,0.002148555,0.11819449,0.4635251,0.0106722672780354,15.035710430145286,0,0,0,0
29.40596796671552,42.442585,0.14701304,0.041567598,-0.17778695,12447.35,-0.105445445,0.0017278651,0.14090206,0.4156759799999999,0.011005474726359,14.555287297566757,0,0,0,0
29.437518374125176,42.521202,0.15280275,0.033591658,-0.18351711,12332.95,-0.1192111,0.0011283995,0.14766985,0.33591658,0.0114339447021484,14.832504208882654,0,0,0,0
28.863900438944512,43.07663,0.12754995,0.050212562,-0.16123873,11989.0,-0.07733738,0.0025213016,0.12114533,0.50212562,0.0106722672780354,15.035710430145286,0,0,0,0
29.25716981887821,43.442356,0.16166766,0.019245379,-0.18692432,12408.6,-0.14242229,0.0003703846,0.15855631,0.19245379,0.0098183250427246,14.7552871068319,0,0,0,0
28.81987374623617,43.76194,0.14350402,0.030904267,-0.17633261,12942.15,-0.11259975,0.0009550737,0.13906914,0.3090426699999999,0.0110777473449707,15.02515818277996,0,0,0,0
28.81987374623617,43.1091,0.126612,0.04040321,-0.16582915,13046.6,-0.08620878,0.0016324194,0.12149646,0.4040321,0.0110777473449707,15.02515818277996,0,0,0,0
28.71447588602703,42.46993,0.13064463,0.0369025,-0.16390736,12739.8,-0.09374213,0.0013617944,0.12582351,0.369025,0.0101193030675252,15.129899597167991,0,0,0,0
29.383197085062704,42.24263,0.13485074,0.040186837,-0.1684331,12831.35,-0.094663896,0.001614982,0.12943152,0.40186837,0.0116676606072319,14.912640349070244,0,0,0,0
29.21082426706954,41.065125,0.19638583,-0.02826676,-0.2103827,12039.9,-0.22465259,0.0007990097,0.20193702,-0.2826675999999999,0.0117545138465033,14.92827011744184,0,0,0,0
29.425578371683784,40.183273,0.23818907,-0.0687237,-0.2450764,11395.55,-0.30691278,0.0047229473,0.25455832,-0.687237,0.0115013901392618,14.729311084747335,0,0,0,0
28.863900438944512,40.00212,0.1841778,-0.09860966,-0.17251125,10357.35,-0.28278747,0.009723866,0.2023395,-0.9860966,0.0106722672780354,15.035710430145286,0,0,0,0
29.63563849131268,41.70942,0.17429714,-0.01611661,-0.19748583,12184.6,-0.19041374,0.00025974508,0.17710622,-0.1611661,0.0094514126247829,14.539032554626488,0,0,0,0
28.967117881774925,43.00143,0.14638786,0.019456768,-0.17459683,12810.45,-0.1269311,0.00037856583,0.14353962,0.19456768,0.0105637062920464,14.902815755208335,0,0,0,0
29.425578371683784,43.05783,0.21795985,-0.028411556,-0.22372754,11366.85,-0.2463714,0.0008072165,0.22415243,-0.28411556,0.0115013901392618,14.729311084747335,0,0,0,0
29.426291084289588,43.601295,0.13334127,0.02734405,-0.17697446,13870.1,-0.10599723,0.000747697,0.12969518,0.2734405,0.0109315586090087,14.32123548719621,0,0,0,0
29.3144397099813,43.01681,0.18696046,0.0034340157,-0.20181158,11761.9,-0.18352644,1.1792464e-05,0.18631843,0.034340157,0.011785807079739,14.98104512956408,0,0,0,0
29.40596796671552,42.958706,0.20292033,-0.012394392,-0.21181093,11362.2,-0.21531473,0.00015362095,0.20543541,-0.12394392,0.011005474726359,14.555287297566757,0,0,0,0
29.43544333775841,43.6782,0.1315514,0.015835077,-0.16432984,12851.0,-0.11571632,0.00025074964,0.12946828,0.15835077,0.0112120342254638,14.495665486653678,0,0,0,0
29.437518374125176,43.719215,0.11201947,0.027784977,-0.15436068,13530.4,-0.08423449,0.00077200495,0.108907014,0.27784977,0.0114339447021484,14.832504208882654,0,0,0,0
29.13729852040612,44.22679,0.11821578,0.019885605,-0.16010447,13119.05,-0.09833018,0.0003954373,0.115864985,0.19885605,0.0113369719187418,14.88310012817385,0,0,0,0
29.234214401245158,45.21631,0.08867463,0.04189932,-0.13509853,12890.75,-0.046775308,0.001755553,0.084959224,0.4189931999999999,0.0105792490641276,15.068183570437984,0,0,0,0
29.214689826965355,44.606194,0.1586288,-0.014730844,-0.18766852,11960.15,-0.17335965,0.00021699777,0.16096555,-0.1473084399999999,0.0111927111943562,15.171249326070182,0,0,0,0
28.71447588602703,43.546608,0.10698836,0.037149727,-0.14977616,13539.65,-0.06983864,0.0013801021,0.103013776,0.37149727,0.0101193030675252,15.129899597167991,0,0,0,0
29.48794962565105,42.497272,0.13938046,0.017749384,-0.16827235,12250.7,-0.12163107,0.00031504064,0.13690653,0.17749384,0.0105528926849365,14.545388793945335,0,0,0,0
29.3144397099813,41.564156,0.1498245,0.02415941,-0.18255462,12336.55,-0.12566508,0.0005836771,0.14620483,0.2415940999999999,0.011785807079739,14.98104512956408,0,0,0,0
29.40596796671552,41.820507,0.11247409,0.056005947,-0.15338388,12581.65,-0.056468144,0.0031366663,0.10617487,0.56005947,0.011005474726359,14.555287297566757,0,0,0,0
29.3144397099813,42.07344,0.120853476,0.029697826,-0.15801257,12679.3,-0.09115565,0.0008819609,0.11726439,0.29697826,0.011785807079739,14.98104512956408,0,0,0,0
29.507907485961937,42.07344,0.14076689,0.019699646,-0.1730444,12196.2,-0.12106724,0.0003880761,0.13799383,0.19699646,0.0105171871185302,14.82529443105065,0,0,0,0
29.437518374125176,43.76194,0.14078179,0.016242515,-0.16839391,12414.3,-0.12453926,0.00026381933,0.13849513,0.16242515,0.0114339447021484,14.832504208882654,0,0,0,0
28.863900438944512,43.27829,0.13546112,0.023930836,-0.1646844,12194.75,-0.11153029,0.0005726849,0.13221943,0.23930836,0.0106722672780354,15.035710430145286,0,0,0,0
29.0171795845032,42.603233,0.13107356,0.04437647,-0.16617677,12034.7,-0.086697094,0.0019692709,0.12525699,0.4437647,0.0095214568244086,14.8354873021444,0,0,0,0
29.489220873514853,42.29732,0.15023613,0.01941733,-0.18189307,11933.45,-0.1308188,0.00037703276,0.14731894,0.1941733,0.0117224762174818,14.637499321831626,0,0,0,0
29.48794962565105,42.1606,0.13744107,0.015693974,-0.18044724,12822.85,-0.12174709,0.00024630083,0.13528407,0.15693974,0.0105528926849365,14.545388793945335,0,0,0,0
28.711374537150107,41.911083,0.16319126,-0.00690213,-0.18887085,13180.85,-0.17009339,4.7639398e-05,0.16431762,-0.0690213,0.0099601470099555,15.083465194702171,0,0,0,0
29.489220873514853,41.598335,0.19145551,-0.020510709,-0.19890608,12322.55,-0.21196622,0.0004206892,0.1953824,-0.20510709,0.0117224762174818,14.637499321831626,0,0,0,0
29.40596796671552,41.716255,0.13620767,0.036290146,-0.15984432,12234.2,-0.09991753,0.0013169746,0.13126467,0.36290146,0.011005474726359,14.555287297566757,0,0,0,0
28.887657101949088,42.216995,0.14463823,0.02904686,-0.16647309,12216.5,-0.11559137,0.00084372,0.14043695,0.2904686,0.0088965702056884,14.813097466362876,0,0,0,0
28.81987374623617,42.888638,0.17796595,-0.005214993,-0.19223692,12258.75,-0.18318096,2.7196149e-05,0.17889404,-0.05214993,0.0110777473449707,15.02515818277996,0,0,0,0
29.383197085062704,41.844433,0.18666343,-0.016576063,-0.19985273,11812.4,-0.20323949,0.00027476586,0.18975757,-0.16576063,0.0116676606072319,14.912640349070244,0,0,0,0
29.234214401245158,40.374683,0.23245001,-0.042325146,-0.2295485,11426.3,-0.27477515,0.0017914182,0.24228849,-0.42325146,0.0105792490641276,15.068183570437984,0,0,0,0
29.437518374125176,41.10614,0.18559538,-0.02421272,-0.1993058,12080.7,-0.2098081,0.0005862558,0.19008915,-0.2421272,0.0114339447021484,14.832504208882654,0,0,0,0
29.53638579050701,41.306095,0.18250716,-0.009295884,-0.1991585,12245.95,-0.19180304,8.641345e-05,0.18420371,-0.09295884,0.0099408562978108,14.67159852981571,0,0,0,0
29.214689826965355,41.854687,0.16489014,-0.0039309617,-0.18507801,12668.1,-0.1688211,1.5452459e-05,0.16553831,-0.039309617,0.0111927111943562,15.171249326070182,0,0,0,0
28.775239880879724,42.945034,0.18585847,-0.023675928,-0.19192635,11717.15,-0.2095344,0.00056054955,0.19025885,-0.23675928,0.0100396521886189,15.071497853597007,0,0,0,0
28.81987374623617,44.310535,0.10481633,0.027564524,-0.12876396,13086.65,-0.07725181,0.000759803,0.101927124,0.27564524,0.0110777473449707,15.02515818277996,0,0,0,0
29.48794962565105,48.504444,0.06402927,0.09579001,-0.09395939,13716.9,0.031760745,0.009175727,0.057895906,0.9579001,0.0105528926849365,14.545388793945335,0,0,0,0
29.3144397099813,48.907772,0.087186374,0.074702114,-0.10364479,13036.85,-0.012484261,0.005580406,0.08067337,0.74702114,0.011785807079739,14.98104512956408,0,0,0,0
29.507907485961937,47.964397,0.03245837,0.03576665,-0.03723395,13478.9,0.0033082832,0.0012792534,0.03129744,0.3576665,0.0105171871185302,14.82529443105065,0,0,0,0
29.3144397099813,44.12767,0.13296677,0.02321805,-0.15849964,13984.8,-0.10974871,0.00053907785,0.12987953,0.2321805,0.011785807079739,14.98104512956408,0,0,0,0
29.426291084289588,43.28342,0.06980055,0.033803873,-0.11309634,14682.35,-0.035996675,0.0011427018,0.06744102,0.3380387299999999,0.0109315586090087,14.32123548719621,0,0,0,0
28.87584997812908,43.21164,0.05119198,0.032002762,-0.08096165,13253.8,-0.019189214,0.0010241768,0.049553692,0.3200276199999999,0.0109853935241699,15.018158531188988,0,0,0,0
29.383197085062704,42.85275,0.13788882,-0.007273483,-0.15324348,12727.55,-0.1451623,5.2903553e-05,0.13889176,-0.07273483,0.0116676606072319,14.912640349070244,0,0,0,0
29.48794962565105,40.22429,0.23165236,-0.05516735,-0.22906193,11629.15,-0.2868197,0.0030434367,0.244432,-0.5516734999999999,0.0105528926849365,14.545388793945335,0,0,0,0
29.437518374125176,40.05339,0.18953681,-0.02433762,-0.18305507,12459.75,-0.21387443,0.00059231976,0.19414969,-0.2433762,0.0114339447021484,14.832504208882654,0,0,0,0
29.25716981887821,40.810482,0.23064344,-0.05038168,-0.22792405,11717.55,-0.2810251,0.0025383136,0.24226363,-0.5038168,0.0098183250427246,14.7552871068319,0,0,0,0
28.87584997812908,41.256535,0.069456354,0.065169394,-0.102297924,14251.15,-0.004286957,0.0042470503,0.064929925,0.65169394,0.0109853935241699,15.018158531188988,0,0,0,0
29.63563849131268,42.251175,0.25321513,-0.06696302,-0.24248268,11285.2,-0.32017815,0.0044840463,0.27017117,-0.6696302,0.0094514126247829,14.539032554626488,0,0,0,0
29.437518374125176,43.589333,0.108778395,0.04635346,-0.12369881,12621.05,-0.062424935,0.0021486431,0.10373614,0.4635346,0.0114339447021484,14.832504208882654,0,0,0,0
29.13729852040612,46.37331,0.03700432,0.114761606,-0.065370284,14556.9,0.077757284,0.013170226,0.032757647,1.14761606,0.0113369719187418,14.88310012817385,0,0,0,0
29.21082426706954,46.63308,0.0339895,0.10256772,-0.060626272,14180.85,0.06857822,0.010520137,0.030503273,1.0256772,0.0117545138465033,14.92827011744184,0,0,0,0
29.48794962565105,45.177002,0.07230459,0.0691462,-0.099105604,13916.0,-0.003158388,0.0047811973,0.067305,0.691462,0.0105528926849365,14.545388793945335,0,0,0,0
28.711374537150107,41.60688,0.21209337,-0.036488492,-0.21968842,11834.9,-0.24858186,0.00133141,0.21983235,-0.3648849199999999,0.0099601470099555,15.083465194702171,0,0,0,0
29.437518374125176,41.53852,0.181454,-0.023682244,-0.19646005,12168.95,-0.20513624,0.00056084874,0.18575123,-0.23682244,0.0114339447021484,14.832504208882654,0,0,0,0
29.3144397099813,41.015564,0.17385048,-0.010253161,-0.190019,12363.6,-0.18410364,0.00010512731,0.175633,-0.10253161,0.011785807079739,14.98104512956408,0,0,0,0
29.498190180460654,41.046326,0.13858248,0.010737801,-0.15797813,12029.95,-0.12784468,0.00011530036,0.13709441,0.10737801,0.0103383498390515,14.389676666259788,0,0,0,0
29.48794962565105,42.437458,0.10560758,0.046714388,-0.13164458,12501.1,-0.05889319,0.0021822338,0.10067418,0.46714388,0.0105528926849365,14.545388793945335,0,0,0,0
29.437518374125176,42.24434,0.123818636,0.02844141,-0.14479205,12582.75,-0.09537723,0.00080891384,0.12029706,0.2844141,0.0114339447021484,14.832504208882654,0,0,0,0
28.775239880879724,41.870068,0.13506727,0.022043562,-0.16060649,12497.35,-0.11302371,0.00048591857,0.13208991,0.22043562,0.0100396521886189,15.071497853597007,0,0,0,0
28.87584997812908,41.79658,0.13418752,0.015671026,-0.16096307,12469.55,-0.1185165,0.00024558106,0.13208467,0.15671026,0.0109853935241699,15.018158531188988,0,0,0,0
28.71447588602703,42.328083,0.1517477,-0.00789623,-0.17463323,11987.75,-0.15964393,6.2350446e-05,0.15294594,-0.0789623,0.0101193030675252,15.129899597167991,0,0,0,0
28.87584997812908,42.924526,0.10046212,0.03140799,-0.13360934,13275.9,-0.069054134,0.0009864618,0.0973068,0.3140798999999999,0.0109853935241699,15.018158531188988,0,0,0,0
28.87584997812908,44.308826,0.13623385,0.004593055,-0.16546977,13031.15,-0.13164079,2.1096157e-05,0.13560812,0.04593055,0.0109853935241699,15.018158531188988,0,0,0,0
29.234214401245158,44.607903,0.14124481,0.01544982,-0.17349899,12611.7,-0.12579499,0.00023869694,0.13906261,0.1544982,0.0105792490641276,15.068183570437984,0,0,0,0
29.63563849131268,44.76342,0.13777925,0.02436394,-0.1683461,12691.9,-0.11341531,0.0005936016,0.1344224,0.2436394,0.0094514126247829,14.539032554626488,0,0,0,0
29.507907485961937,42.86471,0.12546432,0.015197839,-0.16664322,12374.75,-0.110266484,0.00023097431,0.12355754,0.15197839,0.0105171871185302,14.82529443105065,0,0,0,0
28.775239880879724,41.620552,0.18189391,-0.023753176,-0.20254946,12254.6,-0.20564708,0.0005642133,0.18621446,-0.23753176,0.0100396521886189,15.071497853597007,0,0,0,0
29.383197085062704,40.98138,0.2047184,-0.03377386,-0.2150134,12196.2,-0.23849225,0.0011406738,0.21163252,-0.3377386,0.0116676606072319,14.912640349070244,0,0,0,0
29.214689826965355,40.309742,0.23688583,-0.06558191,-0.23604758,11730.9,-0.30246773,0.0043009873,0.25242126,-0.6558191,0.0111927111943562,15.171249326070182,0,0,0,0
29.48794962565105,40.954037,0.17884846,-0.030506272,-0.19106649,12214.05,-0.20935473,0.0009306326,0.18430446,-0.30506272,0.0105528926849365,14.545388793945335,0,0,0,0
29.43544333775841,41.418888,0.19527724,-0.030740919,-0.20230135,11720.3,-0.22601816,0.0009450041,0.20128025,-0.30740919,0.0112120342254638,14.495665486653678,0,0,0,0
29.48794962565105,41.717964,0.21973202,-0.04900176,-0.22841278,11704.65,-0.26873377,0.0024011726,0.23049927,-0.4900176,0.0105528926849365,14.545388793945335,0,0,0,0
29.478845055898063,41.05658,0.2316916,-0.045592185,-0.23997708,11790.85,-0.2772838,0.0020786475,0.24225491,-0.45592185,0.0112010693550109,14.937810198466025,0,0,0,0
28.81987374623617,39.740643,0.2623307,-0.103755124,-0.25846016,12044.45,-0.36608583,0.010765125,0.28954887,-1.03755124,0.0110777473449707,15.02515818277996,0,0,0,0
29.48794962565105,39.63468,0.22158606,-0.07658808,-0.22591016,11772.5,-0.29817414,0.0058657336,0.23855692,-0.7658808,0.0105528926849365,14.545388793945335,0,0,0,0
28.81987374623617,40.475513,0.1924618,-0.048559822,-0.20415592,11683.45,-0.24102163,0.0023580564,0.20180772,-0.48559822,0.0110777473449707,15.02515818277996,0,0,0,0
28.71447588602703,41.03949,0.2201596,-0.06585763,-0.22482525,11659.45,-0.28601724,0.0043372265,0.2346588,-0.6585763,0.0101193030675252,15.129899597167991,0,0,0,0
29.383197085062704,41.81367,0.18885335,-0.022198671,-0.20097594,12286.0,-0.21105203,0.000492781,0.19304565,-0.22198671,0.0116676606072319,14.912640349070244,0,0,0,0
29.507907485961937,43.481663,0.13905172,-0.006485508,-0.16168486,12590.75,-0.14553723,4.2061813e-05,0.13995354,-0.06485508,0.0105171871185302,14.82529443105065,0,0,0,0
29.40596796671552,43.490208,0.1452054,-0.00041230078,-0.16733854,12961.1,-0.1456177,1.6999194e-07,0.14526525,-0.0041230078,0.011005474726359,14.555287297566757,0,0,0,0
29.425578371683784,44.238754,0.08140874,0.011043017,-0.10482197,13830.7,-0.07036572,0.000121948215,0.080509745,0.11043017,0.0115013901392618,14.729311084747335,0,0,0,0
29.383197085062704,44.980465,0.08078789,0.033782598,-0.10235668,13607.5,-0.047005292,0.0011412638,0.07805866,0.3378259799999999,0.0116676606072319,14.912640349070244,0,0,0,0
29.437518374125176,45.14453,0.12721649,-0.0011598095,-0.14420259,12530.3,-0.1283763,1.3451582e-06,0.12736404,-0.011598095,0.0114339447021484,14.832504208882654,0,0,0,0
28.863900438944512,46.899685,0.05705893,0.039127644,-0.08789056,13698.35,-0.017931284,0.0015309727,0.05482635,0.39127644,0.0106722672780354,15.035710430145286,0,0,0,0
29.21082426706954,47.825966,0.10066495,0.014041553,-0.12071643,12441.25,-0.0866234,0.00019716521,0.099251464,0.14041553,0.0117545138465033,14.92827011744184,0,0,0,0
29.383197085062704,45.52393,0.1358203,0.087303236,-0.13111244,13013.95,-0.04851707,0.0076218545,0.12396275,0.8730323600000001,0.0116676606072319,14.912640349070244,0,0,0,0
29.21082426706954,40.84979,0.28423616,-0.13343701,-0.26400265,10338.2,-0.41767317,0.017805435,0.3221638,-1.3343701,0.0117545138465033,14.92827011744184,0,0,0,0
29.0171795845032,41.36591,0.1922406,-0.07243478,-0.19244632,10785.65,-0.26467538,0.0052467976,0.2061655,-0.7243478000000001,0.0095214568244086,14.8354873021444,0,0,0,0
29.383197085062704,43.891827,0.10544745,-0.011095555,-0.119520985,11527.15,-0.116543,0.00012311134,0.10661744,-0.11095555,0.0116676606072319,14.912640349070244,0,0,0,0
28.87584997812908,44.430164,0.11686445,-0.00825349,-0.14778934,12796.7,-0.12511794,6.812008e-05,0.11782899,-0.0825349,0.0109853935241699,15.018158531188988,0,0,0,0
28.71447588602703,44.202866,0.12040236,-0.014972541,-0.14445348,12698.0,-0.1353749,0.00022417695,0.122205086,-0.14972541,0.0101193030675252,15.129899597167991,0,0,0,0
29.383197085062704,43.31589,0.1253911,-0.022305293,-0.1429805,12653.7,-0.14769639,0.0004975261,0.12818798,-0.22305293,0.0116676606072319,14.912640349070244,0,0,0,0
28.81987374623617,42.958706,0.1122282,-0.005571577,-0.13408487,12969.6,-0.117799774,3.1042473e-05,0.11285348,-0.05571577,0.0110777473449707,15.02515818277996,0,0,0,0
28.87584997812908,42.512653,0.14679654,-0.031494994,-0.16324548,12591.05,-0.17829153,0.0009919346,0.1514199,-0.31494994,0.0109853935241699,15.018158531188988,0,0,0,0
29.426291084289588,42.165726,0.16037673,-0.03400146,-0.17732371,12504.8,-0.19437818,0.0011560991,0.16582978,-0.3400145999999999,0.0109315586090087,14.32123548719621,0,0,0,0
29.234214401245158,41.81709,0.1452458,-0.027349072,-0.16113423,12685.8,-0.17259488,0.0007479717,0.14921814,-0.2734907199999999,0.0105792490641276,15.068183570437984,0,0,0,0
28.87584997812908,41.86836,0.19132034,-0.03917569,-0.20119277,11902.25,-0.23049603,0.0015347347,0.19881545,-0.3917568999999999,0.0109853935241699,15.018158531188988,0,0,0,0
29.425578371683784,41.753857,0.17957747,-0.054033425,-0.18917494,11881.2,-0.2336109,0.002919611,0.18928064,-0.54033425,0.0115013901392618,14.729311084747335,0,0,0,0
29.437518374125176,41.458195,0.09327292,0.006477566,-0.114918426,12655.5,-0.08679535,4.195886e-05,0.092668734,0.06477566,0.0114339447021484,14.832504208882654,0,0,0,0
28.863900438944512,42.45113,0.12348941,-0.010919911,-0.14176337,12634.95,-0.13440932,0.00011924445,0.1248379,-0.1091991099999999,0.0106722672780354,15.035710430145286,0,0,0,0
28.81987374623617,42.514362,0.2067111,-0.041394208,-0.20918566,12094.6,-0.2481053,0.0017134805,0.21526773,-0.41394208,0.0110777473449707,15.02515818277996,0,0,0,0
29.0171795845032,42.17598,0.18191266,-0.056576096,-0.18606481,11403.45,-0.23848876,0.0032008544,0.19220456,-0.56576096,0.0095214568244086,14.8354873021444,0,0,0,0
29.507907485961937,42.07515,0.0767591,0.006645203,-0.10048318,12962.45,-0.0701139,4.4158725e-05,0.07624902,0.06645203,0.0105171871185302,14.82529443105065,0,0,0,0
29.40596796671552,41.976025,0.15659456,-0.035084557,-0.16911228,12570.05,-0.19167912,0.0012309261,0.1620886,-0.35084557,0.011005474726359,14.555287297566757,0,0,0,0
29.507907485961937,42.83395,0.22732499,-0.05559838,-0.22852984,11828.0,-0.28292337,0.0030911795,0.23996389,-0.5559838,0.0105171871185302,14.82529443105065,0,0,0,0
28.71447588602703,43.1091,0.21229641,-0.042545635,-0.21732351,12232.5,-0.25484204,0.0018101311,0.22132869,-0.42545635,0.0101193030675252,15.129899597167991,0,0,0,0
29.53638579050701,43.4697,0.15623058,0.0018921617,-0.18028858,12068.6,-0.15433842,3.580276e-06,0.15593497,0.018921617,0.0099408562978108,14.67159852981571,0,0,0,0
29.507907485961937,43.27829,0.1550599,-0.007893468,-0.17154314,12210.8,-0.16295338,6.230684e-05,0.15628387,-0.07893468,0.0105171871185302,14.82529443105065,0,0,0,0
29.478845055898063,43.52268,0.19951965,-0.037919402,-0.20843707,11704.1,-0.23743905,0.001437881,0.20708531,-0.3791940199999999,0.0112010693550109,14.937810198466025,0,0,0,0
29.478845055898063,44.19261,0.11683999,0.0060198796,-0.13658598,12392.65,-0.11082011,3.623895e-05,0.116136625,0.060198796,0.0112010693550109,14.937810198466025,0,0,0,0
29.437518374125176,44.79931,0.12013614,0.008006531,-0.14080413,12177.15,-0.112129614,6.410453e-05,0.11917427,0.08006531,0.0114339447021484,14.832504208882654,0,0,0,0
29.425578371683784,44.79931,0.09138123,0.017899154,-0.11525895,12484.05,-0.073482074,0.00032037974,0.08974558,0.17899154,0.0115013901392618,14.729311084747335,0,0,0,0
28.87584997812908,43.843975,0.105336204,0.0036435283,-0.1290957,12552.3,-0.10169268,1.3275299e-05,0.1049524,0.036435283,0.0109853935241699,15.018158531188988,0,0,0,0
28.77436933517457,43.249237,0.11272651,-0.00047134238,-0.13287908,12437.85,-0.113197856,2.2216364e-07,0.11277964,-0.0047134238,0.0096894741058349,14.974113559722907,0,0,0,0
29.507907485961937,42.989468,0.13698314,-0.013587815,-0.15364696,12078.25,-0.15057096,0.00018462872,0.13884445,-0.13587815,0.0105171871185302,14.82529443105065,0,0,0,0
28.77436933517457,42.26827,0.14830126,-0.004255319,-0.16647944,12412.85,-0.15255658,1.8107741e-05,0.14893234,-0.04255319,0.0096894741058349,14.974113559722907,0,0,0,0
29.48794962565105,41.581245,0.1654718,-0.014245607,-0.17554492,12327.5,-0.1797174,0.00020293731,0.16782905,-0.14245607,0.0105528926849365,14.545388793945335,0,0,0,0
29.43544333775841,40.57122,0.23833075,-0.05694323,-0.23752876,11628.75,-0.295274,0.0032425316,0.25190207,-0.5694323,0.0112120342254638,14.495665486653678,0,0,0,0
29.383197085062704,40.680595,0.21391565,-0.042134956,-0.21964087,11605.5,-0.2560506,0.0017753546,0.22292897,-0.42134956,0.0116676606072319,14.912640349070244,0,0,0,0
29.234214401245158,40.836117,0.22952603,-0.031656116,-0.23190838,11544.75,-0.26118213,0.0010021096,0.23679194,-0.31656116,0.0105792490641276,15.068183570437984,0,0,0,0
29.63563849131268,41.653023,0.20716584,-0.04186619,-0.21332797,11659.65,-0.24903204,0.0017527778,0.21583909,-0.4186619,0.0094514126247829,14.539032554626488,0,0,0,0
28.967117881774925,41.077087,0.21375354,-0.058491573,-0.21445446,11572.1,-0.2722451,0.0034212642,0.22625633,-0.58491573,0.0105637062920464,14.902815755208335,0,0,0,0
29.383197085062704,41.133484,0.28297028,-0.10334715,-0.2689508,11089.7,-0.38631743,0.010680634,0.31221446,-1.0334715,0.0116676606072319,14.912640349070244,0,0,0,0
28.863900438944512,41.806835,0.20081177,-0.023033641,-0.20716484,11871.5,-0.22384542,0.0005305487,0.2054372,-0.23033641,0.0106722672780354,15.035710430145286,0,0,0,0
28.81987374623617,42.129837,0.21529236,-0.046529077,-0.21612336,11839.95,-0.26182145,0.0021649548,0.22530973,-0.46529077,0.0110777473449707,15.02515818277996,0,0,0,0
29.437518374125176,42.10762,0.20634921,-0.020179976,-0.2143124,11495.3,-0.22652918,0.00040723142,0.21051332,-0.20179976,0.0114339447021484,14.832504208882654,0,0,0,0
29.53638579050701,42.080276,0.19712518,-0.031900138,-0.20336424,11471.5,-0.22902532,0.0010176188,0.2034135,-0.31900138,0.0099408562978108,14.67159852981571,0,0,0,0
29.3144397099813,42.3503,0.11656553,0.039643724,-0.14919876,11773.9,-0.07692181,0.0015716247,0.11194444,0.3964372399999999,0.011785807079739,14.98104512956408,0,0,0,0
28.81987374623617,41.1557,0.20527112,-0.03645186,-0.21341231,11810.0,-0.24172299,0.0013287382,0.21275364,-0.3645186,0.0110777473449707,15.02515818277996,0,0,0,0
29.40596796671552,41.60517,0.18601519,-0.031007985,-0.19736452,11941.0,-0.21702318,0.0009614951,0.19178315,-0.31007985,0.011005474726359,14.555287297566757,0,0,0,0
29.21082426706954,41.18817,0.16020225,-0.012171417,-0.1988736,11922.45,-0.17237367,0.00014814339,0.16215213,-0.12171417,0.0117545138465033,14.92827011744184,0,0,0,0
29.489220873514853,40.74554,0.1349714,0.0074946634,-0.15715662,11896.95,-0.12747674,5.6169978e-05,0.13395983,0.074946634,0.0117224762174818,14.637499321831626,0,0,0,0
29.383197085062704,40.03801,0.17572866,-0.018396921,-0.20286827,12464.0,-0.19412558,0.0003384467,0.17896153,-0.18396921,0.0116676606072319,14.912640349070244,0,0,0,0
29.437518374125176,39.993576,0.1387114,0.010755175,-0.17147993,12578.2,-0.12795623,0.00011567379,0.13721953,0.10755175,0.0114339447021484,14.832504208882654,0,0,0,0
29.53638579050701,39.386875,0.21909326,-0.05309799,-0.22531629,11875.95,-0.27219126,0.0028193966,0.23072667,-0.5309799,0.0099408562978108,14.67159852981571,0,0,0,0
29.13729852040612,39.398838,0.16810633,-0.011671234,-0.19136077,12309.5,-0.17977756,0.0001362177,0.17006834,-0.11671234,0.0113369719187418,14.88310012817385,0,0,0,0
28.81987374623617,39.465492,0.14233716,-0.012816573,-0.16308127,12217.1,-0.15515374,0.00016426452,0.14416143,-0.12816573,0.0110777473449707,15.02515818277996,0,0,0,0
29.13729852040612,38.98697,0.24514848,-0.07728014,-0.2372501,11672.95,-0.3224286,0.0059722196,0.26409358,-0.7728014,0.0113369719187418,14.88310012817385,0,0,0,0
28.887657101949088,38.93057,0.25090158,-0.08221887,-0.23994294,11655.65,-0.33312044,0.0067599425,0.27153042,-0.8221887,0.0088965702056884,14.813097466362876,0,0,0,0
29.383197085062704,38.732327,0.2445265,-0.09904957,-0.23466913,11310.95,-0.34357607,0.009810817,0.26874676,-0.9904957,0.0116676606072319,14.912640349070244,0,0,0,0
28.967117881774925,40.234547,0.22352861,-0.07279486,-0.22153677,11736.75,-0.29632345,0.0052990913,0.23980033,-0.7279486000000001,0.0105637062920464,14.902815755208335,0,0,0,0
29.43544333775841,42.43575,0.12970467,0.005343916,-0.15544386,13051.65,-0.12436075,2.8557439e-05,0.12901153,0.05343916,0.0112120342254638,14.495665486653678,0,0,0,0
28.77436933517457,41.383,0.1742071,-0.04918225,-0.19245131,12525.0,-0.22338936,0.0024188939,0.182775,-0.4918224999999999,0.0096894741058349,14.974113559722907,0,0,0,0
29.234214401245158,41.40009,0.16948164,-0.04519513,-0.18925059,12377.25,-0.21467677,0.0020425997,0.17714138,-0.4519513,0.0105792490641276,15.068183570437984,0,0,0,0
28.967117881774925,41.88545,0.12017504,0.0095716575,-0.15662406,12953.4,-0.11060338,9.1616625e-05,0.11902476,0.095716575,0.0105637062920464,14.902815755208335,0,0,0,0
29.437518374125176,41.31635,0.15500347,-0.011860989,-0.17212242,12414.65,-0.16686445,0.00014068307,0.15684196,-0.11860989,0.0114339447021484,14.832504208882654,0,0,0,0
29.507907485961937,40.819027,0.1869372,-0.027495027,-0.20669162,12055.35,-0.21443222,0.00075597654,0.19207704,-0.27495027,0.0105171871185302,14.82529443105065,0,0,0,0
29.214689826965355,40.511406,0.1956417,-0.05147381,-0.20142864,12320.95,-0.24711551,0.0026495531,0.20571212,-0.5147381,0.0111927111943562,15.171249326070182,0,0,0,0
28.71447588602703,40.989925,0.20175526,-0.051422257,-0.21079162,12206.4,-0.25317752,0.0026442483,0.21212997,-0.51422257,0.0101193030675252,15.129899597167991,0,0,0,0
28.87584997812908,41.55732,0.11796733,0.03226073,-0.15053411,13377.8,-0.0857066,0.0010407548,0.11416162,0.3226073,0.0109853935241699,15.018158531188988,0,0,0,0
29.507907485961937,41.67353,0.15227935,0.0019161041,-0.17842786,12251.35,-0.15036324,3.671455e-06,0.15198755,0.019161041,0.0105171871185302,14.82529443105065,0,0,0,0
29.48794962565105,41.96577,0.13503031,0.025356133,-0.17084405,12843.5,-0.10967418,0.0006429335,0.13160646,0.25356133,0.0105528926849365,14.545388793945335,0,0,0,0
29.425578371683784,40.473804,0.223786,-0.06620747,-0.2249339,11791.1,-0.28999346,0.004383429,0.2386023,-0.6620747,0.0115013901392618,14.729311084747335,0,0,0,0
29.0171795845032,40.458424,0.24951191,-0.07857792,-0.24745762,11567.85,-0.32808983,0.0061744894,0.26911804,-0.7857791999999999,0.0095214568244086,14.8354873021444,0,0,0,0
29.426291084289588,41.292423,0.13739167,0.0013491185,-0.16284816,12275.7,-0.13604255,1.8201208e-06,0.1372063,0.013491185,0.0109315586090087,14.32123548719621,0,0,0,0
29.40596796671552,41.41718,0.11363475,0.023656048,-0.14763017,12101.2,-0.0899787,0.00055960857,0.1109466,0.23656048,0.011005474726359,14.555287297566757,0,0,0,0
28.775239880879724,41.326603,0.15561034,0.0043194373,-0.179679,12507.45,-0.1512909,1.865754e-05,0.15493819,0.043194373,0.0100396521886189,15.071497853597007,0,0,0,0
29.25716981887821,41.67524,0.12660557,0.015725702,-0.16314827,12169.4,-0.11087987,0.00024729772,0.124614604,0.15725702,0.0098183250427246,14.7552871068319,0,0,0,0
29.425578371683784,42.840786,0.101379864,0.06986282,-0.14671782,12764.1,-0.031517044,0.0048808134,0.09429718,0.6986282,0.0115013901392618,14.729311084747335,0,0,0,0
29.25716981887821,43.314182,0.0980937,0.07484975,-0.1426254,12673.75,-0.023243962,0.005602484,0.09075142,0.7484975,0.0098183250427246,14.7552871068319,0,0,0,0
29.478845055898063,44.052475,0.10107994,0.076085754,-0.14782907,12962.2,-0.024994187,0.005789042,0.0933892,0.76085754,0.0112010693550109,14.937810198466025,0,0,0,0
29.587538973490425,43.767067,0.098756306,0.0798463,-0.14277723,12771.8,-0.01891,0.006375432,0.09087098,0.7984629999999999,0.011531532605489,14.80689392089846,0,0,0,0
29.234214401245158,43.28171,0.09154503,0.06504909,-0.12968837,12566.75,-0.026495937,0.004231384,0.08559011,0.6504909000000001,0.0105792490641276,15.068183570437984,0,0,0,0
29.478845055898063,42.840786,0.08463244,0.07115627,-0.12274977,12631.2,-0.013476169,0.005063215,0.07861031,0.7115627,0.0112010693550109,14.937810198466025,0,0,0,0
29.507907485961937,42.164017,0.09652136,0.04874871,-0.13660929,12508.65,-0.047772657,0.0023764365,0.091816075,0.4874871,0.0105171871185302,14.82529443105065,0,0,0,0
28.887657101949088,41.237732,0.110751316,0.039284915,-0.14730999,12429.2,-0.0714664,0.0015433047,0.10640046,0.39284915,0.0088965702056884,14.813097466362876,0,0,0,0
29.234214401245158,40.791683,0.11536917,0.022741603,-0.14344044,12834.6,-0.09262756,0.0005171805,0.112745486,0.22741603,0.0105792490641276,15.068183570437984,0,0,0,0
28.775239880879724,40.15593,0.0909536,0.03461723,-0.13151833,12368.35,-0.056336377,0.0011983525,0.08780504,0.3461723,0.0100396521886189,15.071497853597007,0,0,0,0
29.507907485961937,39.904705,0.11216061,0.029546387,-0.15855783,12102.0,-0.08261422,0.000872989,0.108846664,0.29546387,0.0105171871185302,14.82529443105065,0,0,0,0
29.383197085062704,39.08438,0.111149795,0.02570443,-0.14325118,12304.35,-0.08544537,0.0006607177,0.10829275,0.2570443,0.0116676606072319,14.912640349070244,0,0,0,0
28.81987374623617,38.614403,0.09982695,0.0158494,-0.1337379,12736.2,-0.08397755,0.00025120348,0.09824475,0.158494,0.0110777473449707,15.02515818277996,0,0,0,0
28.77436933517457,38.04872,0.06486534,0.02606926,-0.092751,12692.75,-0.038796082,0.0006796063,0.06317435,0.2606926,0.0096894741058349,14.974113559722907,0,0,0,0
29.0171795845032,37.575325,0.13146627,-0.04915472,-0.14437838,12250.9,-0.180621,0.0024161865,0.13792846,-0.4915471999999999,0.0095214568244086,14.8354873021444,0,0,0,0
29.21082426706954,39.8654,0.109701164,0.034479603,-0.14367774,12258.15,-0.07522156,0.001188843,0.10591871,0.34479603,0.0117545138465033,14.92827011744184,0,0,0,0
29.43544333775841,40.651543,0.11798165,0.03073399,-0.13588487,11860.4,-0.08724766,0.0009445781,0.1143556,0.3073399,0.0112120342254638,14.495665486653678,0,0,0,0
29.0171795845032,40.531914,0.105769396,0.04005084,-0.13373595,12754.55,-0.065718554,0.0016040697,0.10153324,0.4005084,0.0095214568244086,14.8354873021444,0,0,0,0
29.383197085062704,40.74725,0.08001434,0.04036405,-0.11278407,12915.85,-0.03965029,0.0016292565,0.07678464,0.4036404999999999,0.0116676606072319,14.912640349070244,0,0,0,0
28.87584997812908,41.311222,0.082393244,0.048127692,-0.11537433,12715.3,-0.034265555,0.0023162747,0.07842785,0.48127692,0.0109853935241699,15.018158531188988,0,0,0,0
29.63563849131268,41.044617,0.109724194,0.05637059,-0.14407602,12535.35,-0.053353604,0.0031776433,0.103538975,0.5637059,0.0094514126247829,14.539032554626488,0,0,0,0
29.437518374125176,40.19011,0.10232934,0.05194765,-0.14303833,11952.35,-0.050381698,0.0026985584,0.09701358,0.5194765,0.0114339447021484,14.832504208882654,0,0,0,0
29.214689826965355,38.870754,0.10257801,0.054596186,-0.14359647,11865.0,-0.04798182,0.0029807435,0.09697764,0.54596186,0.0111927111943562,15.171249326070182,0,0,0,0
29.425578371683784,39.15274,0.115365185,0.017280025,-0.14053246,11920.2,-0.09808516,0.00029859928,0.11337167,0.17280025,0.0115013901392618,14.729311084747335,0,0,0,0
28.967117881774925,39.082672,0.09787675,0.034095224,-0.13658702,12481.5,-0.06378152,0.0011624843,0.09453962,0.34095224,0.0105637062920464,14.902815755208335,0,0,0,0
29.63563849131268,39.16812,0.11511167,0.02528393,-0.14861596,12295.9,-0.08982774,0.00063927716,0.11220119,0.2528393,0.0094514126247829,14.539032554626488,0,0,0,0
29.214689826965355,39.33048,0.18445463,-0.038564015,-0.19567323,11591.7,-0.22301865,0.0014871834,0.19156794,-0.38564015,0.0111927111943562,15.171249326070182,0,0,0,0
29.21082426706954,38.923733,0.22389159,-0.080196194,-0.22966903,11376.25,-0.3040878,0.00643143,0.24184684,-0.80196194,0.0117545138465033,14.92827011744184,0,0,0,0
29.48794962565105,39.84831,0.12936988,0.026415324,-0.15739103,12033.4,-0.10295457,0.00069776934,0.12595254,0.26415324,0.0105528926849365,14.545388793945335,0,0,0,0
29.53638579050701,39.802166,0.13076466,0.0070102313,-0.1622131,11779.15,-0.123754434,4.9143342e-05,0.12984797,0.070102313,0.0099408562978108,14.67159852981571,0,0,0,0
29.426291084289588,38.997223,0.10044647,0.026069708,-0.1379748,12105.95,-0.07437676,0.0006796297,0.09782786,0.26069708,0.0109315586090087,14.32123548719621,0,0,0,0
29.21082426706954,38.74087,0.08671965,0.041855343,-0.12461395,12535.9,-0.044864304,0.0017518697,0.08308996,0.41855343,0.0117545138465033,14.92827011744184,0,0,0,0
29.425578371683784,39.10318,0.101966664,0.03133479,-0.13785128,12239.95,-0.07063188,0.0009818691,0.09877156,0.3133479,0.0115013901392618,14.729311084747335,0,0,0,0
28.77436933517457,40.126877,0.1258332,0.008208339,-0.15317468,12035.95,-0.117624864,6.737683e-05,0.12480032,0.08208339,0.0096894741058349,14.974113559722907,0,0,0,0
29.40596796671552,39.079254,0.14352566,-0.0060037114,-0.17508197,11796.75,-0.14952937,3.6044552e-05,0.14438735,-0.060037114,0.011005474726359,14.555287297566757,0,0,0,0
28.711374537150107,38.94595,0.18992878,-0.034995355,-0.21024315,11975.2,-0.22492415,0.0012246749,0.19657542,-0.34995355,0.0099601470099555,15.083465194702171,0,0,0,0
29.40596796671552,39.735516,0.1786766,-0.017296875,-0.19500345,11846.55,-0.19597349,0.00029918188,0.18176717,-0.17296875,0.011005474726359,14.555287297566757,0,0,0,0
29.40596796671552,41.253117,0.13119951,-0.01619867,-0.14428563,12655.4,-0.14739817,0.00026239693,0.13332477,-0.1619866999999999,0.011005474726359,14.555287297566757,0,0,0,0
29.234214401245158,41.747017,0.1709645,-0.027380258,-0.18581933,12170.75,-0.19834475,0.0007496785,0.17564555,-0.27380258,0.0105792490641276,15.068183570437984,0,0,0,0
29.426291084289588,42.05977,0.10270345,0.036195043,-0.13634412,12442.25,-0.06650841,0.0013100812,0.0989861,0.36195043,0.0109315586090087,14.32123548719621,0,0,0,0
28.81987374623617,41.666695,0.10331058,0.030878076,-0.13947833,12634.4,-0.0724325,0.00095345563,0.10012055,0.30878076,0.0110777473449707,15.02515818277996,0,0,0,0
28.711374537150107,41.095886,0.105283745,0.03947388,-0.14611696,12578.15,-0.06580987,0.0015581871,0.10112779,0.3947388,0.0099601470099555,15.083465194702171,0,0,0,0
29.234214401245158,40.564384,0.110891774,0.02708523,-0.14928074,12348.2,-0.083806545,0.0007336096,0.107888244,0.2708523,0.0105792490641276,15.068183570437984,0,0,0,0
29.437518374125176,40.183273,0.12574746,0.014839254,-0.15734631,12137.85,-0.110908195,0.00022020347,0.12388145,0.14839254,0.0114339447021484,14.832504208882654,0,0,0,0
28.81987374623617,40.497734,0.12195122,0.023850033,-0.152478,12035.7,-0.098101184,0.00056882406,0.11904268,0.2385003299999999,0.0110777473449707,15.02515818277996,0,0,0,0
28.87584997812908,40.08757,0.14221506,-0.009013625,-0.1628688,11717.65,-0.15122868,8.1245424e-05,0.14349693,-0.09013625,0.0109853935241699,15.018158531188988,0,0,0,0
29.478845055898063,39.60221,0.14934814,-0.04006541,-0.16255386,11488.65,-0.18941355,0.0016052374,0.15533184,-0.4006541,0.0112010693550109,14.937810198466025,0,0,0,0
29.48794962565105,40.600273,0.09515331,0.041290626,-0.14336172,12011.5,-0.053862683,0.0017049157,0.091224365,0.4129062599999999,0.0105528926849365,14.545388793945335,0,0,0,0
29.43544333775841,39.887615,0.09882518,0.03817169,-0.1467628,12153.7,-0.060653493,0.0014570778,0.09505285,0.3817169,0.0112120342254638,14.495665486653678,0,0,0,0
28.77436933517457,40.977962,0.11164903,0.028819289,-0.15452793,12007.95,-0.082829736,0.00083055143,0.108431384,0.28819289,0.0096894741058349,14.974113559722907,0,0,0,0
29.48794962565105,42.562218,0.115982465,0.031770047,-0.16106293,12700.9,-0.084212415,0.0010093357,0.11229769,0.31770047,0.0105528926849365,14.545388793945335,0,0,0,0
28.967117881774925,42.54,0.09999831,0.044227555,-0.1443109,12677.35,-0.05577076,0.0019560768,0.09557563,0.44227555,0.0105637062920464,14.902815755208335,0,0,0,0
29.3144397099813,42.493855,0.2124148,-0.013191875,-0.22721586,11941.2,-0.22560668,0.00017402558,0.21521695,-0.13191875,0.011785807079739,14.98104512956408,0,0,0,0
29.48794962565105,41.962353,0.20980382,0.0060831406,-0.22840393,11992.15,-0.20372069,3.7004604e-05,0.20852755,0.060831406,0.0105528926849365,14.545388793945335,0,0,0,0
29.383197085062704,39.96452,0.12541986,0.0035118803,-0.14737436,12004.2,-0.12190797,1.2333303e-05,0.12497939,0.035118803,0.0116676606072319,14.912640349070244,0,0,0,0
29.48794962565105,39.58854,0.11070599,0.025742326,-0.13209334,12175.6,-0.084963664,0.0006626673,0.107856154,0.25742326,0.0105528926849365,14.545388793945335,0,0,0,0
29.40596796671552,39.60563,0.18513016,-0.02974904,-0.18936256,11991.15,-0.2148792,0.00088500534,0.1906376,-0.2974904,0.011005474726359,14.555287297566757,0,0,0,0
28.87584997812908,40.43279,0.20273566,-0.045050386,-0.20156756,11998.15,-0.24778605,0.0020295372,0.21186899,-0.45050386,0.0109853935241699,15.018158531188988,0,0,0,0
29.214689826965355,40.593437,0.23043145,-0.06910575,-0.22654858,11745.55,-0.2995372,0.0047756047,0.2463556,-0.6910574999999999,0.0111927111943562,15.171249326070182,0,0,0,0
29.214689826965355,41.07025,0.15031628,-0.012894291,-0.16515921,12104.8,-0.16321059,0.00016626275,0.1522545,-0.12894291,0.0111927111943562,15.171249326070182,0,0,0,0
29.0171795845032,41.277042,0.13379286,0.007818704,-0.1493773,12286.95,-0.12597416,6.113213e-05,0.13274677,0.0781870399999999,0.0095214568244086,14.8354873021444,0,0,0,0
29.234214401245158,39.24332,0.13997799,-0.044622984,-0.14058405,11411.7,-0.18460096,0.0019912105,0.14622422,-0.44622984,0.0105792490641276,15.068183570437984,0,0,0,0
29.3144397099813,36.65246,0.0024048868,-0.045421485,0.0025843503,10215.2,-0.047826372,0.0020631112,0.0025141202,-0.4542148499999999,0.011785807079739,14.98104512956408,0,0,0,0
28.87584997812908,37.45228,0.028619148,-0.020031782,-0.02803907,10574.5,-0.04865093,0.0004012723,0.029192442,-0.20031782,0.0109853935241699,15.018158531188988,0,0,0,0
29.426291084289588,40.648125,0.17671157,-0.033054452,-0.18749234,11940.5,-0.20976602,0.0010925967,0.18255267,-0.33054452,0.0109315586090087,14.32123548719621,0,0,0,0
29.507907485961937,40.77972,0.15746985,-0.006110754,-0.18342361,12337.55,-0.16358061,3.7341313e-05,0.15843211,-0.06110754,0.0105171871185302,14.82529443105065,0,0,0,0
29.48794962565105,41.05829,0.19922712,-0.044512033,-0.20214656,11585.35,-0.24373916,0.0019813213,0.20809513,-0.44512033,0.0105528926849365,14.545388793945335,0,0,0,0
28.887657101949088,41.470158,0.1860283,-0.018198118,-0.19789067,11810.55,-0.20422642,0.00033117147,0.18941367,-0.18198118,0.0088965702056884,14.813097466362876,0,0,0,0
29.234214401245158,42.309284,0.20010163,-0.0014842458,-0.2194358,11894.95,-0.20158587,2.2029856e-06,0.20039864,-0.014842458,0.0105792490641276,15.068183570437984,0,0,0,0
29.478845055898063,42.69381,0.07802573,0.022073815,-0.10853108,12525.55,-0.055951916,0.0004872533,0.07630341,0.22073815,0.0112010693550109,14.937810198466025,0,0,0,0
29.40596796671552,42.93307,0.0862275,0.022582853,-0.11408673,12198.4,-0.06364465,0.00050998526,0.08428024,0.22582853,0.011005474726359,14.555287297566757,0,0,0,0
29.21082426706954,42.683556,0.07199801,0.035433512,-0.1031717,12494.2,-0.036564495,0.0012555338,0.06944686,0.35433512,0.0117545138465033,14.92827011744184,0,0,0,0
29.234214401245158,43.025356,0.08112926,0.031246435,-0.11012739,12177.2,-0.049882825,0.0009763397,0.07859426,0.31246435,0.0105792490641276,15.068183570437984,0,0,0,0
29.426291084289588,43.098846,0.07780052,0.034343306,-0.10766298,12672.85,-0.043457214,0.0011794628,0.07512859,0.3434330599999999,0.0109315586090087,14.32123548719621,0,0,0,0
29.489220873514853,42.88522,0.07938063,0.029022915,-0.10942867,12651.65,-0.050357714,0.00084232964,0.07707678,0.29022915,0.0117224762174818,14.637499321831626,0,0,0,0
29.63563849131268,41.936718,0.10975501,0.0056749345,-0.13433596,12210.05,-0.10408008,3.2204884e-05,0.10913216,0.056749345,0.0094514126247829,14.539032554626488,0,0,0,0
28.711374537150107,41.512886,0.11415203,0.015508472,-0.1405126,12237.25,-0.098643556,0.0002405127,0.112381704,0.15508472,0.0099601470099555,15.083465194702171,0,0,0,0
29.40596796671552,41.687202,0.15042199,0.008517345,-0.18803716,12289.15,-0.14190464,7.2545175e-05,0.14914079,0.08517345,0.011005474726359,14.555287297566757,0,0,0,0
29.214689826965355,41.412052,0.16669457,-0.006947955,-0.19943564,12190.9,-0.17364252,4.8274083e-05,0.16785274,-0.06947955,0.0111927111943562,15.171249326070182,0,0,0,0
28.967117881774925,41.167664,0.20203777,-0.05264586,-0.20704435,11823.45,-0.2546836,0.0027715864,0.21267422,-0.5264586,0.0105637062920464,14.902815755208335,0,0,0,0
29.425578371683784,41.102722,0.19465458,-0.041563842,-0.20856617,11824.45,-0.23621844,0.001727553,0.20274518,-0.4156384199999999,0.0115013901392618,14.729311084747335,0,0,0,0
29.437518374125176,41.46332,0.22670771,-0.03826169,-0.23799284,11710.75,-0.2649694,0.001463957,0.23538193,-0.3826169,0.0114339447021484,14.832504208882654,0,0,0,0
28.71447588602703,41.794872,0.10825502,0.038192604,-0.15481068,14105.95,-0.07006242,0.001458675,0.10412048,0.3819260399999999,0.0101193030675252,15.129899597167991,0,0,0,0
29.25716981887821,41.858105,0.1426449,0.010428043,-0.16496406,12221.45,-0.13221686,0.00010874409,0.14115739,0.10428043,0.0098183250427246,14.7552871068319,0,0,0,0
29.21082426706954,42.550255,0.21098518,-0.03206919,-0.22131364,11527.9,-0.24305438,0.001028433,0.21775131,-0.3206919,0.0117545138465033,14.92827011744184,0,0,0,0
28.967117881774925,42.72799,0.19365962,-0.021529559,-0.21350418,12058.6,-0.21518917,0.0004635219,0.19782902,-0.21529559,0.0105637062920464,14.902815755208335,0,0,0,0
29.21082426706954,42.55709,0.08623176,0.058525153,-0.13965195,15292.4,-0.027706612,0.0034251935,0.081185035,0.5852515300000001,0.0117545138465033,14.92827011744184,0,0,0,0
29.426291084289588,42.216995,0.08689929,0.028075239,-0.1378779,15023.85,-0.058824047,0.00078821904,0.084459566,0.2807523899999999,0.0109315586090087,14.32123548719621,0,0,0,0
29.383197085062704,41.601753,0.08826951,0.056575604,-0.13299361,14206.95,-0.031693902,0.003200799,0.08327561,0.56575604,0.0116676606072319,14.912640349070244,0,0,0,0
29.214689826965355,41.854687,0.093892865,0.042968445,-0.14328405,14243.35,-0.050924424,0.0018462873,0.089858435,0.42968445,0.0111927111943562,15.171249326070182,0,0,0,0
29.48794962565105,41.07196,0.2123565,-0.029747058,-0.2208838,12106.9,-0.24210355,0.0008848875,0.21867347,-0.29747058,0.0105528926849365,14.545388793945335,0,0,0,0
29.383197085062704,41.063416,0.16788752,-0.00022506049,-0.1879845,12564.9,-0.16811259,5.0652222e-08,0.16792531,-0.0022506049,0.0116676606072319,14.912640349070244,0,0,0,0
29.43544333775841,40.97967,0.14010707,-0.010225077,-0.17101502,11812.9,-0.15033214,0.00010455221,0.14153968,-0.10225077,0.0112120342254638,14.495665486653678,0,0,0,0
29.0171795845032,41.215515,0.19117446,-0.007194245,-0.20819065,11904.4,-0.19836871,5.1757157e-05,0.19254982,-0.07194245,0.0095214568244086,14.8354873021444,0,0,0,0
29.437518374125176,42.05635,0.17423642,0.039412662,-0.212596,12198.5,-0.13482375,0.001553358,0.16736929,0.39412662,0.0114339447021484,14.832504208882654,0,0,0,0
29.478845055898063,40.008957,0.20519309,-0.04181374,-0.21539436,11604.05,-0.24700682,0.0017483887,0.21377297,-0.4181374,0.0112010693550109,14.937810198466025,0,0,0,0
28.967117881774925,39.754314,0.20487647,-0.044991657,-0.2148594,11274.7,-0.24986812,0.0020242492,0.2140942,-0.4499165699999999,0.0105637062920464,14.902815755208335,0,0,0,0
29.214689826965355,40.116623,0.1984139,-0.027586108,-0.22101511,12043.85,-0.226,0.0007609934,0.20388736,-0.27586108,0.0111927111943562,15.171249326070182,0,0,0,0
29.498190180460654,40.36443,0.22833884,-0.058977798,-0.23965183,11438.15,-0.28731662,0.0034783806,0.24180576,-0.58977798,0.0103383498390515,14.389676666259788,0,0,0,0
28.967117881774925,41.873486,0.12583695,0.021346174,-0.15415914,12328.2,-0.10449079,0.00045565914,0.12315082,0.2134617399999999,0.0105637062920464,14.902815755208335,0,0,0,0
28.967117881774925,42.40328,0.09365366,0.03257727,-0.12771872,12898.65,-0.061076384,0.0010612785,0.09060267,0.3257726999999999,0.0105637062920464,14.902815755208335,0,0,0,0
29.63563849131268,43.05612,0.105226405,0.02400148,-0.1329337,12425.0,-0.081224926,0.00057607103,0.10270082,0.2400147999999999,0.0094514126247829,14.539032554626488,0,0,0,0
28.887657101949088,42.765587,0.1224507,0.014260065,-0.14837416,12648.55,-0.10819064,0.00020334944,0.12070455,0.14260065,0.0088965702056884,14.813097466362876,0,0,0,0
29.507907485961937,41.44965,0.19669767,-0.030418957,-0.2179591,12119.85,-0.22711663,0.0009253129,0.202681,-0.30418957,0.0105171871185302,14.82529443105065,0,0,0,0
29.53638579050701,41.181335,0.1862509,-0.027865523,-0.21251643,12373.6,-0.21411642,0.0007764874,0.19144088,-0.27865523,0.0099408562978108,14.67159852981571,0,0,0,0
28.71447588602703,40.51995,0.20433103,-0.036400735,-0.22445126,12043.45,-0.24073176,0.0013250136,0.21176884,-0.3640073499999999,0.0101193030675252,15.129899597167991,0,0,0,0
29.25716981887821,41.318058,0.18517476,-0.010614692,-0.19985761,11635.3,-0.19578946,0.0001126717,0.18714035,-0.10614692,0.0098183250427246,14.7552871068319,0,0,0,0
29.383197085062704,41.09076,0.22222608,-0.041165594,-0.22697718,11485.5,-0.26339167,0.0016946062,0.23137414,-0.41165594,0.0116676606072319,14.912640349070244,0,0,0,0
28.87584997812908,40.26531,0.18187228,-0.012029777,-0.21167141,12200.9,-0.19390205,0.00014471554,0.18406016,-0.12029777,0.0109853935241699,15.018158531188988,0,0,0,0
29.425578371683784,39.875652,0.15510848,-0.018949283,-0.1882194,12366.95,-0.17405777,0.00035907532,0.15804768,-0.18949283,0.0115013901392618,14.729311084747335,0,0,0,0
28.81987374623617,40.097824,0.21956848,-0.049107626,-0.22214596,11148.45,-0.2686761,0.002411559,0.23035096,-0.49107626,0.0110777473449707,15.02515818277996,0,0,0,0
29.234214401245158,40.145676,0.18369451,-0.027101913,-0.21853171,12036.65,-0.21079643,0.00073451374,0.18867299,-0.27101913,0.0105792490641276,15.068183570437984,0,0,0,0
29.383197085062704,40.8327,0.22446778,-0.038607363,-0.2358166,11398.4,-0.26307514,0.0014905283,0.2331339,-0.38607363,0.0116676606072319,14.912640349070244,0,0,0,0
29.383197085062704,41.4975,0.19627693,-0.013609947,-0.21061417,11663.45,-0.20988688,0.00018523065,0.19894825,-0.13609947,0.0116676606072319,14.912640349070244,0,0,0,0
28.87584997812908,42.19478,0.11230449,0.022063991,-0.13983971,12405.5,-0.09024049,0.00048681974,0.1098266,0.22063991,0.0109853935241699,15.018158531188988,0,0,0,0
29.489220873514853,41.53852,0.13963358,0.0032590984,-0.16065781,12290.1,-0.13637447,1.0621722e-05,0.1391785,0.0325909839999999,0.0117224762174818,14.637499321831626,0,0,0,0
29.234214401245158,41.67353,0.14988343,0.0012940156,-0.16735768,12034.55,-0.14858942,1.6744763e-06,0.14968948,0.012940156,0.0105792490641276,15.068183570437984,0,0,0,0
29.489220873514853,41.844433,0.13135271,0.0040892307,-0.15297651,12308.0,-0.12726347,1.6721808e-05,0.13081557,0.040892307,0.0117224762174818,14.637499321831626,0,0,0,0
29.0171795845032,42.061478,0.12646762,0.009208329,-0.14935215,12274.9,-0.11725929,8.479332e-05,0.12530306,0.09208329,0.0095214568244086,14.8354873021444,0,0,0,0
29.234214401245158,42.020462,0.1789262,-0.017814325,-0.19610691,12041.55,-0.19674052,0.00031735018,0.18211365,-0.1781432499999999,0.0105792490641276,15.068183570437984,0,0,0,0
29.234214401245158,41.955517,0.23167287,-0.053656656,-0.24146001,11378.75,-0.28532952,0.0028790368,0.24410367,-0.53656656,0.0105792490641276,15.068183570437984,0,0,0,0
29.21082426706954,41.940136,0.19234434,-0.006624066,-0.2090981,11728.35,-0.1989684,4.387825e-05,0.19361843,-0.0662406599999999,0.0117545138465033,14.92827011744184,0,0,0,0
29.383197085062704,41.562447,0.17729372,-0.019976709,-0.19693041,11887.0,-0.19727042,0.0003990689,0.18083547,-0.1997670899999999,0.0116676606072319,14.912640349070244,0,0,0,0
29.437518374125176,41.811962,0.20159289,-0.00913331,-0.2168032,11299.85,-0.2107262,8.3417355e-05,0.2034341,-0.0913331,0.0114339447021484,14.832504208882654,0,0,0,0
29.383197085062704,41.829052,0.17598774,-0.007469684,-0.19137377,11328.7,-0.18345742,5.5796176e-05,0.17730232,-0.07469684,0.0116676606072319,14.912640349070244,0,0,0,0
28.967117881774925,41.634224,0.21520278,-0.054637987,-0.22138634,11046.15,-0.26984078,0.0029853096,0.22696103,-0.54637987,0.0105637062920464,14.902815755208335,0,0,0,0
29.48794962565105,41.974316,0.18905453,-0.022851815,-0.19400421,10864.5,-0.21190636,0.00052220543,0.19337478,-0.22851815,0.0105528926849365,14.545388793945335,0,0,0,0
28.87584997812908,41.46332,0.20286725,-0.024973325,-0.21064456,11209.15,-0.22784057,0.000623667,0.20793353,-0.24973325,0.0109853935241699,15.018158531188988,0,0,0,0
29.425578371683784,41.582954,0.20813364,-0.037488814,-0.22231202,11549.4,-0.24562246,0.0014054113,0.21593632,-0.37488814,0.0115013901392618,14.729311084747335,0,0,0,0
29.63563849131268,42.4648,0.13578525,0.029606244,-0.16950248,12032.3,-0.106179014,0.0008765296,0.13176516,0.29606244,0.0094514126247829,14.539032554626488,0,0,0,0
29.40596796671552,42.581017,0.14130116,0.03291777,-0.16348831,12198.25,-0.10838338,0.0010835797,0.13664983,0.3291777,0.011005474726359,14.555287297566757,0,0,0,0
29.507907485961937,42.64083,0.1665877,-0.0047305976,-0.1849066,11821.05,-0.1713183,2.2378556e-05,0.16737576,-0.047305976,0.0105171871185302,14.82529443105065,0,0,0,0
29.25716981887821,42.121292,0.10896422,0.0139818005,-0.13441166,12456.25,-0.09498242,0.00019549075,0.10744071,0.139818005,0.0098183250427246,14.7552871068319,0,0,0,0
29.53638579050701,41.14032,0.11323403,0.013411254,-0.1409361,12716.95,-0.099822775,0.00017986172,0.11171541,0.13411254,0.0099408562978108,14.67159852981571,0,0,0,0
29.13729852040612,39.600502,0.2683493,-0.12999058,-0.26954085,11229.95,-0.39833987,0.01689755,0.30323216,-1.2999058,0.0113369719187418,14.88310012817385,0,0,0,0
29.21082426706954,40.936947,0.22736132,-0.07431827,-0.23877959,11919.0,-0.30167958,0.005523205,0.24425843,-0.7431827000000001,0.0117545138465033,14.92827011744184,0,0,0,0
29.437518374125176,43.28171,0.09668215,0.021833926,-0.1246833,12541.25,-0.07484823,0.0004767203,0.0945712,0.21833926,0.0114339447021484,14.832504208882654,0,0,0,0
29.425578371683784,43.322727,0.13025768,0.022582427,-0.15777376,12293.95,-0.10767526,0.000509966,0.12731615,0.22582427,0.0115013901392618,14.729311084747335,0,0,0,0
29.40596796671552,42.924526,0.174688,-0.009854626,-0.19244768,11944.1,-0.18454263,9.711365e-05,0.17640948,-0.09854626,0.011005474726359,14.555287297566757,0,0,0,0
29.234214401245158,42.50069,0.2200596,-0.035884682,-0.22773227,11721.85,-0.25594428,0.0012877105,0.22795637,-0.35884682,0.0105792490641276,15.068183570437984,0,0,0,0
29.383197085062704,40.562675,0.13887966,-0.0013839767,-0.161219,12096.65,-0.14026363,1.9153913e-06,0.13907187,-0.013839767,0.0116676606072319,14.912640349070244,0,0,0,0
29.383197085062704,40.24309,0.13136996,-0.044218093,-0.1334056,10118.25,-0.17558806,0.0019552398,0.13717888,-0.44218093,0.0116676606072319,14.912640349070244,0,0,0,0
29.234214401245158,40.634453,0.16194917,-0.015292472,-0.17484608,12018.95,-0.17724164,0.00023385971,0.16442578,-0.15292472,0.0105792490641276,15.068183570437984,0,0,0,0
28.77436933517457,40.308033,0.20570154,-0.03923346,-0.21147959,11186.65,-0.244935,0.0015392646,0.21377192,-0.3923346,0.0096894741058349,14.974113559722907,0,0,0,0
29.234214401245158,39.937176,0.19554037,-0.021934612,-0.20407128,11358.2,-0.21747498,0.00048112718,0.19982947,-0.2193461199999999,0.0105792490641276,15.068183570437984,0,0,0,0
29.0171795845032,40.043137,0.1566901,-0.0007510154,-0.17995518,11764.25,-0.15744112,5.6402416e-07,0.15680778,-0.007510154,0.0095214568244086,14.8354873021444,0,0,0,0
29.478845055898063,40.482353,0.14923391,0.015660543,-0.17430331,12288.6,-0.13357337,0.0002452526,0.14689682,0.15660543,0.0112010693550109,14.937810198466025,0,0,0,0
28.77436933517457,40.754086,0.17214385,0.01312509,-0.19409144,12085.45,-0.15901875,0.00017226797,0.16988444,0.1312509,0.0096894741058349,14.974113559722907,0,0,0,0
29.214689826965355,40.595146,0.20007369,-0.030451633,-0.20625162,11113.9,-0.23052533,0.000927302,0.20616627,-0.30451633,0.0111927111943562,15.171249326070182,0,0,0,0
29.13729852040612,40.972836,0.19350937,0.018098067,-0.21934254,11644.5,-0.1754113,0.00032754007,0.19000722,0.1809806699999999,0.0113369719187418,14.88310012817385,0,0,0,0
29.214689826965355,40.839535,0.1940474,0.0010883989,-0.20571563,11439.7,-0.19295901,1.1846121e-06,0.19383621,0.010883989,0.0111927111943562,15.171249326070182,0,0,0,0
29.40596796671552,40.598564,0.19106309,-0.001234459,-0.2106189,11620.65,-0.19229755,1.5238892e-06,0.19129895,-0.01234459,0.011005474726359,14.555287297566757,0,0,0,0
29.48794962565105,40.41228,0.16982727,-0.012549107,-0.18916596,11277.6,-0.18237637,0.00015748008,0.17195845,-0.12549107,0.0105528926849365,14.545388793945335,0,0,0,0
28.863900438944512,41.31293,0.13704374,0.027209323,-0.17276816,12449.5,-0.109834425,0.0007403472,0.13331488,0.27209323,0.0106722672780354,15.035710430145286,0,0,0,0
28.863900438944512,41.28046,0.15684284,0.017270098,-0.18055922,12104.55,-0.13957275,0.00029825626,0.15413415,0.17270098,0.0106722672780354,15.035710430145286,0,0,0,0
29.489220873514853,39.50138,0.19300322,-0.02125503,-0.20140922,11438.4,-0.21425825,0.0004517763,0.19710551,-0.2125503,0.0117224762174818,14.637499321831626,0,0,0,0
28.87584997812908,39.711586,0.1543092,0.011711698,-0.17553778,11643.2,-0.1425975,0.00013716386,0.15250197,0.11711698,0.0109853935241699,15.018158531188988,0,0,0,0
29.478845055898063,40.420826,0.172358,0.02250502,-0.19967611,11655.7,-0.14985299,0.000506476,0.16847908,0.2250502,0.0112010693550109,14.937810198466025,0,0,0,0
28.77436933517457,39.421055,0.15278018,0.002059087,-0.18884425,11957.4,-0.15072109,4.2398387e-06,0.15246558,0.0205908699999999,0.0096894741058349,14.974113559722907,0,0,0,0
28.967117881774925,39.37833,0.18458912,-0.03532749,-0.20504221,12010.25,-0.21991661,0.0012480317,0.1911102,-0.3532749,0.0105637062920464,14.902815755208335,0,0,0,0
29.21082426706954,39.832928,0.18650615,-0.041082006,-0.19591755,11388.25,-0.22758815,0.0016877312,0.1941682,-0.41082006,0.0117545138465033,14.92827011744184,0,0,0,0
29.425578371683784,41.26166,0.17996562,-0.024447203,-0.19838855,12015.05,-0.20441282,0.0005976658,0.18436527,-0.24447203,0.0115013901392618,14.729311084747335,0,0,0,0
28.711374537150107,42.54,0.09279965,0.029164083,-0.124017574,12810.35,-0.063635565,0.0008505438,0.09009323,0.29164083,0.0099601470099555,15.083465194702171,0,0,0,0
29.40596796671552,41.979443,0.17096691,0.010962063,-0.19273354,11929.65,-0.16000484,0.000120166835,0.16909276,0.10962063,0.011005474726359,14.555287297566757,0,0,0,0
29.214689826965355,41.62568,0.16799131,0.003688494,-0.1977882,11686.1,-0.16430283,1.36049875e-05,0.16737168,0.03688494,0.0111927111943562,15.171249326070182,0,0,0,0
29.3144397099813,41.29755,0.16923839,0.0017655314,-0.19584945,11613.05,-0.16747285,3.1171012e-06,0.16893959,0.017655314,0.011785807079739,14.98104512956408,0,0,0,0
29.25716981887821,40.807064,0.24894282,-0.06559067,-0.25064814,11315.55,-0.31453347,0.004302136,0.26527116,-0.6559067000000001,0.0098183250427246,14.7552871068319,0,0,0,0
29.40596796671552,41.33173,0.21382509,-0.04633374,-0.22135785,11455.15,-0.26015884,0.0021468156,0.22373241,-0.4633374,0.011005474726359,14.555287297566757,0,0,0,0
29.234214401245158,42.254593,0.1287354,0.03301246,-0.1556826,12318.1,-0.095722936,0.0010898226,0.12448552,0.3301246,0.0105792490641276,15.068183570437984,0,0,0,0
29.489220873514853,40.475513,0.17716211,0.0055879173,-0.19288076,11759.45,-0.17157419,3.1224816e-05,0.17617214,0.055879173,0.0117224762174818,14.637499321831626,0,0,0,0
29.234214401245158,40.198654,0.14378053,0.050285492,-0.16286372,11801.9,-0.09349503,0.002528631,0.13655044,0.50285492,0.0105792490641276,15.068183570437984,0,0,0,0
29.214689826965355,39.76115,0.13746978,0.01636938,-0.16522397,11433.75,-0.12110041,0.0002679566,0.1352195,0.1636938,0.0111927111943562,15.171249326070182,0,0,0,0
28.711374537150107,39.853436,0.13439143,0.011802999,-0.16152677,12071.05,-0.122588426,0.0001393108,0.1328052,0.11802999,0.0099601470099555,15.083465194702171,0,0,0,0
29.507907485961937,40.55584,0.15349396,0.017656079,-0.18536663,12094.05,-0.13583788,0.00031173712,0.15078385,0.17656079,0.0105171871185302,14.82529443105065,0,0,0,0
29.48794962565105,40.612236,0.1684102,0.009172209,-0.19662143,12161.75,-0.159238,8.41294e-05,0.16686551,0.09172209,0.0105528926849365,14.545388793945335,0,0,0,0
29.53638579050701,41.03607,0.12190043,0.05998837,-0.15935948,12212.65,-0.061912064,0.0035986044,0.11458782,0.5998837,0.0099408562978108,14.67159852981571,0,0,0,0
29.63563849131268,40.65838,0.11763326,0.05464089,-0.15249823,11832.75,-0.06299237,0.002985627,0.111205675,0.5464089,0.0094514126247829,14.539032554626488,0,0,0,0
28.87584997812908,39.839764,0.18827172,-0.021518135,-0.1975188,11037.9,-0.20978986,0.00046303013,0.19232297,-0.21518135,0.0109853935241699,15.018158531188988,0,0,0,0
28.81987374623617,40.822445,0.14496592,0.047923885,-0.17409332,11848.9,-0.09704204,0.0022966987,0.1380186,0.47923885,0.0110777473449707,15.02515818277996,0,0,0,0
29.437518374125176,40.612236,0.18245906,0.009530857,-0.19739503,11612.45,-0.1729282,9.083723e-05,0.18072006,0.09530857,0.0114339447021484,14.832504208882654,0,0,0,0
29.426291084289588,40.55584,0.21741436,-0.037212245,-0.22512679,11339.95,-0.2546266,0.0013847512,0.22550485,-0.37212245,0.0109315586090087,14.32123548719621,0,0,0,0
29.48794962565105,40.84637,0.18599468,-0.0032271685,-0.19711365,11528.45,-0.18922186,1.0414617e-05,0.18659492,-0.032271685,0.0105528926849365,14.545388793945335,0,0,0,0
29.214689826965355,41.369328,0.19759601,-0.0031313207,-0.20991,11383.75,-0.20072733,9.80517e-06,0.19821474,-0.031313207,0.0111927111943562,15.171249326070182,0,0,0,0
29.478845055898063,41.321476,0.18516149,0.0037801252,-0.20588873,11478.65,-0.18138136,1.4289347e-05,0.18446155,0.037801252,0.0112010693550109,14.937810198466025,0,0,0,0
29.43544333775841,40.094406,0.22644818,-0.0404208,-0.22826147,10846.35,-0.26686898,0.0016338412,0.2356014,-0.404208,0.0112120342254638,14.495665486653678,0,0,0,0
29.383197085062704,39.53556,0.20815063,-0.045538224,-0.21680136,10848.85,-0.25368884,0.0020737296,0.21762943,-0.45538224,0.0116676606072319,14.912640349070244,0,0,0,0
28.81987374623617,40.67547,0.17327367,0.017586268,-0.19353892,11439.75,-0.1556874,0.00030927686,0.17022642,0.17586268,0.0110777473449707,15.02515818277996,0,0,0,0
29.437518374125176,41.44965,0.19827129,-0.021129837,-0.21302116,11078.65,-0.21940112,0.00044647005,0.20246072,-0.2112983699999999,0.0114339447021484,14.832504208882654,0,0,0,0
29.234214401245158,42.550255,0.15159833,0.023163185,-0.17416124,11596.8,-0.12843515,0.0005365331,0.14808683,0.23163185,0.0105792490641276,15.068183570437984,0,0,0,0
29.53638579050701,41.456486,0.16334619,-0.0036329222,-0.18896925,11669.9,-0.16697912,1.3198124e-05,0.16393961,-0.036329222,0.0099408562978108,14.67159852981571,0,0,0,0
29.214689826965355,40.954037,0.13588293,0.021775384,-0.1597658,11421.8,-0.11410754,0.00047416732,0.13292402,0.2177538399999999,0.0111927111943562,15.171249326070182,0,0,0,0
29.426291084289588,40.786556,0.13633469,0.030300125,-0.15700556,11386.8,-0.10603457,0.00091809756,0.13220374,0.30300125,0.0109315586090087,14.32123548719621,0,0,0,0
28.77436933517457,40.98138,0.15638632,0.016088217,-0.18573144,11507.6,-0.1402981,0.00025883073,0.15387034,0.16088217,0.0096894741058349,14.974113559722907,0,0,0,0
29.40596796671552,41.41547,0.10935135,0.057049613,-0.13445964,11752.8,-0.05230174,0.0032546583,0.1031129,0.57049613,0.011005474726359,14.555287297566757,0,0,0,0
29.425578371683784,41.516304,0.16566968,0.012916259,-0.18422502,11531.95,-0.15275341,0.00016682973,0.16352984,0.12916259,0.0115013901392618,14.729311084747335,0,0,0,0
29.587538973490425,40.791683,0.19562475,-0.01404533,-0.20798893,11324.3,-0.20967008,0.0001972713,0.19837236,-0.1404533,0.011531532605489,14.80689392089846,0,0,0,0
29.425578371683784,42.39815,0.15108748,0.020920623,-0.1803611,12200.1,-0.13016686,0.00043767248,0.14792663,0.20920623,0.0115013901392618,14.729311084747335,0,0,0,0
29.21082426706954,39.62101,0.22789522,-0.070535235,-0.22967252,11032.7,-0.29843044,0.0049752197,0.24396986,-0.7053523500000001,0.0117545138465033,14.92827011744184,0,0,0,0
29.40596796671552,38.141006,0.2270765,-0.051152334,-0.22767009,11616.1,-0.27822882,0.0026165613,0.23869199,-0.51152334,0.011005474726359,14.555287297566757,0,0,0,0
29.43544333775841,39.450108,0.20341022,-0.014826527,-0.20905602,11510.6,-0.21823674,0.00021982589,0.20642608,-0.14826527,0.0112120342254638,14.495665486653678,0,0,0,0
28.863900438944512,39.494545,0.19925617,-0.00073195726,-0.20995434,11617.7,-0.19998813,5.3576144e-07,0.19940202,-0.0073195726,0.0106722672780354,15.035710430145286,0,0,0,0
29.0171795845032,39.17325,0.19584344,0.0069036935,-0.20933165,11704.4,-0.18893974,4.7660982e-05,0.19449139,0.069036935,0.0095214568244086,14.8354873021444,0,0,0,0
28.967117881774925,39.01602,0.14764036,0.027186902,-0.16910814,11943.7,-0.12045346,0.0007391277,0.14362648,0.27186902,0.0105637062920464,14.902815755208335,0,0,0,0
29.507907485961937,39.55607,0.1390518,0.029527737,-0.16170642,11970.0,-0.10952406,0.00087188726,0.1349459,0.29527737,0.0105171871185302,14.82529443105065,0,0,0,0
29.478845055898063,39.870525,0.1867806,-0.016358742,-0.19683805,11632.4,-0.20313933,0.00026760847,0.18983608,-0.1635874199999999,0.0112010693550109,14.937810198466025,0,0,0,0
29.425578371683784,40.113205,0.15066904,-0.008918951,-0.16853854,12315.8,-0.15958798,7.9547695e-05,0.15201284,-0.08918951,0.0115013901392618,14.729311084747335,0,0,0,0
29.214689826965355,40.472095,0.16689394,-0.018867925,-0.18298475,11884.1,-0.18576187,0.00035599858,0.17004289,-0.18867925,0.0111927111943562,15.171249326070182,0,0,0,0
29.214689826965355,40.752377,0.1598622,0.0022884638,-0.17998542,12170.3,-0.15757374,5.2370665e-06,0.15949637,0.022884638,0.0111927111943562,15.171249326070182,0,0,0,0
29.13729852040612,40.742123,0.11546526,0.016756052,-0.14369294,12478.3,-0.09870921,0.0002807653,0.113530524,0.16756052,0.0113369719187418,14.88310012817385,0,0,0,0
28.711374537150107,41.135193,0.111582756,0.02198004,-0.13738474,12420.1,-0.089602716,0.0004831222,0.10913017,0.2198004,0.0099601470099555,15.083465194702171,0,0,0,0
29.53638579050701,40.74554,0.13140373,-0.0009016048,-0.15190925,12560.0,-0.13230532,8.128913e-07,0.1315222,-0.009016048,0.0099408562978108,14.67159852981571,0,0,0,0
28.81987374623617,40.386646,0.14002402,0.0030305758,-0.1621546,12322.5,-0.13699344,9.1843895e-06,0.13959967,0.030305758,0.0110777473449707,15.02515818277996,0,0,0,0
28.967117881774925,40.496025,0.21023828,-0.03729169,-0.22270682,11749.3,-0.24752997,0.0013906702,0.21807842,-0.3729169,0.0105637062920464,14.902815755208335,0,0,0,0
29.13729852040612,40.598564,0.18563414,-0.023682794,-0.20385413,11747.0,-0.20931692,0.00056087476,0.19003047,-0.23682794,0.0113369719187418,14.88310012817385,0,0,0,0
29.507907485961937,40.08586,0.19147576,-0.021404866,-0.2,11538.9,-0.21288063,0.00045816827,0.19557427,-0.21404866,0.0105171871185302,14.82529443105065,0,0,0,0
29.48794962565105,40.143967,0.16291372,-0.028676216,-0.18008052,11650.4,-0.19158994,0.0008223253,0.16758546,-0.28676216,0.0105528926849365,14.545388793945335,0,0,0,0
29.383197085062704,39.74748,0.16692914,0.00017599437,-0.18132667,12096.2,-0.16675314,3.0974018e-08,0.16689976,0.0017599437,0.0116676606072319,14.912640349070244,0,0,0,0
29.425578371683784,41.343693,0.16607076,-0.0003505492,-0.19337864,12057.7,-0.16642131,1.2288474e-07,0.16612898,-0.003505492,0.0115013901392618,14.729311084747335,0,0,0,0
28.863900438944512,40.0551,0.18714634,-0.026084894,-0.20273791,11858.9,-0.21323124,0.0006804217,0.19202803,-0.26084894,0.0106722672780354,15.035710430145286,0,0,0,0
28.81987374623617,39.303135,0.2006265,-0.021689083,-0.20487265,11467.6,-0.2223156,0.0004704163,0.20497791,-0.21689083,0.0110777473449707,15.02515818277996,0,0,0,0
29.43544333775841,38.937405,0.18797848,-0.04323227,-0.18829373,10979.2,-0.23121074,0.0018690291,0.19610521,-0.4323227,0.0112120342254638,14.495665486653678,0,0,0,0
29.3144397099813,38.68447,0.19844255,-0.030062068,-0.21440615,12068.5,-0.22850461,0.000903728,0.20440814,-0.30062068,0.011785807079739,14.98104512956408,0,0,0,0
29.234214401245158,38.769924,0.23245473,-0.06135702,-0.23114096,11197.7,-0.29381177,0.0037646843,0.24671747,-0.6135702,0.0105792490641276,15.068183570437984,0,0,0,0
29.214689826965355,41.750435,0.17713611,-0.004382588,-0.20975854,11655.8,-0.1815187,1.9207078e-05,0.17791243,-0.04382588,0.0111927111943562,15.171249326070182,0,0,0,0
28.775239880879724,41.22406,0.14683016,0.028294494,-0.1581751,12371.9,-0.11853566,0.00080057845,0.14267567,0.28294494,0.0100396521886189,15.071497853597007,0,0,0,0
29.48794962565105,39.709877,0.19465779,-0.030153846,-0.20131224,11986.4,-0.22481163,0.0009092544,0.20052746,-0.30153846,0.0105528926849365,14.545388793945335,0,0,0,0
29.48794962565105,39.549232,0.20510125,-0.020561967,-0.22288193,11449.2,-0.22566321,0.00042279452,0.20931853,-0.20561967,0.0105528926849365,14.545388793945335,0,0,0,0
29.587538973490425,40.178146,0.21782002,-0.04708954,-0.21197468,11354.3,-0.26490957,0.0022174248,0.22807705,-0.4708953999999999,0.011531532605489,14.80689392089846,0,0,0,0
29.234214401245158,39.72697,0.17979783,0.005799553,-0.19791818,11443.8,-0.17399828,3.3634813e-05,0.17875509,0.0579955299999999,0.0105792490641276,15.068183570437984,0,0,0,0
29.234214401245158,38.281147,0.1417888,0.02288506,-0.16516761,12586.1,-0.11890374,0.000523726,0.13854396,0.2288506,0.0105792490641276,15.068183570437984,0,0,0,0
29.489220873514853,38.147842,0.1711241,0.004994305,-0.19285715,11958.2,-0.1661298,2.494308e-05,0.17026944,0.04994305,0.0117224762174818,14.637499321831626,0,0,0,0
29.40596796671552,37.956436,0.23067011,-0.032556463,-0.2259744,11183.2,-0.26322657,0.0010599233,0.2381799,-0.32556463,0.011005474726359,14.555287297566757,0,0,0,0
28.77436933517457,38.287983,0.15321125,0.014302643,-0.18163198,12820.4,-0.13890861,0.00020456559,0.15101992,0.14302643,0.0096894741058349,14.974113559722907,0,0,0,0
29.437518374125176,38.739162,0.12757702,0.037278175,-0.16038752,12497.7,-0.09029884,0.0013896623,0.122821175,0.3727817499999999,0.0114339447021484,14.832504208882654,0,0,0,0
28.81987374623617,39.771404,0.15536211,0.024058824,-0.182411,11926.6,-0.1313033,0.000578827,0.15162429,0.24058824,0.0110777473449707,15.02515818277996,0,0,0,0
29.0171795845032,39.979904,0.19206716,-0.024984403,-0.21554397,11651.5,-0.21705157,0.0006242204,0.19686586,-0.24984403,0.0095214568244086,14.8354873021444,0,0,0,0
29.21082426706954,40.46184,0.1965672,-0.0055361046,-0.20523673,11452.0,-0.2021033,3.064845e-05,0.19765541,-0.055361046,0.0117545138465033,14.92827011744184,0,0,0,0
29.478845055898063,39.91154,0.20226645,0.0054682754,-0.20627457,11647.1,-0.19679818,2.9902036e-05,0.2011604,0.054682754,0.0112010693550109,14.937810198466025,0,0,0,0
29.478845055898063,41.097595,0.14486244,0.020947123,-0.18121582,11847.4,-0.123915315,0.00043878192,0.14182799,0.20947123,0.0112010693550109,14.937810198466025,0,0,0,0
28.71447588602703,41.579536,0.18091002,0.0115686385,-0.20154554,11949.4,-0.16934139,0.0001338334,0.17881714,0.115686385,0.0101193030675252,15.129899597167991,0,0,0,0
28.77436933517457,41.26166,0.16708632,0.008583102,-0.18740147,12771.2,-0.15850322,7.3669646e-05,0.1656522,0.08583102,0.0096894741058349,14.974113559722907,0,0,0,0
29.0171795845032,39.92863,0.22582863,-0.017669056,-0.2341884,11555.4,-0.24349768,0.0003121955,0.2298188,-0.17669056,0.0095214568244086,14.8354873021444,0,0,0,0
29.498190180460654,38.87588,0.16222666,0.0008318084,-0.18205078,12820.4,-0.16139486,6.9190514e-07,0.16209172,0.008318084,0.0103383498390515,14.389676666259788,0,0,0,0
29.234214401245158,39.115143,0.13600805,0.012980952,-0.16031685,12564.7,-0.12302711,0.00016850511,0.13424255,0.12980952,0.0105792490641276,15.068183570437984,0,0,0,0
29.383197085062704,40.116623,0.14638959,0.008587841,-0.17264807,12694.2,-0.13780174,7.3751005e-05,0.14513241,0.08587841,0.0116676606072319,14.912640349070244,0,0,0,0
28.887657101949088,42.017044,0.15646031,0.0017543355,-0.17621145,12486.8,-0.15470599,3.077693e-06,0.15618584,0.017543355,0.0088965702056884,14.813097466362876,0,0,0,0
29.234214401245158,42.926235,0.12727025,0.028223315,-0.15196763,12467.0,-0.09904693,0.0007965555,0.12367826,0.28223315,0.0105792490641276,15.068183570437984,0,0,0,0
28.775239880879724,42.437458,0.14276017,-0.0007728435,-0.18141624,12224.0,-0.143533,5.9728706e-07,0.1428705,-0.007728435,0.0100396521886189,15.071497853597007,0,0,0,0
29.13729852040612,41.353947,0.18457001,-0.008891968,-0.2012237,12044.5,-0.19346198,7.9067104e-05,0.1862112,-0.08891968,0.0113369719187418,14.88310012817385,0,0,0,0
29.426291084289588,40.007248,0.19929597,-0.01927392,-0.22525762,11792.6,-0.21856989,0.000371484,0.20313717,-0.1927392,0.0109315586090087,14.32123548719621,0,0,0,0
29.437518374125176,40.285816,0.20829228,-0.064418666,-0.20872746,10784.0,-0.27271095,0.0041497643,0.22171019,-0.64418666,0.0114339447021484,14.832504208882654,0,0,0,0
29.13729852040612,39.339024,0.20280713,-0.07477889,-0.1931992,10244.25,-0.277586,0.0055918824,0.21797283,-0.7477889,0.0113369719187418,14.88310012817385,0,0,0,0
28.711374537150107,39.44498,0.26610136,-0.095846854,-0.2556633,10515.25,-0.3619482,0.009186619,0.29160634,-0.95846854,0.0099601470099555,15.083465194702171,0,0,0,0
29.383197085062704,40.43279,0.26039484,-0.08193581,-0.26158604,11245.7,-0.34233066,0.0067134765,0.2817305,-0.8193581,0.0116676606072319,14.912640349070244,0,0,0,0
28.863900438944512,40.18669,0.28088674,-0.09998452,-0.27231064,10660.15,-0.38087124,0.009996905,0.30897105,-0.9998452,0.0106722672780354,15.035710430145286,0,0,0,0
29.214689826965355,40.51824,0.24447769,-0.071123816,-0.24257581,11317.5,-0.3156015,0.005058598,0.26186588,-0.7112381600000001,0.0111927111943562,15.171249326070182,0,0,0,0
28.711374537150107,40.84466,0.17989689,-0.022108516,-0.19103912,12103.1,-0.2020054,0.0004887865,0.18387415,-0.22108516,0.0099601470099555,15.083465194702171,0,0,0,0
28.87584997812908,40.67034,0.18926935,-0.01418097,-0.19672708,12309.85,-0.20345032,0.00020109993,0.19195338,-0.1418096999999999,0.0109853935241699,15.018158531188988,0,0,0,0
29.40596796671552,40.306324,0.1931019,-0.01459121,-0.19817919,11827.75,-0.2076931,0.00021290341,0.19591948,-0.1459121,0.011005474726359,14.555287297566757,0,0,0,0
29.3144397099813,40.422535,0.21232127,-0.032095842,-0.2130589,11685.55,-0.24441712,0.0010301432,0.2191359,-0.3209584199999999,0.011785807079739,14.98104512956408,0,0,0,0
28.711374537150107,42.548546,0.103847645,0.04381899,-0.14521018,12185.2,-0.060028654,0.001920104,0.09929714,0.4381899,0.0099601470099555,15.083465194702171,0,0,0,0
29.214689826965355,42.839077,0.13843511,0.05029488,-0.18675528,12468.75,-0.08814023,0.002529575,0.13147253,0.5029488,0.0111927111943562,15.171249326070182,0,0,0,0
29.48794962565105,42.030716,0.15862265,-0.057177324,-0.15318124,10565.25,-0.21579997,0.003269246,0.16769227,-0.57177324,0.0105528926849365,14.545388793945335,0,0,0,0
29.40596796671552,40.0739,0.14189704,-0.016749438,-0.16132897,12173.5,-0.15864648,0.00028054364,0.14427374,-0.16749438,0.011005474726359,14.555287297566757,0,0,0,0
29.383197085062704,38.023087,0.17457438,-0.076957725,-0.17849356,11057.85,-0.2515321,0.0059224917,0.18800923,-0.76957725,0.0116676606072319,14.912640349070244,0,0,0,0
28.887657101949088,37.387333,0.15778518,-0.011825477,-0.16656679,11334.25,-0.16961065,0.0001398419,0.15965106,-0.11825477,0.0088965702056884,14.813097466362876,0,0,0,0
28.81987374623617,38.433247,0.11435855,0.016042102,-0.12690172,12155.0,-0.098316446,0.00025734905,0.112524,0.16042102,0.0110777473449707,15.02515818277996,0,0,0,0
29.587538973490425,40.887386,0.14418206,0.020858342,-0.17151885,12686.95,-0.123323716,0.0004350704,0.14117466,0.20858342,0.011531532605489,14.80689392089846,0,0,0,0
29.234214401245158,42.00337,0.14235802,0.035308197,-0.18343236,12537.3,-0.10704982,0.0012466689,0.13733162,0.3530819699999999,0.0105792490641276,15.068183570437984,0,0,0,0
28.77436933517457,43.271454,0.14957397,0.018968834,-0.17732425,13444.7,-0.13060513,0.00035981662,0.14673673,0.18968834,0.0096894741058349,14.974113559722907,0,0,0,0
29.53638579050701,43.235565,0.12740467,0.03654201,-0.16621906,13362.1,-0.09086266,0.0013353184,0.12274905,0.3654201,0.0099408562978108,14.67159852981571,0,0,0,0
28.81987374623617,41.98286,0.12900421,0.03552029,-0.16481765,13024.3,-0.093483925,0.001261691,0.12442195,0.3552029,0.0110777473449707,15.02515818277996,0,0,0,0
29.489220873514853,41.772655,0.1256923,0.040614065,-0.16195904,12228.05,-0.08507824,0.0016495022,0.12058742,0.40614065,0.0117224762174818,14.637499321831626,0,0,0,0
29.40596796671552,41.936718,0.13245492,0.029002097,-0.16659522,12119.4,-0.103452824,0.0008411216,0.12861346,0.29002097,0.011005474726359,14.555287297566757,0,0,0,0
29.214689826965355,41.904247,0.1313185,0.04271586,-0.1685932,12607.65,-0.08860263,0.0018246446,0.1257091,0.4271586,0.0111927111943562,15.171249326070182,0,0,0,0
28.87584997812908,42.07173,0.12545747,0.059938863,-0.16590378,12441.35,-0.065518595,0.0035926674,0.117937684,0.59938863,0.0109853935241699,15.018158531188988,0,0,0,0
29.425578371683784,42.39815,0.14152803,0.02574319,-0.1836987,12461.25,-0.11578483,0.0006627118,0.13788463,0.2574319,0.0115013901392618,14.729311084747335,0,0,0,0
29.478845055898063,42.4648,0.16277331,0.009536765,-0.18454802,12173.65,-0.15323655,9.0949885e-05,0.16122098,0.09536765,0.0112010693550109,14.937810198466025,0,0,0,0
28.81987374623617,41.338566,0.21260606,-0.02512604,-0.22830856,12294.55,-0.2377321,0.0006313179,0.217948,-0.2512604,0.0110777473449707,15.02515818277996,0,0,0,0
29.0171795845032,41.360783,0.14413604,0.020581149,-0.17916368,12251.25,-0.1235549,0.0004235837,0.14116956,0.2058114899999999,0.0095214568244086,14.8354873021444,0,0,0,0
29.43544333775841,42.772427,0.12844317,0.052935228,-0.17129853,12983.65,-0.07550794,0.0028021384,0.121644,0.52935228,0.0112120342254638,14.495665486653678,0,0,0,0
29.425578371683784,43.35178,0.1130144,0.046857484,-0.15921934,13317.95,-0.06615692,0.0021956237,0.10771883,0.46857484,0.0115013901392618,14.729311084747335,0,0,0,0
29.383197085062704,42.651085,0.17992482,-0.010658003,-0.20524715,12205.4,-0.19058281,0.000113593036,0.18184245,-0.1065800299999999,0.0116676606072319,14.912640349070244,0,0,0,0
28.711374537150107,41.823925,0.23164818,-0.059604418,-0.23853163,11491.55,-0.29125258,0.003552687,0.24545543,-0.59604418,0.0099601470099555,15.083465194702171,0,0,0,0
29.63563849131268,41.83076,0.2346475,-0.06610891,-0.23953874,11253.7,-0.30075642,0.0043703886,0.2501598,-0.6610891000000001,0.0094514126247829,14.539032554626488,0,0,0,0
29.48794962565105,42.309284,0.19434355,-0.033679746,-0.20694202,11569.2,-0.22802329,0.0011343252,0.20088899,-0.33679746,0.0105528926849365,14.545388793945335,0,0,0,0
29.425578371683784,42.517784,0.12508999,0.0018841412,-0.14794138,11896.2,-0.12320585,3.5499884e-06,0.124854304,0.018841412,0.0115013901392618,14.729311084747335,0,0,0,0
29.425578371683784,41.86665,0.15673876,-0.008228737,-0.1745261,11827.75,-0.16496749,6.771212e-05,0.15802851,-0.08228737,0.0115013901392618,14.729311084747335,0,0,0,0
28.71447588602703,41.29755,0.13335472,0.0061291563,-0.15675023,12609.25,-0.12722556,3.756656e-05,0.13253736,0.061291563,0.0101193030675252,15.129899597167991,0,0,0,0
29.21082426706954,41.753857,0.16226244,-0.011406094,-0.19050069,12650.15,-0.17366853,0.00013009897,0.16411322,-0.11406094,0.0117545138465033,14.92827011744184,0,0,0,0
29.63563849131268,42.234085,0.14152886,0.022019915,-0.17849123,12484.2,-0.119508944,0.00048487665,0.1384124,0.22019915,0.0094514126247829,14.539032554626488,0,0,0,0
29.3144397099813,43.02023,0.14782637,0.015972331,-0.17925258,12402.75,-0.13185404,0.0002551154,0.14546524,0.15972331,0.011785807079739,14.98104512956408,0,0,0,0
28.77436933517457,43.67478,0.18856966,-0.0063432944,-0.20350072,11875.0,-0.19491296,4.0237384e-05,0.18976581,-0.063432944,0.0096894741058349,14.974113559722907,0,0,0,0
28.87584997812908,44.016582,0.15649387,0.019523289,-0.17670412,12007.6,-0.13697058,0.0003811588,0.1534386,0.19523289,0.0109853935241699,15.018158531188988,0,0,0,0
29.425578371683784,43.48337,0.1812888,0.00022200187,-0.19926147,11728.15,-0.1810668,4.928483e-08,0.18124855,0.0022200187,0.0115013901392618,14.729311084747335,0,0,0,0
28.775239880879724,43.04245,0.18785352,-0.027973454,-0.19979492,11344.1,-0.21582697,0.00078251417,0.19310842,-0.27973454,0.0100396521886189,15.071497853597007,0,0,0,0
28.81987374623617,43.163788,0.16721909,-0.0046711015,-0.18798833,12044.05,-0.17189018,2.1819187e-05,0.16800018,-0.046711015,0.0110777473449707,15.02515818277996,0,0,0,0
29.21082426706954,44.556633,0.115537085,0.034277443,-0.15665753,13308.35,-0.081259646,0.0011749432,0.11157677,0.3427744299999999,0.0117545138465033,14.92827011744184,0,0,0,0
28.967117881774925,45.52393,0.10189236,0.036627464,-0.14783588,13006.75,-0.06526489,0.0013415712,0.0981603,0.36627464,0.0105637062920464,14.902815755208335,0,0,0,0
29.234214401245158,45.983654,0.106579274,0.029809274,-0.15050721,12813.75,-0.07677,0.00088859274,0.10340223,0.29809274,0.0105792490641276,15.068183570437984,0,0,0,0
29.507907485961937,44.35497,0.14401104,0.011910839,-0.17178987,12740.0,-0.1321002,0.00014186808,0.14229573,0.11910839,0.0105171871185302,14.82529443105065,0,0,0,0
29.507907485961937,42.72628,0.1192031,0.036821336,-0.15673362,13333.25,-0.08238176,0.0013558108,0.11481388,0.36821336,0.0105171871185302,14.82529443105065,0,0,0,0
29.40596796671552,41.07025,0.11785832,0.039099343,-0.15683232,12819.4,-0.07875898,0.0015287586,0.11325014,0.39099343,0.011005474726359,14.555287297566757,0,0,0,0
28.967117881774925,41.335148,0.11529625,0.051798623,-0.15558645,12613.55,-0.063497625,0.0026830973,0.10932406,0.51798623,0.0105637062920464,14.902815755208335,0,0,0,0
28.81987374623617,41.893993,0.10666586,0.028783781,-0.14893483,13962.1,-0.077882074,0.00082850613,0.10359561,0.28783781,0.0110777473449707,15.02515818277996,0,0,0,0
29.426291084289588,41.856396,0.1608201,-0.007381737,-0.18445025,12717.45,-0.16820183,5.4490043e-05,0.16200723,-0.07381737,0.0109315586090087,14.32123548719621,0,0,0,0
28.863900438944512,43.681618,0.14140406,0.019466873,-0.17267722,12952.6,-0.121937186,0.00037895914,0.13865137,0.1946687299999999,0.0106722672780354,15.035710430145286,0,0,0,0
28.711374537150107,44.237045,0.08096235,0.047629047,-0.1317788,12668.55,-0.033333305,0.0022685262,0.07710619,0.47629047,0.0099601470099555,15.083465194702171,0,0,0,0
29.383197085062704,42.811733,0.123959824,0.038439997,-0.15779012,12316.45,-0.08551983,0.0014776334,0.119194806,0.38439997,0.0116676606072319,14.912640349070244,0,0,0,0
29.507907485961937,42.60836,0.14813067,0.019669881,-0.1743841,11987.95,-0.1284608,0.0003869042,0.14521696,0.19669881,0.0105171871185302,14.82529443105065,0,0,0,0
29.437518374125176,42.586143,0.15811571,-0.0025857356,-0.18576121,12115.9,-0.16070145,6.6860284e-06,0.15852456,-0.0258573559999999,0.0114339447021484,14.832504208882654,0,0,0,0
29.53638579050701,42.05977,0.1646098,-0.0012104986,-0.18406737,12512.05,-0.1658203,1.4653068e-06,0.16480906,-0.012104986,0.0099408562978108,14.67159852981571,0,0,0,0
28.77436933517457,41.50434,0.13867626,0.035059135,-0.16093436,11949.3,-0.10361712,0.001229143,0.13381438,0.3505913499999999,0.0096894741058349,14.974113559722907,0,0,0,0
28.967117881774925,41.635933,0.16170798,0.013697028,-0.17861198,12154.1,-0.14801095,0.00018760857,0.15949307,0.13697028,0.0105637062920464,14.902815755208335,0,0,0,0
29.507907485961937,42.02388,0.13903707,0.032234635,-0.16476677,12370.6,-0.106802434,0.0010390717,0.13455527,0.32234635,0.0105171871185302,14.82529443105065,0,0,0,0
29.234214401245158,42.07173,0.2037091,-0.027446162,-0.21398814,11808.95,-0.23115526,0.00075329177,0.20930013,-0.27446162,0.0105792490641276,15.068183570437984,0,0,0,0
29.234214401245158,41.699165,0.16640897,0.006569408,-0.18633826,11908.15,-0.15983957,4.315712e-05,0.16531576,0.06569408,0.0105792490641276,15.068183570437984,0,0,0,0
28.87584997812908,41.702583,0.08024184,0.08670583,-0.10540643,13834.85,0.0064639947,0.0075179012,0.0732844,0.8670583,0.0109853935241699,15.018158531188988,0,0,0,0
29.3144397099813,40.971127,0.21729834,-0.036241136,-0.21973807,11719.1,-0.25353947,0.0013134201,0.22517347,-0.36241136,0.011785807079739,14.98104512956408,0,0,0,0
29.507907485961937,41.102722,0.1783844,-0.011263728,-0.20745225,12381.0,-0.18964812,0.00012687159,0.18039367,-0.11263728,0.0105171871185302,14.82529443105065,0,0,0,0
29.437518374125176,43.28342,0.09439565,0.0625389,-0.11934342,13885.6,-0.031856753,0.0039111143,0.08849225,0.625389,0.0114339447021484,14.832504208882654,0,0,0,0
29.40596796671552,46.983425,0.05882714,0.102639146,-0.084339246,14748.15,0.043812003,0.010534794,0.052789174,1.02639146,0.011005474726359,14.555287297566757,0,0,0,0
29.489220873514853,46.345966,0.079103164,0.035152674,-0.107903205,14046.8,-0.043950487,0.0012357106,0.07632247,0.35152674,0.0117224762174818,14.637499321831626,0,0,0,0
29.383197085062704,44.742912,0.14315356,0.010742702,-0.15987585,11890.35,-0.13241087,0.00011540564,0.1416157,0.10742702,0.0116676606072319,14.912640349070244,0,0,0,0
29.0171795845032,45.19751,0.1273681,0.028944414,-0.14133963,12606.05,-0.0984237,0.00083777914,0.123681515,0.28944414,0.0095214568244086,14.8354873021444,0,0,0,0
29.425578371683784,44.442127,0.13308081,0.0036914707,-0.16106287,13385.2,-0.12938933,1.3626956e-05,0.13258955,0.036914707,0.0115013901392618,14.729311084747335,0,0,0,0
29.426291084289588,42.473347,0.24358228,-0.07094331,-0.2517981,12048.3,-0.3145256,0.0050329533,0.26086283,-0.7094330999999999,0.0109315586090087,14.32123548719621,0,0,0,0
29.437518374125176,42.020462,0.2539931,-0.086204134,-0.24875972,11612.85,-0.34019724,0.0074311523,0.27588835,-0.86204134,0.0114339447021484,14.832504208882654,0,0,0,0
29.507907485961937,42.914272,0.1643712,-0.0028834804,-0.18697836,11911.8,-0.16725469,8.31446e-06,0.16484517,-0.028834804,0.0105171871185302,14.82529443105065,0,0,0,0
29.214689826965355,42.683556,0.1929554,-0.040605724,-0.20169471,12195.55,-0.23356113,0.0016488248,0.20079051,-0.40605724,0.0111927111943562,15.171249326070182,0,0,0,0
28.887657101949088,42.663048,0.10707009,0.051262278,-0.1434133,12626.1,-0.055807814,0.0026278212,0.10158143,0.5126227800000001,0.0088965702056884,14.813097466362876,0,0,0,0
29.437518374125176,42.871548,0.11328328,0.057819296,-0.14898404,12358.4,-0.055463985,0.0033430709,0.106733315,0.57819296,0.0114339447021484,14.832504208882654,0,0,0,0
29.53638579050701,42.96896,0.118152395,0.05809875,-0.15538843,12168.95,-0.060053647,0.0033754644,0.111287884,0.5809875,0.0099408562978108,14.67159852981571,0,0,0,0
29.214689826965355,42.28365,0.11763441,0.025845906,-0.14559516,12966.65,-0.0917885,0.00066801085,0.114594035,0.2584590599999999,0.0111927111943562,15.171249326070182,0,0,0,0
28.81987374623617,44.190903,0.14338242,-0.00053625874,-0.1573649,12178.15,-0.14391868,2.8757344e-07,0.1434593,-0.0053625874,0.0110777473449707,15.02515818277996,0,0,0,0
29.214689826965355,45.22998,0.085885294,0.03748361,-0.110238,13015.75,-0.048401684,0.001405021,0.082666,0.3748361,0.0111927111943562,15.171249326070182,0,0,0,0
28.711374537150107,47.02615,0.047213275,0.04093901,-0.072703406,13179.6,-0.006274262,0.0016760026,0.045280408,0.4093901,0.0099601470099555,15.083465194702171,0,0,0,0
29.48794962565105,46.47243,0.060222823,0.029017037,-0.08602077,13484.2,-0.031205788,0.0008419884,0.058475338,0.29017037,0.0105528926849365,14.545388793945335,0,0,0,0
28.81987374623617,44.828365,0.08952205,0.018803516,-0.11353463,13824.55,-0.070718534,0.00035357225,0.087838724,0.1880351599999999,0.0110777473449707,15.02515818277996,0,0,0,0
29.437518374125176,41.65815,0.20308037,-0.03881044,-0.21539466,11878.1,-0.24189082,0.0015062502,0.21096201,-0.3881044,0.0114339447021484,14.832504208882654,0,0,0,0
29.48794962565105,41.492374,0.17572239,-0.012572981,-0.19334401,12272.5,-0.18829536,0.00015807986,0.17793174,-0.12572981,0.0105528926849365,14.545388793945335,0,0,0,0
29.43544333775841,40.726738,0.13109545,0.026447525,-0.16009241,12607.55,-0.104647934,0.00069947157,0.12762831,0.26447525,0.0112120342254638,14.495665486653678,0,0,0,0
29.53638579050701,40.38323,0.09859427,0.045006502,-0.12567982,13586.2,-0.053587765,0.0020255852,0.09415688,0.45006502,0.0099408562978108,14.67159852981571,0,0,0,0
29.498190180460654,41.102722,0.0869626,0.05661039,-0.116915464,14136.75,-0.030352212,0.0032047362,0.08203962,0.5661039,0.0103383498390515,14.389676666259788,0,0,0,0
28.81987374623617,41.150574,0.108259484,0.033107545,-0.13684908,13366.55,-0.07515194,0.0010961096,0.10467528,0.33107545,0.0110777473449707,15.02515818277996,0,0,0,0
29.498190180460654,41.09076,0.1527946,0.0065932735,-0.17349054,11979.45,-0.14620133,4.3471257e-05,0.15178718,0.0659327349999999,0.0103383498390515,14.389676666259788,0,0,0,0
29.214689826965355,40.924984,0.19983408,-0.045543924,-0.21313895,12219.6,-0.245378,0.002074249,0.2089353,-0.45543924,0.0111927111943562,15.171249326070182,0,0,0,0
29.21082426706954,41.437687,0.1273851,0.01984791,-0.15500121,12608.8,-0.10753718,0.00039393958,0.12485676,0.1984791,0.0117545138465033,14.92827011744184,0,0,0,0
28.81987374623617,41.735054,0.17471643,-0.002423526,-0.18973622,11957.75,-0.17713995,5.873478e-06,0.17513986,-0.02423526,0.0110777473449707,15.02515818277996,0,0,0,0
29.234214401245158,43.396214,0.1939841,-0.0029660305,-0.20650308,12233.65,-0.19695014,8.797338e-06,0.19455947,-0.0296603049999999,0.0105792490641276,15.068183570437984,0,0,0,0
29.437518374125176,44.46947,0.13998504,0.017147278,-0.1589527,12781.15,-0.12283777,0.00029402913,0.13758469,0.17147278,0.0114339447021484,14.832504208882654,0,0,0,0
28.81987374623617,44.773674,0.13123533,0.018583842,-0.16273381,12773.7,-0.11265149,0.0003453592,0.12879647,0.18583842,0.0110777473449707,15.02515818277996,0,0,0,0
29.43544333775841,43.047577,0.20181116,-0.052442983,-0.21532382,12055.2,-0.25425416,0.0027502663,0.21239474,-0.52442983,0.0112120342254638,14.495665486653678,0,0,0,0
28.87584997812908,42.497272,0.15488702,-0.01002242,-0.16915885,12386.35,-0.16490944,0.00010044892,0.15643936,-0.1002242,0.0109853935241699,15.018158531188988,0,0,0,0
29.48794962565105,40.788265,0.1975149,-0.040865175,-0.20555124,12134.85,-0.23838007,0.0016699624,0.20558639,-0.40865175,0.0105528926849365,14.545388793945335,0,0,0,0
29.63563849131268,40.225998,0.29106265,-0.12163841,-0.28329697,11387.8,-0.41270104,0.014795902,0.32646704,-1.2163841,0.0094514126247829,14.539032554626488,0,0,0,0
28.87584997812908,41.794872,0.10525864,0.012372177,-0.12786035,12702.55,-0.09288646,0.00015307077,0.103956364,0.12372177,0.0109853935241699,15.018158531188988,0,0,0,0
29.3144397099813,42.215286,0.19248778,-0.04187752,-0.20224483,11792.8,-0.2343653,0.0017537266,0.20054868,-0.4187752,0.011785807079739,14.98104512956408,0,0,0,0
29.25716981887821,43.12448,0.10372478,0.01705261,-0.13320921,13009.75,-0.086672164,0.0002907915,0.101955995,0.1705260999999999,0.0098183250427246,14.7552871068319,0,0,0,0
29.214689826965355,42.95358,0.08476872,0.012237541,-0.10920938,12754.0,-0.07253118,0.00014975741,0.08373136,0.1223754099999999,0.0111927111943562,15.171249326070182,0,0,0,0
29.489220873514853,40.89593,0.14350545,-0.027997509,-0.15614164,12316.55,-0.17150296,0.0007838605,0.14752324,-0.27997509,0.0117224762174818,14.637499321831626,0,0,0,0
28.967117881774925,40.91473,0.18698795,-0.041421905,-0.19929048,11910.9,-0.22840986,0.0017157743,0.19473335,-0.41421905,0.0105637062920464,14.902815755208335,0,0,0,0
29.478845055898063,42.746788,0.15989132,-0.03044747,-0.1742688,12172.2,-0.19033879,0.0009270484,0.1647596,-0.3044747,0.0112010693550109,14.937810198466025,0,0,0,0
29.383197085062704,43.36716,0.1370564,0.0070338463,-0.14965072,11633.45,-0.13002256,4.9474995e-05,0.13609236,0.070338463,0.0116676606072319,14.912640349070244,0,0,0,0
29.40596796671552,43.767067,0.12176426,0.029750774,-0.12674722,11249.95,-0.09201348,0.00088510854,0.11814167,0.29750774,0.011005474726359,14.555287297566757,0,0,0,0
29.425578371683784,44.789055,0.04859733,0.022331204,-0.07807425,13704.5,-0.026266122,0.0004986827,0.04751209,0.22331204,0.0115013901392618,14.729311084747335,0,0,0,0
29.3144397099813,44.74804,0.084688336,0.019435717,-0.113369904,12621.85,-0.06525262,0.00037774708,0.08304235,0.19435717,0.011785807079739,14.98104512956408,0,0,0,0
29.425578371683784,45.85548,0.08719742,0.08423909,-0.09856221,12294.85,-0.0029583345,0.007096224,0.07985199,0.8423909,0.0115013901392618,14.729311084747335,0,0,0,0
29.0171795845032,45.778572,0.10347175,0.056851067,-0.114895925,12423.4,-0.046620682,0.0032320437,0.09758927,0.56851067,0.0095214568244086,14.8354873021444,0,0,0,0
29.425578371683784,46.144302,0.10233311,0.055807576,-0.11461002,12766.9,-0.046525534,0.0031144854,0.09662215,0.5580757599999999,0.0115013901392618,14.729311084747335,0,0,0,0
28.77436933517457,46.71682,0.075800486,0.01677883,-0.103090145,13363.0,-0.059021655,0.00028152915,0.07452864,0.1677883,0.0096894741058349,14.974113559722907,0,0,0,0
29.478845055898063,45.588875,0.17430215,-0.019690078,-0.1861391,11683.2,-0.19399223,0.00038769917,0.17773418,-0.19690078,0.0112010693550109,14.937810198466025,0,0,0,0
29.53638579050701,44.493397,0.11324888,0.0411341,-0.11872583,11849.45,-0.07211478,0.0016920142,0.10859049,0.411341,0.0099408562978108,14.67159852981571,0,0,0,0
29.214689826965355,39.757732,0.28051925,-0.13126579,-0.26305437,10298.35,-0.41178504,0.017230708,0.3173418,-1.3126579,0.0111927111943562,15.171249326070182,0,0,0,0
29.214689826965355,40.417408,0.14592525,-0.042745978,-0.15312979,10971.5,-0.18867123,0.0018272185,0.15216298,-0.4274597799999999,0.0111927111943562,15.171249326070182,0,0,0,0
29.21082426706954,44.35326,0.1465578,-0.02213646,-0.16168605,12053.2,-0.16869426,0.00049002277,0.14980206,-0.2213646,0.0117545138465033,14.92827011744184,0,0,0,0
29.43544333775841,44.361805,0.103724636,-0.003175196,-0.13675967,12595.95,-0.10689983,1.0081871e-05,0.10405398,-0.0317519599999999,0.0112120342254638,14.495665486653678,0,0,0,0
29.3144397099813,43.874737,0.09672522,-0.0017899473,-0.12250651,12392.75,-0.09851517,3.2039113e-06,0.096898355,-0.017899473,0.011785807079739,14.98104512956408,0,0,0,0
29.425578371683784,43.080048,0.1664972,-0.028865885,-0.1795685,12119.25,-0.19536309,0.00083323935,0.17130329,-0.28865885,0.0115013901392618,14.729311084747335,0,0,0,0
29.437518374125176,42.60665,0.18997611,-0.046131063,-0.19842136,11944.45,-0.23610717,0.002128075,0.19873992,-0.46131063,0.0114339447021484,14.832504208882654,0,0,0,0
29.437518374125176,42.512653,0.10271142,-0.0030419794,-0.13045466,12654.75,-0.1057534,9.253638e-06,0.103023864,-0.030419794,0.0114339447021484,14.832504208882654,0,0,0,0
29.507907485961937,42.492146,0.14932035,-0.022483652,-0.16983517,12520.6,-0.17180401,0.0005055146,0.15267763,-0.2248365199999999,0.0105171871185302,14.82529443105065,0,0,0,0
29.53638579050701,41.96919,0.16269056,-0.015034814,-0.18634547,11733.9,-0.17772539,0.00022604564,0.16513659,-0.15034814,0.0099408562978108,14.67159852981571,0,0,0,0
29.234214401245158,42.114456,0.17425041,-0.015422321,-0.18392807,12054.95,-0.18967274,0.00023784797,0.17693776,-0.15422321,0.0105792490641276,15.068183570437984,0,0,0,0
29.214689826965355,41.98286,0.2125559,-0.04444576,-0.22294696,11664.5,-0.25700167,0.0019754258,0.2220031,-0.4444576,0.0111927111943562,15.171249326070182,0,0,0,0
29.13729852040612,41.825634,0.22109462,-0.053467378,-0.2280782,11426.5,-0.274562,0.0028587605,0.23291597,-0.53467378,0.0113369719187418,14.88310012817385,0,0,0,0
29.214689826965355,42.75875,0.21618119,-0.05801015,-0.2228548,11761.4,-0.27419132,0.0033651772,0.22872189,-0.5801015,0.0111927111943562,15.171249326070182,0,0,0,0
28.77436933517457,43.220184,0.1939928,-0.03798161,-0.20083697,11709.8,-0.23197441,0.0014426027,0.20136096,-0.3798161,0.0096894741058349,14.974113559722907,0,0,0,0
29.40596796671552,43.2988,0.15151003,-0.015527996,-0.17144378,12455.05,-0.16703804,0.00024111867,0.15386268,-0.15527996,0.011005474726359,14.555287297566757,0,0,0,0
28.77436933517457,41.852978,0.21616502,-0.039670274,-0.22197232,11671.8,-0.2558353,0.0015737306,0.22474036,-0.39670274,0.0096894741058349,14.974113559722907,0,0,0,0
29.3144397099813,41.58808,0.20408554,-0.03990607,-0.2080652,11681.35,-0.24399161,0.0015924943,0.2122298,-0.3990607,0.011785807079739,14.98104512956408,0,0,0,0
28.87584997812908,40.93182,0.25602335,-0.09593233,-0.25108743,11573.45,-0.35195565,0.009203011,0.28058425,-0.9593233,0.0109853935241699,15.018158531188988,0,0,0,0
29.13729852040612,41.258244,0.20052563,-0.04358533,-0.2088811,11934.3,-0.24411097,0.001899681,0.2092656,-0.4358533,0.0113369719187418,14.88310012817385,0,0,0,0
29.437518374125176,41.70771,0.22813272,-0.076111466,-0.23076145,11836.85,-0.3042442,0.005792955,0.24549624,-0.76111466,0.0114339447021484,14.832504208882654,0,0,0,0
28.87584997812908,41.663277,0.21179833,-0.035278913,-0.21650076,12057.0,-0.24707723,0.0012446018,0.21927033,-0.35278913,0.0109853935241699,15.018158531188988,0,0,0,0
29.489220873514853,42.312702,0.21418543,-0.050350867,-0.22272648,11585.65,-0.2645363,0.0025352098,0.22496985,-0.50350867,0.0117224762174818,14.637499321831626,0,0,0,0
29.53638579050701,42.67843,0.2546472,-0.07177812,-0.2555069,11670.55,-0.32642528,0.005152098,0.2729253,-0.7177812,0.0099408562978108,14.67159852981571,0,0,0,0
29.40596796671552,43.876446,0.09189577,0.012024373,-0.1130057,12355.35,-0.079871394,0.00014458555,0.09079078,0.12024373,0.011005474726359,14.555287297566757,0,0,0,0
28.77436933517457,44.09178,0.08559818,0.019742517,-0.10976584,12766.55,-0.06585567,0.00038976694,0.08390826,0.19742517,0.0096894741058349,14.974113559722907,0,0,0,0
28.87584997812908,42.945034,0.14817068,-0.023884438,-0.16514102,12154.55,-0.17205511,0.00057046633,0.15170965,-0.23884438,0.0109853935241699,15.018158531188988,0,0,0,0
29.478845055898063,42.215286,0.114099085,0.036050502,-0.13841635,11880.55,-0.07804859,0.0012996387,0.10998576,0.3605050199999999,0.0112010693550109,14.937810198466025,0,0,0,0
29.21082426706954,41.905956,0.1215828,0.037343755,-0.14739372,11859.75,-0.08423904,0.001394556,0.11704244,0.37343755,0.0117545138465033,14.92827011744184,0,0,0,0
29.234214401245158,40.699394,0.2275334,-0.05698156,-0.2304376,11413.7,-0.28451496,0.003246898,0.2404986,-0.5698156,0.0105792490641276,15.068183570437984,0,0,0,0
29.53638579050701,40.89935,0.20641358,-0.023076367,-0.21841335,11844.2,-0.22948994,0.0005325187,0.21117686,-0.23076367,0.0099408562978108,14.67159852981571,0,0,0,0
28.87584997812908,41.48383,0.22016059,-0.042315613,-0.22546546,11806.35,-0.2624762,0.0017906111,0.22947682,-0.42315613,0.0109853935241699,15.018158531188988,0,0,0,0
29.437518374125176,41.912792,0.20094392,-0.029076632,-0.20697296,11875.0,-0.23002055,0.00084545056,0.20678669,-0.29076632,0.0114339447021484,14.832504208882654,0,0,0,0
28.77436933517457,41.53852,0.23536448,-0.039975833,-0.23306783,11685.4,-0.27534032,0.0015980672,0.24477337,-0.39975833,0.0096894741058349,14.974113559722907,0,0,0,0
29.214689826965355,40.91302,0.24010684,-0.046690144,-0.23749304,11391.05,-0.286797,0.0021799693,0.25131744,-0.46690144,0.0111927111943562,15.171249326070182,0,0,0,0
28.87584997812908,40.853207,0.21972704,-0.031459317,-0.21623358,11652.1,-0.25118637,0.0009896887,0.2266395,-0.31459317,0.0109853935241699,15.018158531188988,0,0,0,0
29.53638579050701,40.771175,0.22850516,-0.039357997,-0.22204877,11582.75,-0.26786315,0.0015490521,0.23749867,-0.39357997,0.0099408562978108,14.67159852981571,0,0,0,0
29.48794962565105,41.60859,0.2081864,-0.031934213,-0.21155813,11754.8,-0.24012062,0.0010197939,0.21483468,-0.31934213,0.0105528926849365,14.545388793945335,0,0,0,0
29.426291084289588,41.680367,0.21719904,-0.04635056,-0.22386149,11976.75,-0.2635496,0.0021483744,0.22726634,-0.4635055999999999,0.0109315586090087,14.32123548719621,0,0,0,0
28.87584997812908,42.027298,0.20818801,-0.0050882795,-0.20929009,11655.95,-0.2132763,2.5890587e-05,0.20924734,-0.050882795,0.0109853935241699,15.018158531188988,0,0,0,0
28.81987374623617,42.439167,0.16660058,-0.0035885877,-0.17856646,12171.65,-0.17018917,1.2877962e-05,0.16719845,-0.035885877,0.0110777473449707,15.02515818277996,0,0,0,0
29.214689826965355,42.792934,0.13237986,0.01980807,-0.15866783,11949.85,-0.11257178,0.00039235968,0.12975766,0.1980807,0.0111927111943562,15.171249326070182,0,0,0,0
28.887657101949088,41.309513,0.17599095,-0.022550568,-0.19222687,12047.2,-0.19854152,0.0005085281,0.17995965,-0.22550568,0.0088965702056884,14.813097466362876,0,0,0,0
29.425578371683784,41.369328,0.18630221,-0.024231827,-0.19901602,12074.1,-0.21053404,0.0005871814,0.19081666,-0.24231827,0.0115013901392618,14.729311084747335,0,0,0,0
29.383197085062704,40.17473,0.17394969,-0.019384975,-0.19573356,11470.45,-0.19333465,0.00037577725,0.1773217,-0.19384975,0.0116676606072319,14.912640349070244,0,0,0,0
28.863900438944512,39.70304,0.1485145,0.01714841,-0.17305246,11444.0,-0.13136607,0.00029406798,0.1459677,0.1714841,0.0106722672780354,15.035710430145286,0,0,0,0
29.383197085062704,39.68766,0.2001313,-0.040545195,-0.21105203,11735.65,-0.24067649,0.0016439129,0.20824565,-0.40545195,0.0116676606072319,14.912640349070244,0,0,0,0
29.13729852040612,39.424473,0.2715552,-0.0988858,-0.27096686,11214.65,-0.370441,0.0097784,0.29840815,-0.988858,0.0113369719187418,14.88310012817385,0,0,0,0
28.77436933517457,39.318516,0.22958021,-0.07497032,-0.23294948,11858.1,-0.30455053,0.005620549,0.2467919,-0.7497031999999999,0.0096894741058349,14.974113559722907,0,0,0,0
28.81987374623617,39.255283,0.2580355,-0.08795237,-0.25586295,11254.6,-0.34598786,0.007735619,0.28073034,-0.8795237,0.0110777473449707,15.02515818277996,0,0,0,0
28.71447588602703,37.73939,0.26305768,-0.09665103,-0.26006907,11232.25,-0.3597087,0.0093414225,0.28848246,-0.9665103,0.0101193030675252,15.129899597167991,0,0,0,0
28.71447588602703,38.36318,0.24173483,-0.07248069,-0.24037212,11687.0,-0.31421554,0.005253451,0.25925595,-0.7248069,0.0101193030675252,15.129899597167991,0,0,0,0
29.21082426706954,39.94401,0.17406821,-0.022520013,-0.19196719,12255.2,-0.19658823,0.000507151,0.17798823,-0.22520013,0.0117545138465033,14.92827011744184,0,0,0,0
28.71447588602703,39.72868,0.23059249,-0.072414525,-0.22585568,11518.5,-0.303007,0.0052438634,0.24729075,-0.72414525,0.0101193030675252,15.129899597167991,0,0,0,0
29.498190180460654,39.515053,0.2650118,-0.09273318,-0.2528929,11290.5,-0.35774496,0.008599442,0.28958717,-0.9273318,0.0103383498390515,14.389676666259788,0,0,0,0
29.13729852040612,40.889095,0.16711235,-0.004973597,-0.17691049,11758.2,-0.17208594,2.4736666e-05,0.16794349,-0.04973597,0.0113369719187418,14.88310012817385,0,0,0,0
28.81987374623617,40.728447,0.110541,0.036413133,-0.13725281,12498.95,-0.07412787,0.0013259163,0.10651586,0.36413133,0.0110777473449707,15.02515818277996,0,0,0,0
28.77436933517457,40.70794,0.2561078,-0.08367556,-0.24915591,11233.2,-0.33978337,0.0070016,0.27753776,-0.8367555999999999,0.0096894741058349,14.974113559722907,0,0,0,0
29.21082426706954,42.326374,0.10758005,0.04208039,-0.14097929,12449.0,-0.06549966,0.0017707595,0.10305304,0.4208039,0.0117545138465033,14.92827011744184,0,0,0,0
28.81987374623617,42.216995,0.12135905,0.029408213,-0.14684267,12301.7,-0.09195084,0.00086484296,0.1177901,0.29408213,0.0110777473449707,15.02515818277996,0,0,0,0
29.40596796671552,41.18817,0.13625365,0.01250145,-0.16351396,12657.55,-0.1237522,0.00015628626,0.13455029,0.1250145,0.011005474726359,14.555287297566757,0,0,0,0
29.43544333775841,39.542397,0.2091679,-0.05055385,-0.2087699,11162.45,-0.25972176,0.0025556919,0.21974215,-0.5055385,0.0112120342254638,14.495665486653678,0,0,0,0
29.383197085062704,39.55094,0.19127741,-0.05344581,-0.20354202,11605.3,-0.24472322,0.0028564543,0.20150039,-0.5344581,0.0116676606072319,14.912640349070244,0,0,0,0
29.383197085062704,39.91496,0.14381069,0.00918052,-0.16441971,11904.45,-0.13463017,8.4281935e-05,0.14249043,0.0918051999999999,0.0116676606072319,14.912640349070244,0,0,0,0
29.40596796671552,40.212326,0.18519628,-0.032816853,-0.19798064,12329.8,-0.21801314,0.0010769458,0.19127384,-0.32816853,0.011005474726359,14.555287297566757,0,0,0,0
29.13729852040612,42.413532,0.11140032,0.048104346,-0.15050565,12620.35,-0.063295975,0.0023140279,0.10604148,0.48104346,0.0113369719187418,14.88310012817385,0,0,0,0
29.48794962565105,42.39815,0.13778883,0.021240417,-0.17043841,12296.1,-0.11654842,0.0004511553,0.13486214,0.21240417,0.0105528926849365,14.545388793945335,0,0,0,0
29.48794962565105,42.43404,0.13387462,0.02013668,-0.15971321,12062.55,-0.113737956,0.0004054859,0.13117884,0.2013668,0.0105528926849365,14.545388793945335,0,0,0,0
29.21082426706954,42.536583,0.13694003,0.03446884,-0.16904923,12397.35,-0.10247119,0.0011881009,0.13221987,0.3446884,0.0117545138465033,14.92827011744184,0,0,0,0
29.214689826965355,42.62374,0.113716215,0.061746668,-0.15138921,12629.2,-0.05196955,0.003812651,0.10669462,0.6174666799999999,0.0111927111943562,15.171249326070182,0,0,0,0
29.383197085062704,41.721382,0.112670146,0.038897023,-0.14820652,12745.15,-0.07377312,0.0015129785,0.10828761,0.38897023,0.0116676606072319,14.912640349070244,0,0,0,0
29.498190180460654,41.340275,0.17513087,0.007920565,-0.18952584,12202.2,-0.16721031,6.2735344e-05,0.17374374,0.0792056499999999,0.0103383498390515,14.389676666259788,0,0,0,0
28.967117881774925,40.996765,0.18608274,-0.029823024,-0.20254724,11983.55,-0.21590576,0.0008894127,0.19163229,-0.29823024,0.0105637062920464,14.902815755208335,0,0,0,0
29.3144397099813,41.533394,0.18027383,-0.018964365,-0.20211053,12183.0,-0.1992382,0.00035964715,0.1836926,-0.18964365,0.011785807079739,14.98104512956408,0,0,0,0
29.426291084289588,43.4885,0.10023694,0.067794956,-0.1474954,12965.2,-0.03244198,0.004596156,0.093441375,0.6779495600000001,0.0109315586090087,14.32123548719621,0,0,0,0
29.40596796671552,43.944805,0.09301589,0.05284905,-0.13563609,12955.25,-0.040166836,0.0027930224,0.08810009,0.5284905,0.011005474726359,14.555287297566757,0,0,0,0
29.437518374125176,43.288548,0.10855624,0.035613112,-0.14880942,12858.3,-0.07294313,0.0012682937,0.10469022,0.35613112,0.0114339447021484,14.832504208882654,0,0,0,0
28.87584997812908,42.410114,0.099908434,0.053617544,-0.1376607,12730.6,-0.046290893,0.002874841,0.09455159,0.5361754400000001,0.0109853935241699,15.018158531188988,0,0,0,0
29.21082426706954,41.810253,0.09884459,0.0635774,-0.1390493,12568.7,-0.03526719,0.0040420853,0.092560306,0.6357740000000001,0.0117545138465033,14.92827011744184,0,0,0,0
28.87584997812908,41.502632,0.107028276,0.048016764,-0.14119965,12303.45,-0.059011515,0.0023056096,0.101889126,0.48016764,0.0109853935241699,15.018158531188988,0,0,0,0
28.887657101949088,41.02069,0.11738982,0.040007044,-0.15111306,12517.1,-0.07738277,0.0016005636,0.1126934,0.4000704399999999,0.0088965702056884,14.813097466362876,0,0,0,0
28.863900438944512,40.285816,0.14613971,-0.00051578885,-0.17564268,12722.8,-0.1466555,2.6603817e-07,0.14621508,-0.0051578884999999,0.0106722672780354,15.035710430145286,0,0,0,0
29.234214401245158,39.870525,0.17528689,-0.0069583347,-0.20463736,12371.3,-0.18224522,4.841842e-05,0.1765066,-0.069583347,0.0105792490641276,15.068183570437984,0,0,0,0
29.425578371683784,39.716713,0.0920535,0.0070536393,-0.11742638,13987.3,-0.08499986,4.9753824e-05,0.09140419,0.070536393,0.0115013901392618,14.729311084747335,0,0,0,0
29.21082426706954,39.32706,0.18707137,-0.026051195,-0.2002256,12488.9,-0.21312256,0.0006786648,0.19194481,-0.26051195,0.0117545138465033,14.92827011744184,0,0,0,0
29.3144397099813,37.995743,0.1562455,-0.009517527,-0.16435106,11800.1,-0.16576304,9.058333e-05,0.15773258,-0.0951752699999999,0.011785807079739,14.98104512956408,0,0,0,0
29.13729852040612,37.783825,0.14026058,0.012776168,-0.16171025,11808.2,-0.12748441,0.00016323046,0.1384686,0.12776168,0.0113369719187418,14.88310012817385,0,0,0,0
29.214689826965355,39.299717,0.098778345,0.033398647,-0.1392631,12745.4,-0.0653797,0.0011154696,0.09547929,0.33398647,0.0111927111943562,15.171249326070182,0,0,0,0
29.234214401245158,39.386875,0.13449612,0.012896998,-0.15922691,11681.55,-0.121599115,0.00016633255,0.13276152,0.1289699799999999,0.0105792490641276,15.068183570437984,0,0,0,0
29.21082426706954,39.921795,0.10696124,0.026853139,-0.13113545,12654.2,-0.080108106,0.00072109106,0.104089,0.26853139,0.0117545138465033,14.92827011744184,0,0,0,0
28.887657101949088,40.921566,0.12389268,0.017110266,-0.13740948,12047.25,-0.106782414,0.00029276122,0.12177285,0.17110266,0.0088965702056884,14.813097466362876,0,0,0,0
29.489220873514853,41.304386,0.10684206,0.04561302,-0.12516575,11761.5,-0.061229046,0.0020805476,0.101968676,0.4561302,0.0117224762174818,14.637499321831626,0,0,0,0
29.437518374125176,41.514595,0.10609593,0.02629105,-0.13681014,12129.95,-0.07980488,0.00069121935,0.10330656,0.2629105,0.0114339447021484,14.832504208882654,0,0,0,0
29.21082426706954,40.10466,0.13285697,-0.005173393,-0.16095744,12216.55,-0.13803037,2.6763997e-05,0.1335443,-0.05173393,0.0117545138465033,14.92827011744184,0,0,0,0
29.383197085062704,39.30997,0.15538327,-0.019299835,-0.1680355,11926.35,-0.17468311,0.0003724836,0.15838215,-0.19299835,0.0116676606072319,14.912640349070244,0,0,0,0
28.967117881774925,38.91348,0.123376966,0.038156774,-0.16736394,12048.05,-0.08522019,0.0014559395,0.118669294,0.38156774,0.0105637062920464,14.902815755208335,0,0,0,0
29.234214401245158,39.108307,0.18256329,-0.021096794,-0.19927752,11851.2,-0.20366009,0.00044507472,0.1864148,-0.21096794,0.0105792490641276,15.068183570437984,0,0,0,0
29.21082426706954,39.450108,0.16138522,-0.029795391,-0.1791273,11774.0,-0.19118062,0.00088776543,0.16619377,-0.29795391,0.0117545138465033,14.92827011744184,0,0,0,0
29.214689826965355,40.000412,0.08839928,0.03827894,-0.11555979,13023.2,-0.050120343,0.0014652773,0.08501545,0.3827893999999999,0.0111927111943562,15.171249326070182,0,0,0,0
29.48794962565105,39.675697,0.15407524,-0.011672919,-0.17021868,12300.7,-0.16574816,0.00013625702,0.15587375,-0.11672919,0.0105528926849365,14.545388793945335,0,0,0,0
29.437518374125176,39.752605,0.15078302,-0.0068507944,-0.17422444,11904.1,-0.15763381,4.6933386e-05,0.151816,-0.068507944,0.0114339447021484,14.832504208882654,0,0,0,0
29.437518374125176,40.094406,0.09381316,0.036960047,-0.1298243,12158.65,-0.05685311,0.0013660451,0.09034582,0.36960047,0.0114339447021484,14.832504208882654,0,0,0,0
29.53638579050701,38.629784,0.16159113,-0.021584708,-0.16870117,12160.45,-0.18317583,0.00046589962,0.16507903,-0.21584708,0.0099408562978108,14.67159852981571,0,0,0,0
29.40596796671552,38.932278,0.13428761,0.01739428,-0.15678804,11813.35,-0.11689333,0.000302561,0.13195178,0.1739428,0.011005474726359,14.555287297566757,0,0,0,0
29.425578371683784,39.771404,0.088492915,0.051075973,-0.118883915,12408.85,-0.03741694,0.0026087551,0.08397305,0.51075973,0.0115013901392618,14.729311084747335,0,0,0,0
29.3144397099813,40.403736,0.09268203,0.043687284,-0.113055564,12016.4,-0.048994742,0.0019085788,0.088633,0.43687284,0.011785807079739,14.98104512956408,0,0,0,0
29.425578371683784,39.4672,0.11095661,0.028376313,-0.13743885,12145.7,-0.0825803,0.00080521515,0.10780807,0.28376313,0.0115013901392618,14.729311084747335,0,0,0,0
29.587538973490425,38.975006,0.11440536,-0.00011743587,-0.13537501,11640.5,-0.11452279,1.3791184e-08,0.11441879,-0.0011743587,0.011531532605489,14.80689392089846,0,0,0,0
29.478845055898063,39.209137,0.112191446,0.018055687,-0.14296776,11991.1,-0.09413576,0.00032600787,0.11016575,0.18055687,0.0112010693550109,14.937810198466025,0,0,0,0
29.214689826965355,39.91325,0.15663639,-0.023541486,-0.17192133,11795.45,-0.18017788,0.00055420154,0.16032384,-0.23541486,0.0111927111943562,15.171249326070182,0,0,0,0
29.0171795845032,40.31316,0.18951158,-0.035928328,-0.20116888,11635.2,-0.2254399,0.0012908448,0.19632041,-0.35928328,0.0095214568244086,14.8354873021444,0,0,0,0
29.437518374125176,41.26337,0.12225663,-0.004756999,-0.14041543,12751.35,-0.12701362,2.2629041e-05,0.12283821,-0.0475699899999999,0.0114339447021484,14.832504208882654,0,0,0,0
28.71447588602703,41.28046,0.12502652,0.021291653,-0.14977138,12093.8,-0.10373487,0.00045333448,0.122364506,0.21291653,0.0101193030675252,15.129899597167991,0,0,0,0
28.967117881774925,40.256763,0.10494316,0.02709245,-0.12987223,12350.75,-0.077850714,0.0007340008,0.1021,0.2709245,0.0105637062920464,14.902815755208335,0,0,0,0
29.425578371683784,39.53898,0.15599263,-0.0050229775,-0.17455617,11943.05,-0.1610156,2.5230302e-05,0.15677617,-0.050229775,0.0115013901392618,14.729311084747335,0,0,0,0
28.863900438944512,38.299946,0.22218859,-0.077121064,-0.22351767,11299.35,-0.29930964,0.005947659,0.239324,-0.7712106400000001,0.0106722672780354,15.035710430145286,0,0,0,0
29.426291084289588,38.72378,0.13009661,0.00023351755,-0.15784729,12038.05,-0.1298631,5.4530446e-08,0.13006623,0.0023351755,0.0109315586090087,14.32123548719621,0,0,0,0
29.214689826965355,38.98526,0.13205202,-0.011120536,-0.16643536,12147.25,-0.14317255,0.00012366634,0.1335205,-0.11120536,0.0111927111943562,15.171249326070182,0,0,0,0
28.87584997812908,40.06877,0.1262248,0.010925519,-0.16723488,11963.4,-0.115299284,0.00011936697,0.124845736,0.10925519,0.0109853935241699,15.018158531188988,0,0,0,0
28.775239880879724,40.91302,0.12704606,0.013436513,-0.17033026,12085.8,-0.11360955,0.00018053988,0.12533902,0.13436513,0.0100396521886189,15.071497853597007,0,0,0,0
29.507907485961937,41.179626,0.12355179,0.014399042,-0.16805619,12253.35,-0.10915275,0.00020733241,0.121772766,0.14399042,0.0105171871185302,14.82529443105065,0,0,0,0
28.87584997812908,41.15399,0.13140549,0.009948161,-0.17033862,12202.45,-0.12145732,9.8965924e-05,0.13009824,0.09948161,0.0109853935241699,15.018158531188988,0,0,0,0
29.214689826965355,42.48189,0.09674149,0.018215392,-0.13131131,12403.5,-0.078526095,0.00033180052,0.0949793,0.18215392,0.0111927111943562,15.171249326070182,0,0,0,0
29.43544333775841,42.842495,0.09912871,0.02898967,-0.13819265,12569.95,-0.070139036,0.00084040104,0.096255,0.2898967,0.0112120342254638,14.495665486653678,0,0,0,0
29.48794962565105,41.96919,0.10159733,0.04751931,-0.14190578,12251.9,-0.05407802,0.0022580852,0.0967695,0.4751931,0.0105528926849365,14.545388793945335,0,0,0,0
29.21082426706954,41.442814,0.15560545,0.015347829,-0.17527023,11970.3,-0.14025761,0.00023555587,0.15321724,0.15347829,0.0117545138465033,14.92827011744184,0,0,0,0
29.43544333775841,39.55436,0.17626883,-0.03505777,-0.19145875,11938.2,-0.21132661,0.0012290472,0.18244843,-0.3505777,0.0112120342254638,14.495665486653678,0,0,0,0
29.0171795845032,38.68618,0.19646429,-0.045913793,-0.20757191,11920.55,-0.24237809,0.0021080764,0.20548472,-0.45913793,0.0095214568244086,14.8354873021444,0,0,0,0
29.426291084289588,39.920086,0.19573437,-0.020902451,-0.20402147,11745.55,-0.21663682,0.00043691244,0.1998257,-0.20902451,0.0109315586090087,14.32123548719621,0,0,0,0
29.3144397099813,40.559258,0.14790027,-0.00883823,-0.15716982,12281.0,-0.15673849,7.811431e-05,0.14920744,-0.0883823,0.011785807079739,14.98104512956408,0,0,0,0
29.43544333775841,41.17108,0.14962086,-0.0068208734,-0.16449068,12361.35,-0.15644173,4.6524314e-05,0.1506414,-0.068208734,0.0112120342254638,14.495665486653678,0,0,0,0
29.425578371683784,41.29755,0.20454146,-0.01619589,-0.20064369,11733.5,-0.22073735,0.00026230686,0.2078542,-0.1619589,0.0115013901392618,14.729311084747335,0,0,0,0
28.71447588602703,41.77949,0.19986488,-0.019827116,-0.2044262,11543.95,-0.21969199,0.00039311458,0.20382762,-0.19827116,0.0101193030675252,15.129899597167991,0,0,0,0
29.214689826965355,41.150574,0.22085565,-0.05611066,-0.22239444,11814.15,-0.27696633,0.0031484063,0.23324801,-0.5611066,0.0111927111943562,15.171249326070182,0,0,0,0
29.234214401245158,38.09828,0.019570997,-0.039049,-0.016774843,10546.5,-0.058619995,0.0015248243,0.020335224,-0.39049,0.0105792490641276,15.068183570437984,0,0,0,0
29.234214401245158,37.459114,0.07393048,-0.045216378,-0.07115393,10441.15,-0.11914685,0.0020445208,0.07727335,-0.45216378,0.0105792490641276,15.068183570437984,0,0,0,0
29.383197085062704,40.98309,0.19416595,-0.015803592,-0.21537092,11785.35,-0.20996954,0.00024975353,0.19723445,-0.15803592,0.0116676606072319,14.912640349070244,0,0,0,0
29.53638579050701,41.774364,0.18106559,-0.005385517,-0.19643362,11837.85,-0.1864511,2.9003793e-05,0.18204072,-0.05385517,0.0099408562978108,14.67159852981571,0,0,0,0
29.437518374125176,41.116394,0.16975203,-0.02192098,-0.1948838,12539.85,-0.19167301,0.00048052944,0.17347315,-0.2192098,0.0114339447021484,14.832504208882654,0,0,0,0
29.0171795845032,40.791683,0.2276758,-0.07570732,-0.23624596,11742.35,-0.3033831,0.0057315975,0.24491252,-0.7570732,0.0095214568244086,14.8354873021444,0,0,0,0
29.214689826965355,40.837826,0.23694247,-0.06425474,-0.2344249,11958.5,-0.3011972,0.0041286713,0.25216714,-0.6425474,0.0111927111943562,15.171249326070182,0,0,0,0
29.0171795845032,41.59321,0.15867008,-0.013765351,-0.17322564,12337.15,-0.17243543,0.00018948487,0.16085424,-0.13765351,0.0095214568244086,14.8354873021444,0,0,0,0
28.77436933517457,42.476765,0.07205282,0.024181178,-0.104661986,12775.45,-0.04787164,0.0005847293,0.070310496,0.24181178,0.0096894741058349,14.974113559722907,0,0,0,0
28.81987374623617,43.098846,0.08579786,0.028825238,-0.120065965,12871.95,-0.056972623,0.0008308944,0.083324715,0.28825238,0.0110777473449707,15.02515818277996,0,0,0,0
29.425578371683784,43.363743,0.07033532,0.02937724,-0.09872154,12775.95,-0.04095808,0.0008630223,0.06826907,0.2937724,0.0115013901392618,14.729311084747335,0,0,0,0
29.40596796671552,43.447483,0.098226205,0.02625834,-0.12719119,12554.65,-0.07196786,0.0006895004,0.09564695,0.2625834,0.011005474726359,14.555287297566757,0,0,0,0
29.234214401245158,42.931362,0.15609977,-0.005270651,-0.17715704,12004.1,-0.16137043,2.777976e-05,0.15692252,-0.05270651,0.0105792490641276,15.068183570437984,0,0,0,0
29.437518374125176,41.733345,0.15243073,-0.010309602,-0.16821803,11775.4,-0.16274033,0.000106287895,0.15400223,-0.10309602,0.0114339447021484,14.832504208882654,0,0,0,0
29.3144397099813,41.661568,0.14107494,0.0021221903,-0.16539253,12360.35,-0.13895275,4.503692e-06,0.14077555,0.021221903,0.011785807079739,14.98104512956408,0,0,0,0
29.478845055898063,41.83418,0.17799886,-0.001571698,-0.2053857,12100.7,-0.17957056,2.4702347e-06,0.17827863,-0.01571698,0.0112010693550109,14.937810198466025,0,0,0,0
29.3144397099813,41.564156,0.20621178,-0.020685244,-0.21792826,11735.2,-0.22689702,0.00042787933,0.21047732,-0.2068524399999999,0.011785807079739,14.98104512956408,0,0,0,0
29.0171795845032,41.232605,0.2063837,-0.04057876,-0.21057224,11222.75,-0.24696247,0.0016466357,0.2147585,-0.4057875999999999,0.0095214568244086,14.8354873021444,0,0,0,0
29.234214401245158,41.528267,0.21291006,-0.031899456,-0.22363915,11749.05,-0.24480951,0.0010175752,0.21970177,-0.31899456,0.0105792490641276,15.068183570437984,0,0,0,0
29.426291084289588,41.620552,0.2130942,-0.023021994,-0.2297128,11779.55,-0.2361162,0.0005300122,0.21800007,-0.23021994,0.0109315586090087,14.32123548719621,0,0,0,0
29.21082426706954,41.875195,0.11675705,0.023589045,-0.15988299,13993.9,-0.093168005,0.00055644306,0.11400286,0.23589045,0.0117545138465033,14.92827011744184,0,0,0,0
28.87584997812908,41.78291,0.17794444,-0.021491073,-0.19085364,12099.1,-0.1994355,0.0004618662,0.18176866,-0.21491073,0.0109853935241699,15.018158531188988,0,0,0,0
29.40596796671552,42.536583,0.16991703,-0.026507374,-0.18760349,11676.0,-0.1964244,0.00070264086,0.17442109,-0.26507374,0.011005474726359,14.555287297566757,0,0,0,0
28.77436933517457,42.65792,0.13871014,0.017491128,-0.17207263,12933.85,-0.12121902,0.0003059396,0.13628395,0.17491128,0.0096894741058349,14.974113559722907,0,0,0,0
28.967117881774925,42.377644,0.10404997,0.0362368,-0.14889526,14422.8,-0.06781317,0.0013131057,0.10027953,0.362368,0.0105637062920464,14.902815755208335,0,0,0,0
29.0171795845032,42.046097,0.14273682,0.011028767,-0.17465408,13315.35,-0.13170806,0.00012163369,0.1411626,0.11028767,0.0095214568244086,14.8354873021444,0,0,0,0
28.87584997812908,41.940136,0.08998489,0.050636996,-0.13564426,14422.4,-0.039347887,0.0025641054,0.08542832,0.50636996,0.0109853935241699,15.018158531188988,0,0,0,0
29.437518374125176,41.960644,0.08405661,0.05838157,-0.13468319,14492.6,-0.025675038,0.0034084076,0.07914925,0.5838157,0.0114339447021484,14.832504208882654,0,0,0,0
29.21082426706954,40.713066,0.19035855,-0.027758311,-0.20275281,11568.6,-0.21811686,0.0007705238,0.19564259,-0.27758311,0.0117545138465033,14.92827011744184,0,0,0,0
29.214689826965355,40.67034,0.22049505,-0.06006994,-0.2195213,11812.65,-0.280565,0.003608398,0.23374017,-0.6006994,0.0111927111943562,15.171249326070182,0,0,0,0
29.53638579050701,40.619072,0.21160129,-0.031719584,-0.22281784,11491.05,-0.24332088,0.0010061319,0.2183132,-0.31719584,0.0099408562978108,14.67159852981571,0,0,0,0
29.425578371683784,41.10956,0.22419162,-0.03023584,-0.23413649,11601.4,-0.25442746,0.000914206,0.23097023,-0.3023584,0.0115013901392618,14.729311084747335,0,0,0,0
29.214689826965355,41.86836,0.19195282,-0.00310297,-0.21653025,11862.95,-0.1950558,9.628423e-06,0.19254845,-0.0310297,0.0111927111943562,15.171249326070182,0,0,0,0
29.425578371683784,41.818798,0.17446867,-0.00643054,-0.19722463,12060.45,-0.1808992,4.1351843e-05,0.17559059,-0.0643054,0.0115013901392618,14.729311084747335,0,0,0,0
29.3144397099813,40.954037,0.17283066,-0.0064618224,-0.19803259,11983.7,-0.17929247,4.175515e-05,0.17394745,-0.064618224,0.011785807079739,14.98104512956408,0,0,0,0
29.214689826965355,40.31316,0.19183715,-0.026119404,-0.2080804,11871.25,-0.21795656,0.00068222324,0.19684783,-0.26119404,0.0111927111943562,15.171249326070182,0,0,0,0
29.53638579050701,40.507988,0.24530567,-0.053471435,-0.24727342,11446.35,-0.2987771,0.0028591945,0.25842252,-0.53471435,0.0099408562978108,14.67159852981571,0,0,0,0
28.863900438944512,41.596626,0.17992148,-0.016981047,-0.19455981,11705.85,-0.19690251,0.00028835592,0.18297672,-0.16981047,0.0106722672780354,15.035710430145286,0,0,0,0
29.498190180460654,42.17769,0.13967799,0.017056111,-0.16601984,12504.65,-0.12262188,0.00029091098,0.13729563,0.17056111,0.0103383498390515,14.389676666259788,0,0,0,0
28.71447588602703,42.615196,0.1472274,0.00054181495,-0.1721106,12460.95,-0.14668559,2.9356343e-07,0.14714764,0.0054181495,0.0101193030675252,15.129899597167991,0,0,0,0
28.967117881774925,42.529747,0.17038761,-0.010758174,-0.1887485,11891.55,-0.18114579,0.0001157383,0.17222068,-0.10758174,0.0105637062920464,14.902815755208335,0,0,0,0
29.21082426706954,42.671593,0.19093929,-0.02606077,-0.2086758,11732.5,-0.21700007,0.00067916367,0.19591533,-0.2606077,0.0117545138465033,14.92827011744184,0,0,0,0
28.81987374623617,42.19307,0.16845426,-0.0131145185,-0.19656551,12305.3,-0.18156877,0.00017199058,0.17066346,-0.131145185,0.0110777473449707,15.02515818277996,0,0,0,0
29.478845055898063,41.683784,0.13742186,0.016435595,-0.17800213,12278.1,-0.12098627,0.00027012877,0.13516325,0.16435595,0.0112010693550109,14.937810198466025,0,0,0,0
29.21082426706954,41.420597,0.1670536,0.026691375,-0.19647744,12337.7,-0.14036222,0.0007124295,0.1625947,0.26691375,0.0117545138465033,14.92827011744184,0,0,0,0
29.437518374125176,41.429142,0.18635823,-0.021964336,-0.20786935,11932.8,-0.20832255,0.00048243202,0.19045146,-0.21964336,0.0114339447021484,14.832504208882654,0,0,0,0
29.234214401245158,40.530205,0.087446585,0.048086304,-0.13097806,13881.6,-0.039360277,0.0023122928,0.083241604,0.48086304,0.0105792490641276,15.068183570437984,0,0,0,0
28.967117881774925,39.976486,0.11481126,0.03592764,-0.15430422,12963.85,-0.07888362,0.0012907952,0.110686354,0.3592763999999999,0.0105637062920464,14.902815755208335,0,0,0,0
29.489220873514853,40.685722,0.18072248,-0.01958702,-0.20070039,11609.7,-0.20030949,0.00038365132,0.18426228,-0.1958702,0.0117224762174818,14.637499321831626,0,0,0,0
29.21082426706954,40.858334,0.19698246,-0.02098522,-0.2066474,11354.65,-0.21796767,0.00044037946,0.20111617,-0.2098522,0.0117545138465033,14.92827011744184,0,0,0,0
29.507907485961937,40.613945,0.21304072,-0.03401606,-0.22612743,11332.0,-0.24705678,0.0011570924,0.22028752,-0.3401606,0.0105171871185302,14.82529443105065,0,0,0,0
28.967117881774925,41.256535,0.1980989,-0.016461203,-0.22076614,11769.05,-0.2145601,0.00027097118,0.20135985,-0.16461203,0.0105637062920464,14.902815755208335,0,0,0,0
29.48794962565105,42.310993,0.14997533,0.017190726,-0.17509173,12264.45,-0.1327846,0.00029552108,0.14739715,0.17190726,0.0105528926849365,14.545388793945335,0,0,0,0
29.437518374125176,41.7624,0.14168915,0.012624527,-0.17226613,12617.75,-0.12906462,0.0001593787,0.13990039,0.12624527,0.0114339447021484,14.832504208882654,0,0,0,0
29.234214401245158,41.008728,0.18435241,-0.028885579,-0.1950841,11637.55,-0.21323799,0.00083437667,0.18967754,-0.28885579,0.0105792490641276,15.068183570437984,0,0,0,0
28.775239880879724,41.26166,0.15585122,-0.0052053914,-0.1743201,11943.75,-0.16105661,2.7096103e-05,0.1566625,-0.052053914,0.0100396521886189,15.071497853597007,0,0,0,0
28.711374537150107,41.644478,0.18528976,-0.025174867,-0.20109501,11702.65,-0.21046463,0.0006337739,0.1899544,-0.25174867,0.0099601470099555,15.083465194702171,0,0,0,0
29.214689826965355,41.65986,0.20762178,-0.0398415,-0.21480624,11250.5,-0.24746329,0.0015873451,0.21589375,-0.398415,0.0111927111943562,15.171249326070182,0,0,0,0
28.87584997812908,41.68891,0.205136,-0.0020931964,-0.21488546,12061.3,-0.2072292,4.381471e-06,0.2055654,-0.020931964,0.0109853935241699,15.018158531188988,0,0,0,0
28.967117881774925,41.854687,0.18209775,-0.0060923314,-0.201448,11760.65,-0.18819007,3.71165e-05,0.18320714,-0.0609233139999999,0.0105637062920464,14.902815755208335,0,0,0,0
29.489220873514853,41.406925,0.16181053,-0.0065853875,-0.18858804,12034.7,-0.1683959,4.336733e-05,0.16287611,-0.0658538749999999,0.0117224762174818,14.637499321831626,0,0,0,0
28.967117881774925,41.10785,0.18815477,-0.0030348548,-0.19741634,11325.45,-0.19118962,9.210344e-06,0.18872578,-0.030348548,0.0105637062920464,14.902815755208335,0,0,0,0
28.775239880879724,41.598335,0.1995034,-0.012666946,-0.21229611,11434.55,-0.21217036,0.00016045153,0.20203051,-0.12666946,0.0100396521886189,15.071497853597007,0,0,0,0
29.425578371683784,42.404987,0.15382753,0.0021837326,-0.18250142,12006.8,-0.1516438,4.7686885e-06,0.15349162,0.021837326,0.0115013901392618,14.729311084747335,0,0,0,0
29.0171795845032,42.394733,0.1588658,-0.0054772138,-0.1896314,11836.1,-0.164343,2.9999868e-05,0.15973593,-0.054772138,0.0095214568244086,14.8354873021444,0,0,0,0
29.21082426706954,41.044617,0.20312281,-0.036791217,-0.21722807,11513.9,-0.23991403,0.0013535934,0.21059595,-0.36791217,0.0117545138465033,14.92827011744184,0,0,0,0
29.3144397099813,40.807064,0.20082757,-0.04146985,-0.21350965,11432.55,-0.24229743,0.0017197484,0.20915586,-0.4146985,0.011785807079739,14.98104512956408,0,0,0,0
28.87584997812908,41.5539,0.17956331,-0.008708381,-0.20389353,11671.7,-0.1882717,7.58359e-05,0.18112703,-0.08708381,0.0109853935241699,15.018158531188988,0,0,0,0
28.87584997812908,41.714546,0.19207178,-0.021888379,-0.20906505,11596.8,-0.21396016,0.00047910117,0.19627592,-0.21888379,0.0109853935241699,15.018158531188988,0,0,0,0
29.437518374125176,41.805126,0.2153257,-0.036012195,-0.22512287,11872.15,-0.2513379,0.0012968782,0.22308005,-0.3601219499999999,0.0114339447021484,14.832504208882654,0,0,0,0
28.87584997812908,42.26314,0.12072837,0.013358867,-0.14847107,12194.8,-0.107369505,0.00017845933,0.119115576,0.13358867,0.0109853935241699,15.018158531188988,0,0,0,0
29.63563849131268,42.457966,0.110941686,0.019748546,-0.14163837,12672.4,-0.09119314,0.00039000507,0.108750746,0.19748546,0.0094514126247829,14.539032554626488,0,0,0,0
28.81987374623617,42.408405,0.09602314,0.019870026,-0.12377379,12528.3,-0.076153114,0.00039481797,0.09411516,0.19870026,0.0110777473449707,15.02515818277996,0,0,0,0
29.13729852040612,42.66134,0.10516088,0.021990899,-0.13637006,12521.75,-0.08316998,0.00048359964,0.1028483,0.21990899,0.0113369719187418,14.88310012817385,0,0,0,0
29.437518374125176,43.2988,0.09896059,0.026035959,-0.13228078,12936.0,-0.07292464,0.00067787117,0.09638406,0.26035959,0.0114339447021484,14.832504208882654,0,0,0,0
28.87584997812908,43.601295,0.090314515,0.025837146,-0.11942764,12784.95,-0.06447737,0.00066755805,0.087981045,0.25837146,0.0109853935241699,15.018158531188988,0,0,0,0
29.48794962565105,43.199677,0.11113731,0.027873538,-0.14249602,12739.4,-0.08326377,0.0007769341,0.10803951,0.27873538,0.0105528926849365,14.545388793945335,0,0,0,0
29.478845055898063,42.39815,0.15074526,0.0020417457,-0.17502594,12336.1,-0.14870352,4.1687254e-06,0.15043747,0.020417457,0.0112010693550109,14.937810198466025,0,0,0,0
29.0171795845032,41.289005,0.18592554,-0.019672036,-0.20422535,12001.4,-0.20559758,0.00038698898,0.18958308,-0.19672036,0.0095214568244086,14.8354873021444,0,0,0,0
29.383197085062704,40.974545,0.19363977,-0.028594099,-0.2101824,11463.1,-0.22223388,0.00081762247,0.19917673,-0.28594099,0.0116676606072319,14.912640349070244,0,0,0,0
29.53638579050701,40.642998,0.1552,0.013206959,-0.1811861,11983.7,-0.14199305,0.00017442375,0.15315028,0.13206959,0.0099408562978108,14.67159852981571,0,0,0,0
29.383197085062704,40.075607,0.17630103,-0.00514875,-0.19768038,11838.15,-0.18144979,2.6509626e-05,0.17720877,-0.0514875,0.0116676606072319,14.912640349070244,0,0,0,0
28.967117881774925,39.820965,0.22675993,-0.060335472,-0.22841236,11149.95,-0.2870954,0.0036403693,0.2404416,-0.60335472,0.0105637062920464,14.902815755208335,0,0,0,0
28.81987374623617,40.47893,0.13882084,0.015047959,-0.17426431,12442.2,-0.12377289,0.00022644107,0.13673188,0.15047959,0.0110777473449707,15.02515818277996,0,0,0,0
29.425578371683784,40.2824,0.17507489,0.0049869595,-0.19850174,12071.25,-0.17008793,2.4869763e-05,0.1742018,0.0498695949999999,0.0115013901392618,14.729311084747335,0,0,0,0
29.3144397099813,40.921566,0.1879396,-0.014195867,-0.19378151,11751.85,-0.20213546,0.00020152263,0.19060756,-0.1419586699999999,0.011785807079739,14.98104512956408,0,0,0,0
29.3144397099813,40.926693,0.117919266,0.058374032,-0.14142716,11789.05,-0.059545234,0.0034075275,0.111035846,0.58374032,0.011785807079739,14.98104512956408,0,0,0,0
28.77436933517457,40.470387,0.1759833,0.012366788,-0.19729106,11675.65,-0.16361651,0.00015293744,0.17380695,0.12366788,0.0096894741058349,14.974113559722907,0,0,0,0
29.507907485961937,40.31487,0.19865225,-0.008474827,-0.21760522,11489.6,-0.20712708,7.182269e-05,0.2003358,-0.08474827,0.0105171871185302,14.82529443105065,0,0,0,0
29.478845055898063,40.738705,0.15552488,0.04134974,-0.1846059,11741.15,-0.11417513,0.001709801,0.14909397,0.4134974,0.0112010693550109,14.937810198466025,0,0,0,0
28.87584997812908,41.116394,0.13954747,0.035324585,-0.1534032,11489.25,-0.10422288,0.0012478263,0.13461801,0.35324585,0.0109853935241699,15.018158531188988,0,0,0,0
28.967117881774925,41.10785,0.13137047,0.029942703,-0.16433418,11747.35,-0.10142777,0.00089656544,0.12743689,0.29942703,0.0105637062920464,14.902815755208335,0,0,0,0
28.87584997812908,40.53533,0.14735301,0.025545342,-0.16679683,11820.6,-0.121807665,0.00065256446,0.14358883,0.25545342,0.0109853935241699,15.018158531188988,0,0,0,0
28.71447588602703,39.373203,0.227414,-0.026627697,-0.23537521,11314.25,-0.2540417,0.00070903427,0.23346952,-0.26627697,0.0101193030675252,15.129899597167991,0,0,0,0
29.437518374125176,39.82609,0.21818504,-0.034295946,-0.22692706,11290.5,-0.25248098,0.001176212,0.22566791,-0.34295946,0.0114339447021484,14.832504208882654,0,0,0,0
29.437518374125176,41.374454,0.15949026,0.0033259084,-0.18206492,11721.0,-0.15616435,1.10616675e-05,0.1589598,0.033259084,0.0114339447021484,14.832504208882654,0,0,0,0
29.507907485961937,39.709877,0.16156466,-0.0055998378,-0.18398531,11543.05,-0.16716449,3.1358184e-05,0.16246939,-0.055998378,0.0105171871185302,14.82529443105065,0,0,0,0
29.507907485961937,39.403965,0.16445051,-0.009376655,-0.18854083,11517.3,-0.17382717,8.792166e-05,0.16599251,-0.0937665499999999,0.0105171871185302,14.82529443105065,0,0,0,0
29.587538973490425,40.38152,0.14693315,0.0023957246,-0.16545266,11953.5,-0.14453743,5.739496e-06,0.14658114,0.0239572459999999,0.011531532605489,14.80689392089846,0,0,0,0
28.81987374623617,41.270206,0.13034044,0.021948058,-0.15791702,12314.95,-0.10839239,0.00048171723,0.12747973,0.2194805799999999,0.0110777473449707,15.02515818277996,0,0,0,0
29.53638579050701,42.235794,0.087817706,0.029584689,-0.11514411,12563.5,-0.058233015,0.0008752538,0.085219644,0.29584689,0.0099408562978108,14.67159852981571,0,0,0,0
28.863900438944512,41.793163,0.12271897,0.011334255,-0.14980507,12493.35,-0.11138471,0.00012846534,0.12132804,0.11334255,0.0106722672780354,15.035710430145286,0,0,0,0
29.383197085062704,40.545586,0.20717111,-0.03365266,-0.22372904,11807.55,-0.24082378,0.0011325014,0.21414296,-0.3365266,0.0116676606072319,14.912640349070244,0,0,0,0
29.425578371683784,40.217453,0.17796738,-0.01099188,-0.1922498,12197.75,-0.18895927,0.00012082141,0.17992358,-0.1099188,0.0115013901392618,14.729311084747335,0,0,0,0
29.425578371683784,40.774593,0.14599267,0.020899303,-0.17507693,11565.55,-0.12509336,0.0004367809,0.14294152,0.20899303,0.0115013901392618,14.729311084747335,0,0,0,0
28.87584997812908,41.285587,0.16267803,0.017151488,-0.18863285,12019.65,-0.14552654,0.00029417354,0.15988787,0.1715148799999999,0.0109853935241699,15.018158531188988,0,0,0,0
28.81987374623617,40.566093,0.1881803,0.0005722251,-0.20291032,11727.9,-0.18760808,3.2744154e-07,0.1880726,0.005722251,0.0110777473449707,15.02515818277996,0,0,0,0
29.43544333775841,40.374683,0.18940774,0.008261832,-0.2045199,11755.75,-0.1811459,6.825787e-05,0.18784289,0.08261832,0.0112120342254638,14.495665486653678,0,0,0,0
29.489220873514853,40.443043,0.16315293,0.00948068,-0.18560612,12067.25,-0.15367225,8.988331e-05,0.16160613,0.0948068,0.0117224762174818,14.637499321831626,0,0,0,0
29.48794962565105,40.46697,0.13087657,0.019495208,-0.16441333,12249.55,-0.11138137,0.00038006314,0.1283251,0.19495208,0.0105528926849365,14.545388793945335,0,0,0,0
29.437518374125176,40.767757,0.12295055,0.017253522,-0.16017736,12575.2,-0.10569702,0.000297684,0.12082922,0.17253522,0.0114339447021484,14.832504208882654,0,0,0,0
29.383197085062704,39.971355,0.21664974,-0.032623395,-0.22588044,11449.5,-0.24927314,0.001064286,0.22371759,-0.32623395,0.0116676606072319,14.912640349070244,0,0,0,0
29.234214401245158,40.333668,0.17990758,0.0053955796,-0.20003481,11960.4,-0.174512,2.911228e-05,0.17893687,0.053955796,0.0105792490641276,15.068183570437984,0,0,0,0
29.587538973490425,40.921566,0.1498929,0.032202274,-0.16855444,12088.65,-0.11769062,0.0010369864,0.14506601,0.32202274,0.011531532605489,14.80689392089846,0,0,0,0
29.426291084289588,40.728447,0.15358374,0.023426276,-0.18216181,12004.95,-0.13015746,0.00054879044,0.14998583,0.23426276,0.0109315586090087,14.32123548719621,0,0,0,0
29.507907485961937,41.201843,0.11849642,0.044393003,-0.15540911,12376.5,-0.074103415,0.0019707386,0.113236,0.44393003,0.0105171871185302,14.82529443105065,0,0,0,0
29.40596796671552,42.18965,0.12402399,0.050102517,-0.16089642,12355.65,-0.07392147,0.002510262,0.11781008,0.50102517,0.011005474726359,14.555287297566757,0,0,0,0
28.71447588602703,40.919857,0.20855373,-0.020225907,-0.22919284,11461.2,-0.22877964,0.00040908734,0.21277192,-0.20225907,0.0101193030675252,15.129899597167991,0,0,0,0
28.81987374623617,40.942074,0.19944325,-0.022975551,-0.21135232,11524.4,-0.2224188,0.00052787596,0.20402557,-0.22975551,0.0110777473449707,15.02515818277996,0,0,0,0
29.3144397099813,41.22577,0.19972709,-0.03465362,-0.21125332,11287.4,-0.2343807,0.0012008733,0.20664835,-0.3465362,0.011785807079739,14.98104512956408,0,0,0,0
29.0171795845032,41.10614,0.18484898,-0.024034869,-0.20052558,11369.45,-0.20888385,0.00057767495,0.18929179,-0.24034869,0.0095214568244086,14.8354873021444,0,0,0,0
29.13729852040612,41.17621,0.15473382,0.0033462765,-0.17789054,11417.55,-0.15138754,1.1197566e-05,0.15421604,0.033462765,0.0113369719187418,14.88310012817385,0,0,0,0
29.587538973490425,39.74235,0.23679629,-0.045723524,-0.2458774,11505.7,-0.28251982,0.0020906406,0.24762344,-0.45723524,0.011531532605489,14.80689392089846,0,0,0,0
28.711374537150107,39.81071,0.20379613,-0.047819883,-0.21848956,11064.5,-0.251616,0.0022867413,0.21354164,-0.47819883,0.0099601470099555,15.083465194702171,0,0,0,0
29.40596796671552,41.289005,0.17653367,0.009417955,-0.18609506,11234.8,-0.16711572,8.8697874e-05,0.17487109,0.09417955,0.011005474726359,14.555287297566757,0,0,0,0
29.214689826965355,42.17598,0.20621642,-0.013954652,-0.20907092,10957.75,-0.22017108,0.00019473229,0.2090941,-0.13954652,0.0111927111943562,15.171249326070182,0,0,0,0
28.711374537150107,42.688683,0.1596683,0.030364461,-0.19051999,11748.3,-0.12930383,0.00092200056,0.15482005,0.30364461,0.0099601470099555,15.083465194702171,0,0,0,0
29.21082426706954,41.500923,0.15438366,0.004370428,-0.17989351,11717.65,-0.15001322,1.9100644e-05,0.15370893,0.04370428,0.0117545138465033,14.92827011744184,0,0,0,0
29.53638579050701,40.807064,0.14903253,0.027702402,-0.17129296,11610.8,-0.121330135,0.0007674231,0.14490397,0.27702402,0.0099408562978108,14.67159852981571,0,0,0,0
29.437518374125176,40.78143,0.13650927,0.03486809,-0.15155263,11238.1,-0.10164118,0.0012157838,0.13174945,0.3486808999999999,0.0114339447021484,14.832504208882654,0,0,0,0
29.43544333775841,40.420826,0.21277311,-0.016066875,-0.2238806,11364.05,-0.22883998,0.00025814452,0.21619171,-0.16066875,0.0112120342254638,14.495665486653678,0,0,0,0
29.13729852040612,41.03949,0.18690784,-0.0055947457,-0.20388773,11387.1,-0.19250259,3.130118e-05,0.18795355,-0.055947457,0.0113369719187418,14.88310012817385,0,0,0,0
28.775239880879724,41.376163,0.16675626,0.015200327,-0.1894558,11514.8,-0.15155594,0.00023104993,0.16422151,0.15200327,0.0100396521886189,15.071497853597007,0,0,0,0
29.214689826965355,41.17108,0.18031108,0.00399273,-0.19812183,11627.25,-0.17631835,1.594189e-05,0.17959115,0.0399273,0.0111927111943562,15.171249326070182,0,0,0,0
29.507907485961937,39.20401,0.17023414,-0.001050855,-0.19035177,11138.1,-0.171285,1.1042963e-06,0.17041305,-0.01050855,0.0105171871185302,14.82529443105065,0,0,0,0
29.383197085062704,38.756252,0.17556404,0.021891065,-0.20368199,11749.8,-0.15367298,0.0004792187,0.17172076,0.21891065,0.0116676606072319,14.912640349070244,0,0,0,0
29.234214401245158,38.605858,0.19644752,-0.000384604,-0.21641845,11419.8,-0.19683214,1.4792025e-07,0.19652309,-0.00384604,0.0105792490641276,15.068183570437984,0,0,0,0
29.234214401245158,38.981842,0.18599702,-0.0044457796,-0.20207068,11557.0,-0.1904428,1.9764955e-05,0.18682392,-0.0444577959999999,0.0105792490641276,15.068183570437984,0,0,0,0
29.425578371683784,39.392002,0.17627308,0.03214481,-0.20200142,11681.2,-0.14412828,0.0010332888,0.17060682,0.3214481,0.0115013901392618,14.729311084747335,0,0,0,0
29.48794962565105,39.357822,0.1535958,0.0056708492,-0.1768654,11924.7,-0.14792494,3.2158532e-05,0.15272479,0.056708492,0.0105528926849365,14.545388793945335,0,0,0,0
29.13729852040612,38.53408,0.15506543,0.016285148,-0.17467503,12434.4,-0.13878028,0.00026520604,0.15254016,0.16285148,0.0113369719187418,14.88310012817385,0,0,0,0
28.87584997812908,38.72891,0.22331545,-0.041962907,-0.22275083,11291.7,-0.26527837,0.0017608857,0.23268642,-0.41962907,0.0109853935241699,15.018158531188988,0,0,0,0
29.3144397099813,39.644936,0.1704788,0.020168496,-0.20200439,12023.1,-0.15031031,0.00040676823,0.1670405,0.20168496,0.011785807079739,14.98104512956408,0,0,0,0
29.437518374125176,40.15764,0.15255512,0.013314605,-0.17829186,12169.3,-0.13924052,0.0001772787,0.1505239,0.13314605,0.0114339447021484,14.832504208882654,0,0,0,0
29.587538973490425,40.061935,0.1845101,-0.019597234,-0.19233744,11817.6,-0.20410733,0.00038405161,0.18812598,-0.19597234,0.011531532605489,14.80689392089846,0,0,0,0
29.63563849131268,40.496025,0.15224189,-0.008055789,-0.16882755,12230.3,-0.16029768,6.489574e-05,0.15346831,-0.08055789,0.0094514126247829,14.539032554626488,0,0,0,0
29.48794962565105,40.096115,0.15987784,-0.038593903,-0.1856737,12063.3,-0.19847174,0.0014894895,0.16604814,-0.3859390299999999,0.0105528926849365,14.545388793945335,0,0,0,0
29.489220873514853,40.598564,0.13710718,-0.002753337,-0.16191004,12438.6,-0.13986051,7.5808643e-06,0.13748467,-0.0275333699999999,0.0117224762174818,14.637499321831626,0,0,0,0
29.53638579050701,40.567802,0.17363377,-0.0060249646,-0.18850254,12209.9,-0.17965873,3.63002e-05,0.1746799,-0.060249646,0.0099408562978108,14.67159852981571,0,0,0,0
28.967117881774925,39.600502,0.23892626,-0.06364728,-0.24485493,11753.2,-0.30257353,0.004050976,0.25413328,-0.6364728,0.0105637062920464,14.902815755208335,0,0,0,0
29.3144397099813,39.0878,0.27017882,-0.06872713,-0.25930998,11217.8,-0.33890596,0.0047234176,0.28874743,-0.6872712999999999,0.011785807079739,14.98104512956408,0,0,0,0
29.587538973490425,40.36614,0.23029633,-0.052504063,-0.23025385,11529.2,-0.2828004,0.0027566766,0.24238783,-0.52504063,0.011531532605489,14.80689392089846,0,0,0,0
29.21082426706954,41.78462,0.18517235,-0.0035234012,-0.2048507,11742.8,-0.18869574,1.2414356e-05,0.18582478,-0.0352340119999999,0.0117545138465033,14.92827011744184,0,0,0,0
29.13729852040612,41.6103,0.17362073,0.005582114,-0.1992267,12109.9,-0.16803862,3.116e-05,0.17265156,0.05582114,0.0113369719187418,14.88310012817385,0,0,0,0
29.53638579050701,39.74748,0.20021045,-0.019454788,-0.21746247,11478.0,-0.21966524,0.00037848882,0.20410551,-0.19454788,0.0099408562978108,14.67159852981571,0,0,0,0
28.81987374623617,41.44623,0.18089437,0.014111061,-0.19665766,12041.1,-0.16678332,0.00019912202,0.17834176,0.14111061,0.0110777473449707,15.02515818277996,0,0,0,0
29.48794962565105,40.2636,0.19662584,-0.033627022,-0.2037208,11551.9,-0.23025286,0.0011307767,0.20323779,-0.33627022,0.0105528926849365,14.545388793945335,0,0,0,0
29.25716981887821,40.147385,0.15082392,0.00804085,-0.17408822,12218.4,-0.14278306,6.4655265e-05,0.14961116,0.0804085,0.0098183250427246,14.7552871068319,0,0,0,0
29.40596796671552,39.870525,0.18949474,-0.024154298,-0.19803381,11636.5,-0.21364905,0.00058343005,0.19407186,-0.24154298,0.011005474726359,14.555287297566757,0,0,0,0
29.587538973490425,39.234776,0.18091635,-0.00576434,-0.20172863,12291.1,-0.1866807,3.3227618e-05,0.18195923,-0.0576434,0.011531532605489,14.80689392089846,0,0,0,0
29.3144397099813,38.821194,0.22686857,-0.043730054,-0.23277727,11450.8,-0.27059862,0.0019123177,0.23678955,-0.4373005399999999,0.011785807079739,14.98104512956408,0,0,0,0
29.21082426706954,40.369556,0.17600766,-0.010262813,-0.1838978,11701.7,-0.18627048,0.000105325336,0.17781399,-0.10262813,0.0117545138465033,14.92827011744184,0,0,0,0
29.437518374125176,40.496025,0.12422075,0.04567736,-0.15010741,12965.6,-0.07854339,0.0020864215,0.11854667,0.4567736,0.0114339447021484,14.832504208882654,0,0,0,0
29.383197085062704,39.70646,0.15030494,0.018904861,-0.17768304,12664.4,-0.13140008,0.00035739376,0.14746344,0.1890486099999999,0.0116676606072319,14.912640349070244,0,0,0,0
29.437518374125176,40.270435,0.14729801,0.028461944,-0.18418737,12573.4,-0.11883606,0.00081008225,0.14310561,0.28461944,0.0114339447021484,14.832504208882654,0,0,0,0
29.63563849131268,40.386646,0.17101407,-0.0091557745,-0.17333528,11455.4,-0.18016984,8.382821e-05,0.17257984,-0.091557745,0.0094514126247829,14.539032554626488,0,0,0,0
29.234214401245158,39.757732,0.1805977,0.006310352,-0.19442582,11785.7,-0.17428733,3.982054e-05,0.17945805,0.06310352,0.0105792490641276,15.068183570437984,0,0,0,0
29.214689826965355,38.578514,0.12958735,0.03546801,-0.15892883,12404.9,-0.09411934,0.0012579797,0.12499115,0.3546801,0.0111927111943562,15.171249326070182,0,0,0,0
29.63563849131268,38.37685,0.19840242,-0.011295318,-0.20582166,11372.6,-0.20969774,0.00012758421,0.20064344,-0.11295318,0.0094514126247829,14.539032554626488,0,0,0,0
29.21082426706954,37.354862,0.11621676,0.02723213,-0.14730284,12702.2,-0.08898463,0.0007415889,0.11305193,0.2723213,0.0117545138465033,14.92827011744184,0,0,0,0
28.77436933517457,38.147842,0.20314184,-0.021662142,-0.21722926,11584.7,-0.22480397,0.00046924836,0.20754232,-0.2166214199999999,0.0096894741058349,14.974113559722907,0,0,0,0
29.383197085062704,38.387104,0.21844627,-0.019406557,-0.23263599,11534.4,-0.23785283,0.00037661448,0.22268556,-0.19406557,0.0116676606072319,14.912640349070244,0,0,0,0
28.87584997812908,39.419346,0.18725777,-0.016385809,-0.2049548,11957.2,-0.20364358,0.00026849474,0.19032614,-0.16385809,0.0109853935241699,15.018158531188988,0,0,0,0
29.21082426706954,39.853436,0.17039739,0.0045942687,-0.19885185,12094.5,-0.1658031,2.1107304e-05,0.16961452,0.045942687,0.0117545138465033,14.92827011744184,0,0,0,0
29.21082426706954,40.70452,0.12500407,0.036567666,-0.1445911,13091.7,-0.08843641,0.0013371941,0.120432965,0.36567666,0.0117545138465033,14.92827011744184,0,0,0,0
29.234214401245158,40.219162,0.111823134,0.05534533,-0.13150944,13480.6,-0.056477804,0.0030631055,0.10563424,0.5534532999999999,0.0105792490641276,15.068183570437984,0,0,0,0
28.967117881774925,40.417408,0.20438698,-0.02839362,-0.20595045,11623.3,-0.2327806,0.0008061977,0.21019027,-0.2839362,0.0105637062920464,14.902815755208335,0,0,0,0
29.40596796671552,40.301197,0.14942609,0.0014895881,-0.16777474,11993.4,-0.14793651,2.2188726e-06,0.14920351,0.014895881,0.011005474726359,14.555287297566757,0,0,0,0
29.214689826965355,39.30997,0.13445874,0.018886024,-0.15752989,12211.5,-0.115572706,0.0003566819,0.13191934,0.18886024,0.0111927111943562,15.171249326070182,0,0,0,0
29.21082426706954,38.50332,0.16408096,0.011975723,-0.17879425,13004.2,-0.15210523,0.00014341796,0.16211596,0.11975723,0.0117545138465033,14.92827011744184,0,0,0,0
28.81987374623617,38.349506,0.22331583,-0.0131927645,-0.21949866,11561.3,-0.2365086,0.00017404903,0.22626199,-0.131927645,0.0110777473449707,15.02515818277996,0,0,0,0
28.775239880879724,39.009186,0.19338405,0.009667146,-0.20372717,12008.8,-0.18371691,9.345371e-05,0.19151458,0.09667146,0.0100396521886189,15.071497853597007,0,0,0,0
29.214689826965355,41.237732,0.16033046,0.0063850833,-0.17090575,11973.2,-0.15394539,4.076929e-05,0.15930673,0.063850833,0.0111927111943562,15.171249326070182,0,0,0,0
28.71447588602703,43.155243,0.16546664,-0.008305647,-0.19863182,11908.4,-0.17377229,6.898378e-05,0.16684094,-0.08305647,0.0101193030675252,15.129899597167991,0,0,0,0
29.498190180460654,42.581017,0.15234752,-0.0071903486,-0.19287369,11905.0,-0.15953787,5.1701114e-05,0.15344295,-0.071903486,0.0103383498390515,14.389676666259788,0,0,0,0
29.507907485961937,43.015102,0.20658404,-0.021495063,-0.22548987,11988.4,-0.2280791,0.00046203774,0.21102457,-0.2149506299999999,0.0105171871185302,14.82529443105065,0,0,0,0
29.426291084289588,42.704063,0.11684668,0.054225814,-0.13665727,12312.8,-0.06262087,0.0029404387,0.11051057,0.5422581399999999,0.0109315586090087,14.32123548719621,0,0,0,0
29.383197085062704,42.187943,0.13951266,0.027352966,-0.16082603,12383.2,-0.11215969,0.0007481848,0.13569658,0.27352966,0.0116676606072319,14.912640349070244,0,0,0,0
29.63563849131268,40.22258,0.2076573,-0.064500295,-0.20306045,10700.05,-0.2721576,0.0041602883,0.22105126,-0.64500295,0.0094514126247829,14.539032554626488,0,0,0,0
28.81987374623617,40.17302,0.2411562,-0.07792307,-0.24568701,11248.05,-0.31907928,0.006072004,0.25994784,-0.7792306999999999,0.0110777473449707,15.02515818277996,0,0,0,0
29.40596796671552,40.453297,0.14140193,0.01371839,-0.17262259,12260.55,-0.12768354,0.00018819423,0.13946211,0.1371839,0.011005474726359,14.555287297566757,0,0,0,0
29.53638579050701,41.651314,0.18671915,-0.023400016,-0.21086878,12404.2,-0.21011917,0.0005475608,0.1910884,-0.2340001599999999,0.0099408562978108,14.67159852981571,0,0,0,0
29.234214401245158,44.276352,0.12476082,0.02977914,-0.14801145,13190.4,-0.094981685,0.00088679715,0.12104555,0.2977914,0.0105792490641276,15.068183570437984,0,0,0,0
28.71447588602703,43.95506,0.13053648,0.028712941,-0.1670209,12751.65,-0.10182353,0.000824433,0.1267884,0.28712941,0.0101193030675252,15.129899597167991,0,0,0,0
28.71447588602703,42.1418,0.16761647,0.003919222,-0.17663275,11943.95,-0.16369726,1.5360301e-05,0.16695955,0.03919222,0.0101193030675252,15.129899597167991,0,0,0,0
28.87584997812908,42.273396,0.1442116,0.0040015006,-0.15858759,11859.25,-0.1402101,1.6012007e-05,0.14363454,0.040015006,0.0109853935241699,15.018158531188988,0,0,0,0
28.81987374623617,41.487247,0.12765165,0.03866584,-0.15921824,11960.55,-0.0889858,0.0014950471,0.12271588,0.3866584,0.0110777473449707,15.02515818277996,0,0,0,0
29.426291084289588,41.48383,0.12261933,0.03351177,-0.16078348,12391.1,-0.089107566,0.0011230387,0.11851014,0.3351177,0.0109315586090087,14.32123548719621,0,0,0,0
29.48794962565105,43.322727,0.12880395,0.026365487,-0.16582526,12378.65,-0.102438465,0.0006951389,0.12540798,0.26365487,0.0105528926849365,14.545388793945335,0,0,0,0
29.53638579050701,44.862545,0.120636635,0.049974933,-0.16672531,12421.9,-0.0706617,0.002497494,0.114607826,0.49974933,0.0099408562978108,14.67159852981571,0,0,0,0
28.81987374623617,45.368412,0.11919979,0.051805854,-0.15082009,12059.05,-0.06739393,0.0026838467,0.11302454,0.51805854,0.0110777473449707,15.02515818277996,0,0,0,0
29.63563849131268,42.288776,0.13561659,0.018421777,-0.15775439,11989.2,-0.11719481,0.00033936184,0.13311829,0.18421777,0.0094514126247829,14.539032554626488,0,0,0,0
29.437518374125176,39.660316,0.08522981,-0.0038737538,-0.11390621,12798.1,-0.089103565,1.5005968e-05,0.085559964,-0.038737538,0.0114339447021484,14.832504208882654,0,0,0,0
29.40596796671552,37.201054,0.16122502,-0.070378385,-0.1567295,10573.35,-0.23160341,0.004953117,0.17257178,-0.70378385,0.011005474726359,14.555287297566757,0,0,0,0
29.478845055898063,38.313618,0.17360945,-0.041945983,-0.18496725,11314.55,-0.21555544,0.0017594653,0.18089168,-0.41945983,0.0112010693550109,14.937810198466025,0,0,0,0
29.234214401245158,40.89935,0.13370705,0.02234083,-0.16236062,11936.75,-0.11136622,0.0004991127,0.13071993,0.2234083,0.0105792490641276,15.068183570437984,0,0,0,0
28.71447588602703,41.471867,0.13847509,0.011603198,-0.16860066,11926.3,-0.12687188,0.0001346342,0.13686833,0.11603198,0.0101193030675252,15.129899597167991,0,0,0,0
29.425578371683784,42.034134,0.13304575,0.019242926,-0.17119585,12315.9,-0.11380283,0.0003702902,0.13048556,0.19242926,0.0115013901392618,14.729311084747335,0,0,0,0
28.87584997812908,42.613487,0.12543608,0.034128785,-0.1651425,12237.15,-0.09130729,0.0011647741,0.1211551,0.34128785,0.0109853935241699,15.018158531188988,0,0,0,0
29.214689826965355,43.85081,0.12291202,0.03115792,-0.16351342,12446.0,-0.0917541,0.00097081595,0.11908233,0.3115792,0.0111927111943562,15.171249326070182,0,0,0,0
29.48794962565105,44.030254,0.12755397,0.037703276,-0.16220477,12391.9,-0.089850694,0.0014215371,0.12274477,0.37703276,0.0105528926849365,14.545388793945335,0,0,0,0
29.425578371683784,43.098846,0.20720938,-0.040876303,-0.21568492,11730.35,-0.24808568,0.0016708721,0.21567933,-0.40876303,0.0115013901392618,14.729311084747335,0,0,0,0
29.507907485961937,42.134964,0.19771245,-0.027422411,-0.20868108,11853.65,-0.22513486,0.0007519886,0.2031342,-0.27422411,0.0105171871185302,14.82529443105065,0,0,0,0
28.81987374623617,42.22725,0.19507201,-0.037492532,-0.2178018,11969.2,-0.23256454,0.00140569,0.20238575,-0.37492532,0.0110777473449707,15.02515818277996,0,0,0,0
29.48794962565105,42.46651,0.15011668,0.013699402,-0.18039976,12608.9,-0.13641728,0.00018767362,0.14806017,0.13699402,0.0105528926849365,14.545388793945335,0,0,0,0
29.478845055898063,42.84933,0.15871027,0.012517033,-0.18714428,12497.0,-0.14619324,0.00015667613,0.1567237,0.12517033,0.0112010693550109,14.937810198466025,0,0,0,0
29.425578371683784,42.763878,0.14663757,0.04125916,-0.17570545,12234.9,-0.105378404,0.0017023183,0.14058742,0.4125916,0.0115013901392618,14.729311084747335,0,0,0,0
29.437518374125176,42.705772,0.16396768,0.0071195574,-0.19835673,12292.2,-0.15684812,5.06881e-05,0.1628003,0.071195574,0.0114339447021484,14.832504208882654,0,0,0,0
29.425578371683784,41.912792,0.14323573,0.04281488,-0.17463359,12749.5,-0.10042085,0.001833114,0.13710311,0.4281488,0.0115013901392618,14.729311084747335,0,0,0,0
29.507907485961937,42.492146,0.1509082,0.026789173,-0.18354228,12612.0,-0.12411902,0.00071765983,0.14686549,0.26789173,0.0105171871185302,14.82529443105065,0,0,0,0
29.53638579050701,41.46503,0.20531607,-0.032926917,-0.2191717,11817.9,-0.23824298,0.001084182,0.2120765,-0.32926917,0.0099408562978108,14.67159852981571,0,0,0,0
29.13729852040612,40.581474,0.24987686,-0.08396677,-0.25668612,11427.45,-0.33384362,0.007050418,0.2708582,-0.8396676999999999,0.0113369719187418,14.88310012817385,0,0,0,0
29.48794962565105,42.015335,0.17867163,-0.019077381,-0.19786601,11904.35,-0.197749,0.00036394646,0.18208021,-0.19077381,0.0105528926849365,14.545388793945335,0,0,0,0
29.0171795845032,43.186005,0.11571934,0.02387964,-0.14296944,12331.25,-0.0918397,0.00057023723,0.11295601,0.2387964,0.0095214568244086,14.8354873021444,0,0,0,0
29.507907485961937,43.587624,0.07736583,0.043830607,-0.10462278,12512.35,-0.033535227,0.001921122,0.07397484,0.43830607,0.0105171871185302,14.82529443105065,0,0,0,0
29.40596796671552,42.9194,0.12322143,0.006477421,-0.1447667,12354.7,-0.11674401,4.1956988e-05,0.12242328,0.06477421,0.011005474726359,14.555287297566757,0,0,0,0
29.3144397099813,41.7248,0.2452733,-0.05974595,-0.24623547,11446.2,-0.30501926,0.0035695783,0.2599274,-0.5974595,0.011785807079739,14.98104512956408,0,0,0,0
29.478845055898063,41.953808,0.25691968,-0.06087257,-0.256984,11394.05,-0.31779227,0.0037054697,0.27255905,-0.6087257,0.0112010693550109,14.937810198466025,0,0,0,0
29.21082426706954,42.36568,0.16708536,-0.0032043245,-0.1917908,12656.95,-0.1702897,1.0267695e-05,0.16762076,-0.032043245,0.0117545138465033,14.92827011744184,0,0,0,0
28.967117881774925,43.066376,0.1316448,0.027984666,-0.16760135,13116.25,-0.10366014,0.0007831415,0.12796077,0.2798466599999999,0.0105637062920464,14.902815755208335,0,0,0,0
28.887657101949088,43.30051,0.1688601,-0.012333412,-0.1882472,12235.6,-0.1811935,0.00015211303,0.17094271,-0.12333412,0.0088965702056884,14.813097466362876,0,0,0,0
28.967117881774925,43.914043,0.1261232,0.041018717,-0.15430729,12460.45,-0.08510449,0.001682535,0.1209498,0.41018717,0.0105637062920464,14.902815755208335,0,0,0,0
29.214689826965355,44.27977,0.15846455,0.017863816,-0.17919448,11831.05,-0.14060073,0.00031911593,0.15563376,0.17863816,0.0111927111943562,15.171249326070182,0,0,0,0
29.425578371683784,44.877926,0.11855873,0.045365192,-0.15219511,11934.5,-0.073193535,0.0020580005,0.11318029,0.45365192,0.0115013901392618,14.729311084747335,0,0,0,0
29.426291084289588,45.293213,0.111508645,0.039202027,-0.14889222,13187.55,-0.07230662,0.001536799,0.10713728,0.39202027,0.0109315586090087,14.32123548719621,0,0,0,0
29.214689826965355,44.850582,0.09959383,0.04923837,-0.13646525,13029.8,-0.050355464,0.0024244168,0.094689995,0.4923837,0.0111927111943562,15.171249326070182,0,0,0,0
29.383197085062704,44.238754,0.10745488,0.04875636,-0.14379418,12987.95,-0.058698516,0.0023771825,0.10221577,0.4875636,0.0116676606072319,14.912640349070244,0,0,0,0
28.81987374623617,43.2424,0.1011861,0.04890421,-0.14135042,13067.15,-0.052281883,0.002391622,0.09623767,0.4890421,0.0110777473449707,15.02515818277996,0,0,0,0
29.489220873514853,43.28684,0.11708111,0.038903255,-0.15143648,12665.95,-0.07817786,0.0015134632,0.11252628,0.38903255,0.0117224762174818,14.637499321831626,0,0,0,0
29.48794962565105,42.825405,0.12239199,0.04148585,-0.15175568,12299.05,-0.080906145,0.0017210756,0.11731446,0.4148584999999999,0.0105528926849365,14.545388793945335,0,0,0,0
29.53638579050701,41.495792,0.1425214,0.025682136,-0.17377208,12445.8,-0.11683927,0.00065957214,0.13886115,0.25682136,0.0099408562978108,14.67159852981571,0,0,0,0
28.81987374623617,41.253117,0.17054915,-0.014898716,-0.18910435,12030.25,-0.18544787,0.00022197173,0.17309012,-0.14898716,0.0110777473449707,15.02515818277996,0,0,0,0
29.478845055898063,41.543648,0.10818718,0.030551536,-0.14989589,13829.35,-0.077635646,0.00093339634,0.1048819,0.30551536,0.0112010693550109,14.937810198466025,0,0,0,0
29.21082426706954,41.60517,0.15403038,-0.02082979,-0.17552575,11964.65,-0.17486018,0.00043388014,0.1572388,-0.2082979,0.0117545138465033,14.92827011744184,0,0,0,0
29.48794962565105,42.404987,0.1783121,-0.014887111,-0.20223917,11390.15,-0.1931992,0.00022162608,0.18096665,-0.14887111,0.0105528926849365,14.545388793945335,0,0,0,0
28.71447588602703,42.927944,0.17596598,-0.026299302,-0.19685246,11151.05,-0.20226528,0.00069165323,0.18059376,-0.26299302,0.0101193030675252,15.129899597167991,0,0,0,0
29.21082426706954,42.07515,0.20895271,-0.061134726,-0.21762712,10836.45,-0.27008745,0.0037374548,0.22172698,-0.6113472600000001,0.0117545138465033,14.92827011744184,0,0,0,0
29.383197085062704,42.239212,0.19079427,-0.044587824,-0.20604818,11216.3,-0.2353821,0.001988074,0.19930138,-0.44587824,0.0116676606072319,14.912640349070244,0,0,0,0
29.489220873514853,42.55538,0.1557948,0.0074957837,-0.17543924,11557.15,-0.14829901,5.618677e-05,0.154627,0.074957837,0.0117224762174818,14.637499321831626,0,0,0,0
29.21082426706954,42.58956,0.1384664,0.034802783,-0.16914983,11992.15,-0.103663616,0.0012112338,0.13364738,0.34802783,0.0117545138465033,14.92827011744184,0,0,0,0
29.507907485961937,41.613716,0.10844696,0.047173977,-0.14110184,12159.4,-0.061272986,0.002225384,0.10333109,0.47173977,0.0105171871185302,14.82529443105065,0,0,0,0
29.13729852040612,40.646416,0.13246527,0.033915877,-0.15941772,12220.1,-0.0985494,0.0011502866,0.1279726,0.3391587699999999,0.0113369719187418,14.88310012817385,0,0,0,0
29.478845055898063,40.434498,0.13484459,0.042927902,-0.16312881,12299.8,-0.09191668,0.0018428048,0.12905599,0.4292790199999999,0.0112010693550109,14.937810198466025,0,0,0,0
29.40596796671552,41.048035,0.13418473,0.011732928,-0.15205982,13236.55,-0.122451805,0.0001376616,0.13261035,0.11732928,0.011005474726359,14.555287297566757,0,0,0,0
29.587538973490425,41.22577,0.16190816,-0.013463962,-0.17785273,12860.75,-0.17537212,0.00018127826,0.16408809,-0.13463962,0.011531532605489,14.80689392089846,0,0,0,0
29.383197085062704,41.54023,0.13475153,0.027294343,-0.16457951,12409.4,-0.10745719,0.0007449812,0.13107358,0.27294343,0.0116676606072319,14.912640349070244,0,0,0,0
28.967117881774925,40.93182,0.1559839,0.025514724,-0.17812596,11758.5,-0.13046917,0.0006510012,0.152004,0.25514724,0.0105637062920464,14.902815755208335,0,0,0,0
29.383197085062704,40.627617,0.18684994,-0.031223211,-0.2027588,12207.7,-0.21807314,0.000974889,0.192684,-0.31223211,0.0116676606072319,14.912640349070244,0,0,0,0
28.863900438944512,42.565636,0.12453147,0.033444576,-0.15686817,12614.45,-0.0910869,0.0011185396,0.12036657,0.33444576,0.0106722672780354,15.035710430145286,0,0,0,0
29.425578371683784,47.624306,0.060972128,0.08696008,-0.08261482,14339.4,0.025987951,0.0075620557,0.05566999,0.8696008,0.0115013901392618,14.729311084747335,0,0,0,0
29.507907485961937,46.901394,0.05113039,0.06646416,-0.08118837,14415.85,0.015333771,0.004417485,0.04773205,0.6646415999999999,0.0105171871185302,14.82529443105065,0,0,0,0
29.48794962565105,45.293213,0.063602634,0.072992146,-0.09489577,12781.1,0.009389511,0.005327853,0.05896014,0.7299214599999999,0.0105528926849365,14.545388793945335,0,0,0,0
29.478845055898063,45.551273,0.042682067,0.09200196,-0.07609802,14491.15,0.049319893,0.008464362,0.038755234,0.9200196,0.0112010693550109,14.937810198466025,0,0,0,0
28.81987374623617,45.09497,0.09386921,0.05104175,-0.13656542,14099.0,-0.042827457,0.0026052601,0.08907796,0.5104175,0.0110777473449707,15.02515818277996,0,0,0,0
29.40596796671552,43.42014,0.19837734,-0.06488585,-0.20896149,11720.35,-0.2632632,0.0042101736,0.21124922,-0.6488585,0.011005474726359,14.555287297566757,0,0,0,0
28.967117881774925,42.992886,0.1732037,-0.06168307,-0.18478492,11852.65,-0.23488677,0.0038048013,0.18388744,-0.6168307,0.0105637062920464,14.902815755208335,0,0,0,0
29.489220873514853,42.938198,0.12725417,-0.0080130035,-0.14771344,13357.25,-0.13526718,6.420822e-05,0.12827386,-0.0801300349999999,0.0117224762174818,14.637499321831626,0,0,0,0
29.21082426706954,42.521202,0.16908212,-0.037483346,-0.18317862,12733.0,-0.20656547,0.001405001,0.17541988,-0.37483346,0.0117545138465033,14.92827011744184,0,0,0,0
29.48794962565105,42.755333,0.12716722,0.027083427,-0.15509309,12340.0,-0.100083806,0.000733512,0.123723105,0.27083427,0.0105528926849365,14.545388793945335,0,0,0,0
29.48794962565105,43.151825,0.10151027,0.03387622,-0.13241096,12283.1,-0.06763405,0.0011475984,0.09807149,0.3387622,0.0105528926849365,14.545388793945335,0,0,0,0
28.81987374623617,43.481663,0.11864524,0.06209763,-0.1549805,12298.65,-0.056547612,0.0038561155,0.111277655,0.6209763,0.0110777473449707,15.02515818277996,0,0,0,0
28.775239880879724,43.22531,0.108236276,0.072112575,-0.14496721,12336.4,-0.0361237,0.005200224,0.100431085,0.72112575,0.0100396521886189,15.071497853597007,0,0,0,0
28.87584997812908,45.366703,0.06665278,0.076451406,-0.09423077,12974.4,0.009798624,0.005844817,0.06155708,0.76451406,0.0109853935241699,15.018158531188988,0,0,0,0
28.775239880879724,46.368183,0.044063646,0.10540115,-0.074490175,13796.9,0.061337505,0.011109403,0.03941929,1.0540115,0.0100396521886189,15.071497853597007,0,0,0,0
29.48794962565105,47.740517,0.034660194,0.11743271,-0.063997604,14203.1,0.082772516,0.013790442,0.030589953,1.1743271,0.0105528926849365,14.545388793945335,0,0,0,0
28.81987374623617,47.42777,0.02812607,0.12376533,-0.05886311,14803.8,0.09563926,0.015317857,0.024645038,1.2376533,0.0110777473449707,15.02515818277996,0,0,0,0
28.71447588602703,43.19113,0.16235755,-0.0096421335,-0.18368639,13301.95,-0.17199968,9.2970746e-05,0.16392303,-0.096421335,0.0101193030675252,15.129899597167991,0,0,0,0
28.967117881774925,41.374454,0.16980168,-0.0026700906,-0.1858294,12176.35,-0.17247178,7.129384e-06,0.17025506,-0.026700906,0.0105637062920464,14.902815755208335,0,0,0,0
28.81987374623617,41.22406,0.11231847,0.051291306,-0.13880225,12754.1,-0.06102717,0.002630798,0.10655751,0.51291306,0.0110777473449707,15.02515818277996,0,0,0,0
29.53638579050701,40.422535,0.13360786,0.024191216,-0.1582147,12623.25,-0.10941665,0.0005852149,0.13037573,0.24191216,0.0099408562978108,14.67159852981571,0,0,0,0
29.214689826965355,40.142258,0.17730084,-0.015969919,-0.19103843,12087.3,-0.19327076,0.0002550383,0.18013233,-0.15969919,0.0111927111943562,15.171249326070182,0,0,0,0
29.40596796671552,40.82757,0.09828044,0.05049996,-0.12206742,14231.35,-0.047780477,0.002550246,0.09331728,0.5049996,0.011005474726359,14.555287297566757,0,0,0,0
28.81987374623617,41.203552,0.109266646,0.036769602,-0.1352531,14073.5,-0.07249704,0.0013520038,0.10524896,0.36769602,0.0110777473449707,15.02515818277996,0,0,0,0
29.234214401245158,40.714775,0.125994,0.01721266,-0.14918482,12142.6,-0.10878133,0.00029627566,0.1238253,0.1721266,0.0105792490641276,15.068183570437984,0,0,0,0
29.21082426706954,40.097824,0.15080461,0.01776154,-0.17264587,12030.45,-0.13304307,0.00031547228,0.14812608,0.1776153999999999,0.0117545138465033,14.92827011744184,0,0,0,0
29.383197085062704,40.384937,0.17067383,0.0061618676,-0.18085182,11991.8,-0.16451196,3.796861e-05,0.16962217,0.061618676,0.0116676606072319,14.912640349070244,0,0,0,0
29.3144397099813,40.713066,0.09916556,0.07368528,-0.1250677,14528.0,-0.025480274,0.005429521,0.09185851,0.7368528000000001,0.011785807079739,14.98104512956408,0,0,0,0
29.40596796671552,41.374454,0.13295835,0.00074908487,-0.16164437,13156.55,-0.13220927,5.611281e-07,0.13285875,0.0074908487,0.011005474726359,14.555287297566757,0,0,0,0
28.71447588602703,41.683784,0.08690013,0.026238399,-0.11593726,13708.05,-0.060661733,0.0006884535,0.08462001,0.26238399,0.0101193030675252,15.129899597167991,0,0,0,0
29.25716981887821,43.25949,0.12479472,0.010716005,-0.14834094,13682.25,-0.114078715,0.000114832765,0.12345742,0.10716005,0.0098183250427246,14.7552871068319,0,0,0,0
29.383197085062704,43.647438,0.10716061,0.047763065,-0.1336352,12208.3,-0.059397552,0.0022813103,0.102042295,0.47763065,0.0116676606072319,14.912640349070244,0,0,0,0
29.43544333775841,43.597878,0.121077165,0.03376895,-0.14225683,12443.35,-0.08730821,0.001140342,0.11698852,0.3376895,0.0112120342254638,14.495665486653678,0,0,0,0
29.425578371683784,43.013393,0.16080067,-0.014142561,-0.17811973,12221.05,-0.17494322,0.00020001201,0.1630748,-0.14142561,0.0115013901392618,14.729311084747335,0,0,0,0
29.507907485961937,42.772427,0.08115567,0.023371767,-0.10804695,12855.55,-0.057783905,0.0005462395,0.07925892,0.23371767,0.0105171871185302,14.82529443105065,0,0,0,0
28.967117881774925,43.24582,0.062300723,0.031737246,-0.08984233,13316.65,-0.03056348,0.0010072527,0.06032347,0.3173724599999999,0.0105637062920464,14.902815755208335,0,0,0,0
29.437518374125176,43.38767,0.09281647,0.014562107,-0.11633668,12524.3,-0.07825437,0.00021205496,0.09146487,0.14562107,0.0114339447021484,14.832504208882654,0,0,0,0
29.25716981887821,43.119354,0.09975914,0.012325314,-0.12442641,12620.15,-0.08743382,0.00015191335,0.09852958,0.12325314,0.0098183250427246,14.7552871068319,0,0,0,0
28.77436933517457,42.654503,0.089992374,0.013810726,-0.114832535,12727.4,-0.07618165,0.00019073614,0.08874951,0.13810726,0.0096894741058349,14.974113559722907,0,0,0,0
29.48794962565105,41.34882,0.124137655,-0.056495033,-0.11473836,10987.8,-0.18063268,0.0031916888,0.13115081,-0.5649503300000001,0.0105528926849365,14.545388793945335,0,0,0,0
29.43544333775841,41.65986,0.16673821,-0.037688594,-0.17833114,12149.85,-0.20442681,0.0014204303,0.17302234,-0.37688594,0.0112120342254638,14.495665486653678,0,0,0,0
29.234214401245158,44.274643,0.119045965,0.0108935805,-0.1378294,12462.2,-0.10815238,0.0001186701,0.11774913,0.108935805,0.0105792490641276,15.068183570437984,0,0,0,0
29.3144397099813,45.47437,0.09941499,0.06928694,-0.10497341,12144.7,-0.030128045,0.0048006806,0.09252682,0.6928694000000001,0.011785807079739,14.98104512956408,0,0,0,0
29.48794962565105,46.257095,0.059502747,0.06740762,-0.07599486,12363.85,0.007904879,0.0045437883,0.05549181,0.6740762,0.0105528926849365,14.545388793945335,0,0,0,0
29.21082426706954,45.792244,0.14335527,-0.025145393,-0.14809029,11547.15,-0.16850066,0.0006322908,0.14695999,-0.25145393,0.0117545138465033,14.92827011744184,0,0,0,0
29.425578371683784,45.62989,0.09980203,0.009600759,-0.11913211,12147.25,-0.09020127,9.2174574e-05,0.09884386,0.09600759,0.0115013901392618,14.729311084747335,0,0,0,0
29.498190180460654,46.24684,0.096742846,0.0727826,-0.10223717,12588.0,-0.023960251,0.005297306,0.08970165,0.7278260000000001,0.0103383498390515,14.389676666259788,0,0,0,0
28.775239880879724,46.306656,0.13880748,0.086858384,-0.13443077,13428.45,-0.05194909,0.007544379,0.12675089,0.86858384,0.0100396521886189,15.071497853597007,0,0,0,0
28.87584997812908,45.26245,0.18606994,-0.04501078,-0.18902153,11574.6,-0.23108071,0.00202597,0.19444509,-0.4501078,0.0109853935241699,15.018158531188988,0,0,0,0
29.43544333775841,45.34107,0.14459495,-0.025465304,-0.1570521,12647.7,-0.17006026,0.0006484817,0.14827712,-0.25465304,0.0112120342254638,14.495665486653678,0,0,0,0
29.40596796671552,45.125732,0.12964799,-0.0012940745,-0.14655252,11929.65,-0.13094206,1.6746286e-06,0.12981576,-0.012940745,0.011005474726359,14.555287297566757,0,0,0,0
29.234214401245158,43.22531,0.06760013,0.014466863,-0.10272791,11743.05,-0.053133268,0.00020929013,0.06662217,0.14466863,0.0105792490641276,15.068183570437984,0,0,0,0
29.478845055898063,39.316807,0.26060858,-0.117950276,-0.24694212,10371.8,-0.37855887,0.013912267,0.29134744,-1.17950276,0.0112010693550109,14.937810198466025,0,0,0,0
29.214689826965355,40.128586,0.18954057,-0.08402286,-0.17832291,10056.95,-0.2735634,0.00705984,0.2054663,-0.8402286000000001,0.0111927111943562,15.171249326070182,0,0,0,0
29.425578371683784,43.464573,0.08062457,-0.0040145987,-0.09435914,11505.75,-0.08463917,1.6117001e-05,0.08094825,-0.040145987,0.0115013901392618,14.729311084747335,0,0,0,0
28.711374537150107,43.715797,0.23178585,-0.049805608,-0.22685713,10683.45,-0.28159145,0.0024805986,0.24333008,-0.49805608,0.0099601470099555,15.083465194702171,0,0,0,0
28.87584997812908,43.555153,0.21568485,-0.019843748,-0.21469255,11184.15,-0.2355286,0.00039377433,0.21996485,-0.19843748,0.0109853935241699,15.018158531188988,0,0,0,0
29.25716981887821,42.563927,0.15509707,-0.0049962415,-0.17796434,12310.3,-0.16009331,2.4962432e-05,0.15587197,-0.0499624149999999,0.0098183250427246,14.7552871068319,0,0,0,0
29.507907485961937,41.940136,0.16555017,-0.014651327,-0.18274975,12545.6,-0.1802015,0.00021466138,0.16797571,-0.14651327,0.0105171871185302,14.82529443105065,0,0,0,0
28.711374537150107,40.940365,0.23880778,-0.07006733,-0.23060702,11469.25,-0.3088751,0.004909431,0.2555404,-0.7006732999999999,0.0099601470099555,15.083465194702171,0,0,0,0
28.711374537150107,41.324894,0.17369275,-0.0469958,-0.19170608,12110.65,-0.22068854,0.0022086052,0.18185557,-0.469958,0.0099601470099555,15.083465194702171,0,0,0,0
29.53638579050701,41.786327,0.109102756,0.038790796,-0.13936895,12566.9,-0.07031196,0.0015047259,0.10487057,0.38790796,0.0099408562978108,14.67159852981571,0,0,0,0
29.507907485961937,41.54194,0.14017148,0.017516768,-0.15760182,12104.5,-0.12265471,0.00030683714,0.13771613,0.17516768,0.0105171871185302,14.82529443105065,0,0,0,0
29.489220873514853,41.258244,0.22492434,-0.04595552,-0.21863265,11366.5,-0.27087986,0.0021119097,0.23526084,-0.4595552,0.0117224762174818,14.637499321831626,0,0,0,0
29.234214401245158,42.205032,0.17755058,-0.008803964,-0.1908203,11691.5,-0.18635455,7.750978e-05,0.17911373,-0.0880396399999999,0.0105792490641276,15.068183570437984,0,0,0,0
29.25716981887821,42.70748,0.129677,0.023267472,-0.15959737,12401.1,-0.10640953,0.0005413753,0.12665975,0.23267472,0.0098183250427246,14.7552871068319,0,0,0,0
29.426291084289588,42.615196,0.16186176,-0.010703043,-0.18150914,12081.35,-0.1725648,0.00011455513,0.16359417,-0.10703043,0.0109315586090087,14.32123548719621,0,0,0,0
29.40596796671552,41.082214,0.1674465,-0.046329845,-0.1744164,12186.9,-0.21377635,0.0021464545,0.17520428,-0.46329845,0.011005474726359,14.555287297566757,0,0,0,0
28.967117881774925,40.268726,0.19855711,-0.073910356,-0.19408086,11672.85,-0.27246746,0.005462741,0.21323253,-0.73910356,0.0105637062920464,14.902815755208335,0,0,0,0
29.25716981887821,39.969646,0.2212039,-0.08332297,-0.21642898,11549.85,-0.30452687,0.0069427174,0.23963526,-0.8332297,0.0098183250427246,14.7552871068319,0,0,0,0
29.234214401245158,40.48064,0.13530478,0.033286814,-0.16308814,12152.0,-0.10201797,0.0011080119,0.13080092,0.33286814,0.0105792490641276,15.068183570437984,0,0,0,0
29.63563849131268,40.436207,0.13522665,0.03528888,-0.16276908,12139.05,-0.099937774,0.0012453052,0.13045466,0.3528888,0.0094514126247829,14.539032554626488,0,0,0,0
28.81987374623617,40.819027,0.15896434,-0.0029509023,-0.18242688,12103.85,-0.16191524,8.707824e-06,0.15943342,-0.029509023,0.0110777473449707,15.02515818277996,0,0,0,0
28.87584997812908,40.860043,0.21536608,-0.042364772,-0.2172201,11411.3,-0.25773087,0.0017947739,0.22449002,-0.42364772,0.0109853935241699,15.018158531188988,0,0,0,0
29.489220873514853,41.341984,0.15830278,-0.013754989,-0.18276258,11858.05,-0.17205778,0.00018919972,0.16048023,-0.13754989,0.0117224762174818,14.637499321831626,0,0,0,0
28.81987374623617,41.277042,0.16410512,-0.026497906,-0.18000698,12134.65,-0.19060303,0.000702139,0.16845356,-0.26497906,0.0110777473449707,15.02515818277996,0,0,0,0
29.587538973490425,42.463093,0.10087104,0.014112465,-0.12314052,12659.75,-0.08675858,0.00019916169,0.0994475,0.14112465,0.011531532605489,14.80689392089846,0,0,0,0
29.383197085062704,42.830532,0.15607075,-0.008383414,-0.17044504,12214.95,-0.16445418,7.028162e-05,0.15737917,-0.08383414,0.0116676606072319,14.912640349070244,0,0,0,0
29.489220873514853,42.52633,0.19261506,-0.029695265,-0.20386378,11785.15,-0.22231033,0.00088180875,0.19833481,-0.29695265,0.0117224762174818,14.637499321831626,0,0,0,0
29.0171795845032,41.854687,0.15201208,0.019452395,-0.17138991,11690.8,-0.13255969,0.00037839566,0.14905508,0.19452395,0.0095214568244086,14.8354873021444,0,0,0,0
28.77436933517457,40.578056,0.23983282,-0.07331061,-0.24220257,11411.45,-0.31314343,0.005374446,0.25741512,-0.7331061,0.0096894741058349,14.974113559722907,0,0,0,0
29.53638579050701,40.501152,0.25607213,-0.059136998,-0.25346014,11446.1,-0.31520915,0.0034971845,0.2712155,-0.5913699800000001,0.0099408562978108,14.67159852981571,0,0,0,0
29.478845055898063,41.12494,0.21830936,-0.029369054,-0.22343741,11482.4,-0.24767841,0.0008625414,0.22472091,-0.29369054,0.0112010693550109,14.937810198466025,0,0,0,0
29.214689826965355,41.839306,0.2062617,-0.035477247,-0.21464232,11688.4,-0.24173895,0.001258635,0.2135793,-0.35477247,0.0111927111943562,15.171249326070182,0,0,0,0
29.53638579050701,42.165726,0.19840482,-0.021221358,-0.20550257,11969.1,-0.21962617,0.00045034607,0.20261525,-0.2122135799999999,0.0099408562978108,14.67159852981571,0,0,0,0
29.0171795845032,41.95039,0.164417,-0.0055630365,-0.18929267,13086.85,-0.16998003,3.0947373e-05,0.16533166,-0.055630365,0.0095214568244086,14.8354873021444,0,0,0,0
29.3144397099813,40.923275,0.2560743,-0.05307463,-0.24969108,11234.75,-0.30914894,0.0028169167,0.26966536,-0.5307463,0.011785807079739,14.98104512956408,0,0,0,0
29.489220873514853,40.80023,0.25590318,-0.050010204,-0.24995227,11270.9,-0.3059134,0.0025010207,0.26870096,-0.50010204,0.0117224762174818,14.637499321831626,0,0,0,0
29.498190180460654,40.873714,0.25210276,-0.048957016,-0.24317445,11283.55,-0.30105978,0.0023967894,0.26444495,-0.48957016,0.0103383498390515,14.389676666259788,0,0,0,0
29.53638579050701,41.183044,0.21572892,-0.03240989,-0.21536654,11556.7,-0.24813882,0.001050401,0.22272067,-0.3240988999999999,0.0099408562978108,14.67159852981571,0,0,0,0
28.863900438944512,41.57441,0.20399827,-0.019353889,-0.20447984,11768.15,-0.22335215,0.00037457302,0.20794642,-0.19353889,0.0106722672780354,15.035710430145286,0,0,0,0
28.711374537150107,42.28194,0.20696491,-0.014505355,-0.20629942,11863.65,-0.22147027,0.0002104053,0.20996702,-0.14505355,0.0099601470099555,15.083465194702171,0,0,0,0
29.21082426706954,43.538063,0.1547432,0.0053532226,-0.1712439,12076.4,-0.14938998,2.865699e-05,0.15391482,0.0535322259999999,0.0117545138465033,14.92827011744184,0,0,0,0
29.383197085062704,43.796124,0.09593333,0.05555061,-0.13078235,12622.1,-0.040382724,0.0030858703,0.09060418,0.5555061,0.0116676606072319,14.912640349070244,0,0,0,0
29.63563849131268,40.661797,0.23627718,-0.07455974,-0.23224896,11427.5,-0.3108369,0.0055591543,0.25389394,-0.7455974,0.0094514126247829,14.539032554626488,0,0,0,0
29.43544333775841,40.128586,0.19144006,-0.034652147,-0.20484501,12002.3,-0.2260922,0.0012007713,0.19807386,-0.34652147,0.0112120342254638,14.495665486653678,0,0,0,0
29.0171795845032,38.978424,0.21895024,-0.05780962,-0.22158757,11644.45,-0.27675986,0.003341952,0.23160768,-0.5780962,0.0095214568244086,14.8354873021444,0,0,0,0
28.77436933517457,38.853664,0.1666016,-0.009310659,-0.18752484,12184.25,-0.17591226,8.6688364e-05,0.16815276,-0.09310659,0.0096894741058349,14.974113559722907,0,0,0,0
29.426291084289588,39.540688,0.16930614,-0.0116731515,-0.19214986,11782.25,-0.1809793,0.00013626248,0.17128249,-0.116731515,0.0109315586090087,14.32123548719621,0,0,0,0
29.0171795845032,40.255054,0.14910048,-0.007048843,-0.18089387,11698.85,-0.15614933,4.9686187e-05,0.15015148,-0.07048843,0.0095214568244086,14.8354873021444,0,0,0,0
29.0171795845032,41.203552,0.15280892,0.016007654,-0.18191485,12416.4,-0.13680126,0.000256245,0.1503628,0.16007654,0.0095214568244086,14.8354873021444,0,0,0,0
28.967117881774925,41.422306,0.11483614,0.022203514,-0.1436911,12553.5,-0.09263263,0.00049299607,0.11228638,0.22203514,0.0105637062920464,14.902815755208335,0,0,0,0
29.25716981887821,40.716484,0.16408448,-0.006187852,-0.18396696,11660.1,-0.17027234,3.8289512e-05,0.16509981,-0.06187852,0.0098183250427246,14.7552871068319,0,0,0,0
29.63563849131268,41.31293,0.11294726,0.050159432,-0.14592196,11957.3,-0.06278783,0.0025159684,0.10728189,0.5015943199999999,0.0094514126247829,14.539032554626488,0,0,0,0
29.3144397099813,41.418888,0.16334593,0.0019285276,-0.18031031,12218.6,-0.16141741,3.7192187e-06,0.16303092,0.019285276,0.011785807079739,14.98104512956408,0,0,0,0
28.887657101949088,40.909603,0.2097733,-0.049787033,-0.21034539,11207.55,-0.25956035,0.0024787486,0.22021729,-0.49787033,0.0088965702056884,14.813097466362876,0,0,0,0
29.383197085062704,40.17473,0.23603417,-0.09127341,-0.23136906,11155.1,-0.32730758,0.008330835,0.2575778,-0.9127341,0.0116676606072319,14.912640349070244,0,0,0,0
29.426291084289588,39.506508,0.20414972,-0.07832122,-0.20387776,11739.0,-0.28247094,0.006134214,0.22013898,-0.7832121999999999,0.0109315586090087,14.32123548719621,0,0,0,0
29.425578371683784,40.026047,0.2472036,-0.106441386,-0.23647326,11173.05,-0.353645,0.011329768,0.2735163,-1.06441386,0.0115013901392618,14.729311084747335,0,0,0,0
29.507907485961937,42.86471,0.14624646,0.025227623,-0.16767824,11864.15,-0.12101884,0.00063643296,0.14255701,0.25227623,0.0105171871185302,14.82529443105065,0,0,0,0
29.437518374125176,43.529514,0.094275914,0.059232265,-0.12938865,12102.85,-0.035043646,0.0035084614,0.088691734,0.59232265,0.0114339447021484,14.832504208882654,0,0,0,0
29.63563849131268,42.19136,0.20095628,-0.05104237,-0.209569,11839.2,-0.25199866,0.0026053237,0.21121356,-0.5104236999999999,0.0094514126247829,14.539032554626488,0,0,0,0
29.214689826965355,42.128128,0.12395345,0.035088506,-0.15293196,12285.9,-0.088864945,0.0012312031,0.1196041,0.3508850599999999,0.0111927111943562,15.171249326070182,0,0,0,0
28.77436933517457,40.8139,0.13311642,0.022892997,-0.15931372,11890.8,-0.11022342,0.00052408926,0.13006899,0.22892997,0.0096894741058349,14.974113559722907,0,0,0,0
29.48794962565105,39.815838,0.13753986,0.024309117,-0.15894027,11741.9,-0.11323075,0.0005909332,0.1341964,0.24309117,0.0105528926849365,14.545388793945335,0,0,0,0
28.87584997812908,39.474037,0.14232014,-0.010164291,-0.1535359,11836.15,-0.15248443,0.00010331281,0.14376672,-0.10164291,0.0109853935241699,15.018158531188988,0,0,0,0
28.71447588602703,39.701332,0.26524124,-0.08667277,-0.25049636,11217.0,-0.35191402,0.0075121685,0.28823042,-0.8667277,0.0101193030675252,15.129899597167991,0,0,0,0
29.437518374125176,42.305866,0.121470414,0.037658323,-0.15807718,12855.2,-0.083812095,0.0014181492,0.11689604,0.37658323,0.0114339447021484,14.832504208882654,0,0,0,0
29.383197085062704,42.128128,0.15025716,-0.0028427409,-0.17694199,12406.3,-0.1530999,8.081175e-06,0.1506843,-0.028427409,0.0116676606072319,14.912640349070244,0,0,0,0
29.507907485961937,41.769238,0.1677599,-0.011666452,-0.18233044,12554.9,-0.17942634,0.00013610609,0.16971706,-0.11666452,0.0105171871185302,14.82529443105065,0,0,0,0
29.426291084289588,41.661568,0.11912782,0.018226493,-0.15228064,12058.4,-0.10090132,0.00033220506,0.11695653,0.18226493,0.0109315586090087,14.32123548719621,0,0,0,0
29.425578371683784,41.28217,0.11655188,0.010582506,-0.15673071,12043.85,-0.10596938,0.00011198944,0.11531847,0.10582506,0.0115013901392618,14.729311084747335,0,0,0,0
29.437518374125176,40.576347,0.1813425,-0.0033440893,-0.19669722,11928.25,-0.18468659,1.1182932e-05,0.18194893,-0.033440893,0.0114339447021484,14.832504208882654,0,0,0,0
29.40596796671552,40.84466,0.1471206,0.0053442684,-0.16336814,12411.85,-0.14177632,2.8561208e-05,0.14633434,0.053442684,0.011005474726359,14.555287297566757,0,0,0,0
29.21082426706954,41.598335,0.120656274,0.06084803,-0.15772112,12494.3,-0.059808243,0.0037024827,0.11331458,0.6084803,0.0117545138465033,14.92827011744184,0,0,0,0
29.498190180460654,41.943554,0.13013628,0.053169265,-0.16505572,12365.3,-0.076967016,0.0028269708,0.12321703,0.53169265,0.0103383498390515,14.389676666259788,0,0,0,0
29.40596796671552,42.616905,0.09299384,0.06456253,-0.13361065,13002.7,-0.02843131,0.0041683204,0.086989924,0.6456253000000001,0.011005474726359,14.555287297566757,0,0,0,0
29.25716981887821,42.856167,0.09097003,0.039882004,-0.13397788,12894.7,-0.051088028,0.0015905744,0.087341964,0.39882004,0.0098183250427246,14.7552871068319,0,0,0,0
29.21082426706954,42.60836,0.13674481,0.0068858187,-0.1695686,12507.25,-0.12985899,4.7414498e-05,0.13580321,0.068858187,0.0117545138465033,14.92827011744184,0,0,0,0
28.967117881774925,41.213806,0.1260719,0.012387188,-0.15461002,12694.9,-0.11368471,0.00015344242,0.12451022,0.12387188,0.0105637062920464,14.902815755208335,0,0,0,0
28.71447588602703,41.17279,0.103934646,0.056995556,-0.14565022,12831.5,-0.04693909,0.0032484934,0.09801083,0.56995556,0.0101193030675252,15.129899597167991,0,0,0,0
29.426291084289588,41.3454,0.09774728,0.047437157,-0.13737655,13307.6,-0.050310124,0.002250284,0.09311043,0.47437157,0.0109315586090087,14.32123548719621,0,0,0,0
29.25716981887821,41.133484,0.09327411,0.053077634,-0.134181,12950.4,-0.04019648,0.0028172354,0.08832334,0.53077634,0.0098183250427246,14.7552871068319,0,0,0,0
28.81987374623617,38.940823,0.10213616,0.041200012,-0.13404521,12099.3,-0.060936145,0.001697441,0.097928144,0.41200012,0.0110777473449707,15.02515818277996,0,0,0,0
28.967117881774925,36.522575,0.09644368,-0.070457615,-0.086009055,10701.85,-0.16690129,0.004964275,0.10323887,-0.7045761500000001,0.0105637062920464,14.902815755208335,0,0,0,0
29.48794962565105,37.717175,0.12585264,-0.04240169,-0.12511344,11385.95,-0.16825433,0.0017979032,0.131189,-0.4240169,0.0105528926849365,14.545388793945335,0,0,0,0
28.863900438944512,37.992325,0.12728243,0.016015891,-0.15424806,11908.95,-0.11126653,0.0002565088,0.12524389,0.16015891,0.0106722672780354,15.035710430145286,0,0,0,0
29.21082426706954,37.27454,0.2238789,-0.097570084,-0.21862166,10697.9,-0.32144898,0.009519921,0.24572279,-0.97570084,0.0117545138465033,14.92827011744184,0,0,0,0
28.87584997812908,37.80775,0.16471574,-0.026909,-0.18378212,11679.55,-0.19162473,0.0007240943,0.16914807,-0.26909,0.0109853935241699,15.018158531188988,0,0,0,0
29.48794962565105,38.4247,0.15552032,-0.00042115772,-0.1762462,11631.3,-0.15594149,1.7737382e-07,0.15558583,-0.0042115772,0.0105528926849365,14.545388793945335,0,0,0,0
28.711374537150107,38.37514,0.1507248,-0.016467715,-0.16507071,11657.75,-0.1671925,0.00027118565,0.15320688,-0.16467715,0.0099601470099555,15.083465194702171,0,0,0,0
28.71447588602703,39.027985,0.13451482,-0.013759086,-0.16071263,11702.6,-0.1482739,0.00018931246,0.13636562,-0.13759086,0.0101193030675252,15.129899597167991,0,0,0,0
29.25716981887821,38.722073,0.18353921,-0.038121548,-0.192406,11813.2,-0.22166076,0.0014532524,0.190536,-0.38121548,0.0098183250427246,14.7552871068319,0,0,0,0
29.425578371683784,39.658607,0.21112074,-0.051836617,-0.21009412,11543.45,-0.26295736,0.0026870347,0.22206452,-0.51836617,0.0115013901392618,14.729311084747335,0,0,0,0
29.425578371683784,39.856853,0.16690595,0.0035249041,-0.18302068,11618.1,-0.16338105,1.242495e-05,0.16631763,0.035249041,0.0115013901392618,14.729311084747335,0,0,0,0
28.887657101949088,40.342213,0.17214188,-0.012091685,-0.19051318,12160.85,-0.18423356,0.00014620885,0.17422336,-0.1209168499999999,0.0088965702056884,14.813097466362876,0,0,0,0
28.887657101949088,40.684013,0.15512143,-0.004791721,-0.17627873,11891.1,-0.15991315,2.2960588e-05,0.15586473,-0.0479172099999999,0.0088965702056884,14.813097466362876,0,0,0,0
29.53638579050701,40.195236,0.18595959,-0.021404732,-0.19911535,11917.95,-0.20736432,0.00045816254,0.18994,-0.2140473199999999,0.0099408562978108,14.67159852981571,0,0,0,0
28.87584997812908,40.108078,0.13115358,1.482294e-05,-0.16161582,12587.8,-0.13113877,2.1971955e-10,0.13115165,0.0001482294,0.0109853935241699,15.018158531188988,0,0,0,0
29.48794962565105,40.048264,0.16104302,-0.019685395,-0.18227963,12118.65,-0.18072842,0.00038751482,0.16421323,-0.19685395,0.0105528926849365,14.545388793945335,0,0,0,0
29.437518374125176,38.539207,0.20148966,-0.057272263,-0.2038582,11649.9,-0.2587619,0.003280112,0.21302941,-0.57272263,0.0114339447021484,14.832504208882654,0,0,0,0
29.43544333775841,38.916897,0.12674934,-0.013997132,-0.14723569,12375.5,-0.14074647,0.00019591971,0.12852347,-0.13997132,0.0112120342254638,14.495665486653678,0,0,0,0
29.437518374125176,39.373203,0.14801379,-0.019327268,-0.16231681,11659.25,-0.16734105,0.0003735433,0.15087448,-0.19327268,0.0114339447021484,14.832504208882654,0,0,0,0
29.214689826965355,40.08586,0.12559554,0.0037142162,-0.14457674,11774.7,-0.12188133,1.3795402e-05,0.12512906,0.037142162,0.0111927111943562,15.171249326070182,0,0,0,0
29.63563849131268,38.317036,0.20187663,-0.054824393,-0.20726791,11732.6,-0.25670102,0.0030057142,0.21294439,-0.5482439299999999,0.0094514126247829,14.539032554626488,0,0,0,0
29.489220873514853,38.19399,0.107219756,0.028328486,-0.14179157,12750.5,-0.07889127,0.00080250314,0.104182385,0.2832848599999999,0.0117224762174818,14.637499321831626,0,0,0,0
28.81987374623617,38.797268,0.094276786,0.036297943,-0.13304065,12605.8,-0.057978846,0.0013175406,0.090854734,0.36297943,0.0110777473449707,15.02515818277996,0,0,0,0
29.63563849131268,40.13713,0.10024584,0.023496654,-0.12974022,11892.5,-0.07674919,0.00055209274,0.0978904,0.23496654,0.0094514126247829,14.539032554626488,0,0,0,0
29.234214401245158,39.86027,0.11636869,0.002829861,-0.13371842,11740.95,-0.11353883,8.008113e-06,0.11603938,0.02829861,0.0105792490641276,15.068183570437984,0,0,0,0
29.426291084289588,39.451817,0.090412736,0.0084369145,-0.119719274,11530.0,-0.081975825,7.118152e-05,0.08964993,0.084369145,0.0109315586090087,14.32123548719621,0,0,0,0
29.43544333775841,39.063873,0.10538948,0.017788764,-0.12590288,12046.1,-0.087600715,0.00031644013,0.10351473,0.1778876399999999,0.0112120342254638,14.495665486653678,0,0,0,0
29.489220873514853,39.18692,0.1498268,0.0014415544,-0.17123376,11684.3,-0.14838524,2.078079e-06,0.1496108,0.0144155439999999,0.0117224762174818,14.637499321831626,0,0,0,0
29.425578371683784,39.91496,0.12897578,0.008795958,-0.16358504,12190.85,-0.120179825,7.736888e-05,0.12784132,0.08795958,0.0115013901392618,14.729311084747335,0,0,0,0
28.863900438944512,41.02069,0.1160574,0.03164057,-0.14234036,12034.2,-0.08441684,0.0010011257,0.11238528,0.3164057,0.0106722672780354,15.035710430145286,0,0,0,0
28.87584997812908,41.547066,0.12399406,0.018251479,-0.14555758,12454.2,-0.10574258,0.00033311645,0.12173098,0.18251479,0.0109853935241699,15.018158531188988,0,0,0,0
28.711374537150107,41.000183,0.13889743,-0.00594699,-0.15484318,12486.7,-0.14484443,3.5366695e-05,0.13972345,-0.0594699,0.0099601470099555,15.083465194702171,0,0,0,0
29.383197085062704,40.19182,0.16331959,-0.002199154,-0.17752923,11716.55,-0.16551875,4.836279e-06,0.16367875,-0.02199154,0.0116676606072319,14.912640349070244,0,0,0,0
29.214689826965355,38.402485,0.11207201,0.010354719,-0.122997835,11206.7,-0.10171729,0.00010722021,0.11091154,0.10354719,0.0111927111943562,15.171249326070182,0,0,0,0
29.0171795845032,38.66738,0.1071054,0.026192144,-0.1219685,11324.0,-0.08091325,0.0006860284,0.104300074,0.26192144,0.0095214568244086,14.8354873021444,0,0,0,0
29.21082426706954,39.19034,0.14528762,0.0035974074,-0.16942249,11577.2,-0.14169022,1.2941339e-05,0.14476496,0.035974074,0.0117545138465033,14.92827011744184,0,0,0,0
29.437518374125176,41.236023,0.11489628,0.032070763,-0.15253322,12238.85,-0.08282552,0.0010285339,0.11121147,0.32070763,0.0114339447021484,14.832504208882654,0,0,0,0
29.234214401245158,41.758984,0.091167755,0.035494544,-0.13429578,12753.35,-0.05567321,0.0012598626,0.0879318,0.35494544,0.0105792490641276,15.068183570437984,0,0,0,0
28.87584997812908,41.20697,0.12646246,0.026285307,-0.16008493,12317.25,-0.10017715,0.00069091737,0.123138346,0.26285307,0.0109853935241699,15.018158531188988,0,0,0,0
29.234214401245158,41.526558,0.123386666,0.030402368,-0.16290317,12537.6,-0.0929843,0.00092430395,0.11963542,0.30402368,0.0105792490641276,15.068183570437984,0,0,0,0
28.775239880879724,41.097595,0.14929344,0.017762208,-0.17052716,11737.0,-0.13153124,0.00031549603,0.14664166,0.17762208,0.0100396521886189,15.071497853597007,0,0,0,0
29.25716981887821,40.907894,0.18909374,-0.040711503,-0.20071322,11835.75,-0.22980525,0.0016574266,0.19679204,-0.40711503,0.0098183250427246,14.7552871068319,0,0,0,0
28.81987374623617,40.752377,0.18715163,-0.0046274182,-0.19620354,11698.8,-0.19177905,2.1413e-05,0.18801765,-0.046274182,0.0110777473449707,15.02515818277996,0,0,0,0
29.234214401245158,40.96429,0.18414839,-0.0032421064,-0.19371656,11987.15,-0.18739049,1.0511255e-05,0.18474542,-0.032421064,0.0105792490641276,15.068183570437984,0,0,0,0
28.71447588602703,40.460133,0.21248312,-0.029405281,-0.21532296,11716.3,-0.2418884,0.00086467055,0.21873125,-0.29405281,0.0101193030675252,15.129899597167991,0,0,0,0
28.87584997812908,39.996994,0.157165,0.01695768,-0.17035446,12103.35,-0.14020732,0.0002875629,0.15449984,0.1695768,0.0109853935241699,15.018158531188988,0,0,0,0
29.478845055898063,39.400547,0.15932028,0.00047596384,-0.17474303,12163.25,-0.15884432,2.2654156e-07,0.15924445,0.0047596384,0.0112010693550109,14.937810198466025,0,0,0,0
29.489220873514853,39.648354,0.12838428,0.016596025,-0.15075096,12480.35,-0.11178826,0.00027542803,0.1262536,0.16596025,0.0117224762174818,14.637499321831626,0,0,0,0
29.426291084289588,40.69085,0.14266469,0.009388336,-0.15916179,12318.5,-0.13327634,8.814085e-05,0.1413253,0.09388336,0.0109315586090087,14.32123548719621,0,0,0,0
29.0171795845032,42.652794,0.1716022,-0.006959226,-0.17982914,11904.7,-0.17856143,4.8430826e-05,0.17279643,-0.06959226,0.0095214568244086,14.8354873021444,0,0,0,0
29.425578371683784,44.462635,0.1605443,0.0040254206,-0.17420252,12208.1,-0.15651889,1.620401e-05,0.15989806,0.040254206,0.0115013901392618,14.729311084747335,0,0,0,0
28.81987374623617,43.97044,0.13300794,0.022349402,-0.1497653,12624.25,-0.11065854,0.00049949577,0.1300353,0.22349402,0.0110777473449707,15.02515818277996,0,0,0,0
29.437518374125176,42.633995,0.08505104,0.032671873,-0.1065666,13488.8,-0.052379165,0.0010674512,0.08227226,0.3267187299999999,0.0114339447021484,14.832504208882654,0,0,0,0
29.507907485961937,37.98378,0.111015685,-0.03544748,-0.11058419,10913.95,-0.14646316,0.0012565237,0.11495091,-0.3544748,0.0105171871185302,14.82529443105065,0,0,0,0
29.48794962565105,40.644707,0.20692426,-0.020832103,-0.22379072,11497.4,-0.22775637,0.00043397647,0.21123493,-0.20832103,0.0105528926849365,14.545388793945335,0,0,0,0
29.234214401245158,41.094177,0.22924642,-0.058993064,-0.22914045,11623.3,-0.28823948,0.0034801813,0.24277037,-0.58993064,0.0105792490641276,15.068183570437984,0,0,0,0
28.967117881774925,41.196716,0.21307436,-0.04026885,-0.21801436,11762.35,-0.2533432,0.0016215803,0.22165461,-0.4026885,0.0105637062920464,14.902815755208335,0,0,0,0
29.437518374125176,41.234314,0.19057392,-0.042715073,-0.21185747,11804.9,-0.23328899,0.0018245775,0.19871429,-0.42715073,0.0114339447021484,14.832504208882654,0,0,0,0
29.498190180460654,41.57441,0.14074513,-0.002967359,-0.16882022,12756.05,-0.14371249,8.805219e-06,0.14116277,-0.02967359,0.0103383498390515,14.389676666259788,0,0,0,0
28.81987374623617,41.90254,0.15295349,-0.013286619,-0.17073171,12433.75,-0.16624011,0.00017653426,0.15498573,-0.13286619,0.0110777473449707,15.02515818277996,0,0,0,0
29.48794962565105,42.413532,0.12630472,0.005741612,-0.15177925,12371.75,-0.1205631,3.2966112e-05,0.12557952,0.05741612,0.0105528926849365,14.545388793945335,0,0,0,0
29.3144397099813,43.356907,0.074594215,0.04119638,-0.10633197,12579.0,-0.033397835,0.0016971417,0.0715212,0.4119638,0.011785807079739,14.98104512956408,0,0,0,0
28.87584997812908,43.36545,0.076216064,0.034994293,-0.10542655,12561.8,-0.041221768,0.0012246006,0.073548935,0.34994293,0.0109853935241699,15.018158531188988,0,0,0,0
28.967117881774925,43.066376,0.07281637,0.040332165,-0.10335404,12874.6,-0.032484207,0.0016266835,0.06987953,0.40332165,0.0105637062920464,14.902815755208335,0,0,0,0
29.383197085062704,42.669884,0.093108036,0.028201032,-0.12115681,12685.65,-0.06490701,0.0007952982,0.090482295,0.28201032,0.0116676606072319,14.912640349070244,0,0,0,0
28.71447588602703,40.998474,0.15109973,-0.018714529,-0.17068526,11860.15,-0.16981426,0.0003502336,0.15392749,-0.18714529,0.0101193030675252,15.129899597167991,0,0,0,0
29.383197085062704,40.613945,0.11318479,-0.029732428,-0.11229042,10528.55,-0.14291722,0.00088401727,0.11655005,-0.29732428,0.0116676606072319,14.912640349070244,0,0,0,0
28.87584997812908,41.586372,0.14807802,0.0061895493,-0.18559508,12207.3,-0.14188848,3.831052e-05,0.1471615,0.0618954929999999,0.0109853935241699,15.018158531188988,0,0,0,0
29.437518374125176,41.63935,0.26399207,-0.05144976,-0.270343,12331.4,-0.31544185,0.002647078,0.2775744,-0.5144976,0.0114339447021484,14.832504208882654,0,0,0,0
29.437518374125176,41.59321,0.19595297,-0.019887544,-0.21467333,12416.5,-0.21584052,0.0003955144,0.19985,-0.19887544,0.0114339447021484,14.832504208882654,0,0,0,0
28.863900438944512,41.114685,0.25467667,-0.03569029,-0.25867647,12352.35,-0.29036695,0.0012737967,0.26376614,-0.3569029,0.0106722672780354,15.035710430145286,0,0,0,0
29.21082426706954,41.837597,0.12760653,0.03054908,-0.1647269,13418.2,-0.09705744,0.0009332463,0.123708256,0.3054908,0.0117545138465033,14.92827011744184,0,0,0,0
29.478845055898063,42.357136,0.14005606,0.022768006,-0.17966634,13335.25,-0.11728806,0.00051838206,0.13686727,0.22768006,0.0112010693550109,14.937810198466025,0,0,0,0
29.3144397099813,42.888638,0.17025921,0.0070466353,-0.19531101,12072.6,-0.16321257,4.9655067e-05,0.16905946,0.070466353,0.011785807079739,14.98104512956408,0,0,0,0
29.53638579050701,43.734596,0.14324944,0.016139861,-0.18520916,13183.85,-0.12710959,0.00026049512,0.14093742,0.16139861,0.0099408562978108,14.67159852981571,0,0,0,0
29.40596796671552,42.991177,0.13908213,0.02702477,-0.17897612,12740.95,-0.11205736,0.0007303382,0.13532346,0.2702477,0.011005474726359,14.555287297566757,0,0,0,0
29.53638579050701,42.19307,0.111697085,0.05075567,-0.15218633,12361.65,-0.060941417,0.002576138,0.10602783,0.5075567000000001,0.0099408562978108,14.67159852981571,0,0,0,0
29.25716981887821,42.230667,0.10920237,0.04806349,-0.15031788,12323.3,-0.06113888,0.002310099,0.10395372,0.4806349,0.0098183250427246,14.7552871068319,0,0,0,0
28.81987374623617,42.005077,0.07025957,0.05583088,-0.118304886,14228.45,-0.01442869,0.0031170873,0.066336915,0.5583088,0.0110777473449707,15.02515818277996,0,0,0,0
29.40596796671552,42.54171,0.09430182,0.061523862,-0.14343743,14195.45,-0.032777958,0.0037851857,0.08850001,0.61523862,0.011005474726359,14.555287297566757,0,0,0,0
29.48794962565105,42.447712,0.07605046,0.0697717,-0.124632455,14253.6,-0.0062787593,0.00486809,0.07074429,0.697717,0.0105528926849365,14.545388793945335,0,0,0,0
29.40596796671552,41.91963,0.103447214,0.04543877,-0.14381228,13789.1,-0.058008444,0.0020646818,0.098746695,0.4543877,0.011005474726359,14.555287297566757,0,0,0,0
29.507907485961937,41.27875,0.20324354,-0.023195138,-0.2196514,11931.7,-0.22643867,0.0005380144,0.20795779,-0.23195138,0.0105171871185302,14.82529443105065,0,0,0,0
29.426291084289588,41.71113,0.21551959,-0.020171342,-0.22602527,11729.8,-0.23569094,0.00040688302,0.21986692,-0.2017134199999999,0.0109315586090087,14.32123548719621,0,0,0,0
29.489220873514853,42.24263,0.16538559,0.009973424,-0.19266719,12219.15,-0.15541217,9.946917e-05,0.16373612,0.09973424,0.0117224762174818,14.637499321831626,0,0,0,0
28.87584997812908,41.562447,0.19949868,-0.0100107,-0.21096565,11671.25,-0.20950939,0.00010021411,0.20149581,-0.100107,0.0109853935241699,15.018158531188988,0,0,0,0
29.0171795845032,41.770947,0.19077711,-0.014728998,-0.20629099,11936.6,-0.20550612,0.00021694339,0.19358706,-0.14728998,0.0095214568244086,14.8354873021444,0,0,0,0
29.25716981887821,41.410343,0.12861519,0.019267239,-0.14452566,11714.65,-0.10934794,0.00037122652,0.12613712,0.1926723899999999,0.0098183250427246,14.7552871068319,0,0,0,0
29.21082426706954,41.05487,0.18070652,-0.03494531,-0.19206542,11527.4,-0.21565183,0.0012211747,0.18702136,-0.3494531,0.0117545138465033,14.92827011744184,0,0,0,0
29.507907485961937,41.328312,0.21973467,-0.042709954,-0.22759005,11503.75,-0.26244462,0.0018241402,0.22911954,-0.42709954,0.0105171871185302,14.82529443105065,0,0,0,0
29.383197085062704,42.926235,0.18964054,-0.021063365,-0.20543422,11964.6,-0.21070391,0.00044366534,0.19363502,-0.21063365,0.0116676606072319,14.912640349070244,0,0,0,0
29.507907485961937,42.78439,0.19003542,-0.036016446,-0.21621291,11736.35,-0.22605187,0.0012971843,0.19687982,-0.36016446,0.0105171871185302,14.82529443105065,0,0,0,0
28.77436933517457,42.770714,0.18577594,-0.03723613,-0.20036347,11818.4,-0.22301206,0.0013865294,0.19269352,-0.3723613,0.0096894741058349,14.974113559722907,0,0,0,0
29.13729852040612,42.683556,0.22244385,-0.037080634,-0.22905223,11506.25,-0.2595245,0.0013749736,0.23069221,-0.37080634,0.0113369719187418,14.88310012817385,0,0,0,0
28.77436933517457,42.396442,0.17322296,-0.015644617,-0.19702059,12532.7,-0.18886757,0.00024475405,0.17593296,-0.15644617,0.0096894741058349,14.974113559722907,0,0,0,0
29.383197085062704,41.772655,0.1974167,-0.04178966,-0.22158971,11628.85,-0.23920634,0.0017463756,0.20566666,-0.4178966,0.0116676606072319,14.912640349070244,0,0,0,0
29.13729852040612,41.5727,0.18060371,-0.0294632,-0.2026386,11986.0,-0.21006691,0.0008680802,0.18592487,-0.294632,0.0113369719187418,14.88310012817385,0,0,0,0
29.425578371683784,41.14203,0.14398807,0.003275566,-0.17702991,12542.2,-0.14071251,1.0729333e-05,0.14351644,0.03275566,0.0115013901392618,14.729311084747335,0,0,0,0
28.711374537150107,40.695976,0.078329705,0.055849563,-0.12278572,14104.8,-0.02248014,0.0031191737,0.07395502,0.55849563,0.0099601470099555,15.083465194702171,0,0,0,0
28.711374537150107,40.049973,0.1401825,-0.009711644,-0.16199693,12476.5,-0.14989413,9.431602e-05,0.1415439,-0.09711644,0.0099601470099555,15.083465194702171,0,0,0,0
29.425578371683784,40.63958,0.1787876,-0.016474718,-0.1920049,11527.45,-0.19526233,0.00027141633,0.18173309,-0.16474718,0.0115013901392618,14.729311084747335,0,0,0,0
28.81987374623617,40.306324,0.20249027,-0.04562406,-0.22431947,11561.25,-0.24811433,0.0020815548,0.2117287,-0.4562406,0.0110777473449707,15.02515818277996,0,0,0,0
29.43544333775841,41.114685,0.18628258,-0.026298294,-0.20348816,11429.6,-0.21258086,0.0006916003,0.19118148,-0.26298294,0.0112120342254638,14.495665486653678,0,0,0,0
29.43544333775841,41.394962,0.17043212,0.015184757,-0.19864373,11928.25,-0.15524738,0.00023057686,0.16784416,0.15184757,0.0112120342254638,14.495665486653678,0,0,0,0
28.71447588602703,41.29755,0.1373817,0.02052373,-0.16690893,11608.45,-0.11685797,0.00042122352,0.13456212,0.2052373,0.0101193030675252,15.129899597167991,0,0,0,0
29.40596796671552,40.511406,0.19183788,-0.009341381,-0.2137926,11623.95,-0.20117925,8.72614e-05,0.1936299,-0.0934138099999999,0.011005474726359,14.555287297566757,0,0,0,0
29.40596796671552,40.484062,0.14432296,0.016332613,-0.17444985,11808.3,-0.12799035,0.00026675427,0.14196579,0.1633261299999999,0.011005474726359,14.555287297566757,0,0,0,0
29.48794962565105,40.4157,0.17433871,-0.029355299,-0.1840918,11145.25,-0.20369402,0.00086173357,0.17945649,-0.29355299,0.0105528926849365,14.545388793945335,0,0,0,0
29.425578371683784,41.69404,0.15765671,-0.004746691,-0.19243824,11709.9,-0.1624034,2.2531076e-05,0.15840505,-0.04746691,0.0115013901392618,14.729311084747335,0,0,0,0
28.87584997812908,41.921337,0.18016559,-0.02704757,-0.19076121,11352.15,-0.20721316,0.0007315711,0.18503863,-0.2704757,0.0109853935241699,15.018158531188988,0,0,0,0
29.498190180460654,41.911083,0.17292315,0.021954983,-0.18354475,12020.3,-0.15096816,0.0004820213,0.16912661,0.21954983,0.0103383498390515,14.389676666259788,0,0,0,0
29.63563849131268,41.294132,0.13312855,0.01828079,-0.16365266,12073.3,-0.114847764,0.00033418727,0.13069487,0.1828079,0.0094514126247829,14.539032554626488,0,0,0,0
29.587538973490425,41.62568,0.1784219,-0.004891833,-0.19625999,11547.65,-0.18331374,2.3930028e-05,0.17929472,-0.0489183299999999,0.011531532605489,14.80689392089846,0,0,0,0
28.967117881774925,41.374454,0.15973197,0.00469813,-0.18167989,11698.85,-0.15503384,2.2072425e-05,0.15898153,0.0469813,0.0105637062920464,14.902815755208335,0,0,0,0
29.478845055898063,42.05977,0.14831053,0.016448215,-0.17683437,12501.95,-0.13186231,0.00027054374,0.14587107,0.16448215,0.0112010693550109,14.937810198466025,0,0,0,0
29.48794962565105,42.070023,0.1536893,0.026572505,-0.18181323,11742.45,-0.12711678,0.00070609804,0.14960538,0.26572505,0.0105528926849365,14.545388793945335,0,0,0,0
29.40596796671552,41.680367,0.1953256,-0.011079257,-0.210627,11493.95,-0.20640486,0.00012274993,0.19748966,-0.11079257,0.011005474726359,14.555287297566757,0,0,0,0
28.81987374623617,40.51995,0.20542146,-0.025637144,-0.22523141,11257.45,-0.23105861,0.0006572632,0.21068788,-0.25637144,0.0110777473449707,15.02515818277996,0,0,0,0
29.43544333775841,41.148865,0.13064857,0.0044137146,-0.16028085,11119.85,-0.12623486,1.9480874e-05,0.13007192,0.044137146,0.0112120342254638,14.495665486653678,0,0,0,0
29.478845055898063,41.294132,0.16196284,0.0014052344,-0.18833612,12123.65,-0.1605576,1.974684e-06,0.16173524,0.014052344,0.0112010693550109,14.937810198466025,0,0,0,0
28.71447588602703,40.923275,0.21470807,-0.05455082,-0.22698797,11764.7,-0.2692589,0.002975792,0.22642058,-0.5455082,0.0101193030675252,15.129899597167991,0,0,0,0
28.887657101949088,41.63935,0.17738888,-0.036418535,-0.19797714,11715.9,-0.2138074,0.0013263097,0.18384911,-0.36418535,0.0088965702056884,14.813097466362876,0,0,0,0
29.53638579050701,41.81538,0.19173114,-0.042103354,-0.20836325,11765.5,-0.23383449,0.0017726925,0.19980367,-0.42103354,0.0099408562978108,14.67159852981571,0,0,0,0
29.425578371683784,42.239212,0.14386027,0.002636923,-0.1689728,12070.45,-0.14122334,6.953363e-06,0.14348091,0.0263692299999999,0.0115013901392618,14.729311084747335,0,0,0,0
29.214689826965355,43.07663,0.12457924,0.010466223,-0.15087369,12229.35,-0.11411302,0.00010954182,0.12327537,0.10466223,0.0111927111943562,15.171249326070182,0,0,0,0
29.437518374125176,43.119354,0.10521003,0.027638115,-0.1381601,12570.15,-0.07757191,0.0007638654,0.102302216,0.27638115,0.0114339447021484,14.832504208882654,0,0,0,0
29.425578371683784,43.408176,0.10807522,0.023652017,-0.13787822,12575.35,-0.0844232,0.0005594179,0.10551902,0.23652017,0.0115013901392618,14.729311084747335,0,0,0,0
29.383197085062704,43.293674,0.11450094,0.023959458,-0.14267159,12536.5,-0.09054148,0.0005740556,0.11175756,0.23959458,0.0116676606072319,14.912640349070244,0,0,0,0
29.426291084289588,42.64425,0.13280186,0.013499481,-0.15837514,12452.8,-0.11930237,0.00018223598,0.1310091,0.13499481,0.0109315586090087,14.32123548719621,0,0,0,0
28.863900438944512,42.428913,0.14259268,0.014138665,-0.16824396,12271.65,-0.12845403,0.00019990186,0.14057662,0.14138665,0.0106722672780354,15.035710430145286,0,0,0,0
29.383197085062704,41.406925,0.20534754,-0.030854372,-0.21931674,11796.35,-0.23620191,0.0009519923,0.2116834,-0.30854372,0.0116676606072319,14.912640349070244,0,0,0,0
29.478845055898063,41.4975,0.15639275,-0.002866733,-0.1779357,12558.05,-0.15925948,8.218158e-06,0.15684108,-0.02866733,0.0112010693550109,14.937810198466025,0,0,0,0
29.383197085062704,40.808773,0.19523658,-0.024160726,-0.22496893,11849.45,-0.21939729,0.00058374065,0.19995363,-0.24160726,0.0116676606072319,14.912640349070244,0,0,0,0
29.383197085062704,39.9611,0.20898582,-0.0070891455,-0.22590224,11626.85,-0.21607497,5.025598e-05,0.21046735,-0.070891455,0.0116676606072319,14.912640349070244,0,0,0,0
29.383197085062704,40.23113,0.22375506,-0.045395784,-0.22788185,11339.1,-0.26915085,0.0020607773,0.2339126,-0.45395784,0.0116676606072319,14.912640349070244,0,0,0,0
29.426291084289588,40.77801,0.18370445,0.03163037,-0.2122521,11992.8,-0.15207408,0.0010004804,0.17789382,0.3163036999999999,0.0109315586090087,14.32123548719621,0,0,0,0
29.587538973490425,40.372974,0.18934795,-0.00085384306,-0.20342219,11465.25,-0.1902018,7.2904794e-07,0.18950963,-0.0085384306,0.011531532605489,14.80689392089846,0,0,0,0
29.21082426706954,40.234547,0.18933451,-0.008993403,-0.20645551,11977.05,-0.19832791,8.08813e-05,0.19103727,-0.08993403,0.0117545138465033,14.92827011744184,0,0,0,0
29.425578371683784,40.46184,0.19746175,0.0061611715,-0.21287574,11676.2,-0.19130059,3.7960035e-05,0.19624516,0.061611715,0.0115013901392618,14.729311084747335,0,0,0,0
28.967117881774925,39.937176,0.1595906,0.022172498,-0.19411619,11918.7,-0.1374181,0.0004916197,0.15605208,0.22172498,0.0105637062920464,14.902815755208335,0,0,0,0
29.43544333775841,39.908123,0.14624561,0.0057269256,-0.1811735,11897.55,-0.14051868,3.2797678e-05,0.14540808,0.057269256,0.0112120342254638,14.495665486653678,0,0,0,0
29.13729852040612,40.007248,0.1574392,0.0041304873,-0.19011332,11772.1,-0.15330872,1.7060926e-05,0.1567889,0.041304873,0.0113369719187418,14.88310012817385,0,0,0,0
28.711374537150107,39.91496,0.18840054,-0.01626319,-0.20719658,11232.8,-0.20466372,0.00026449136,0.19146453,-0.1626319,0.0099601470099555,15.083465194702171,0,0,0,0
28.967117881774925,40.593437,0.17206973,0.0067642354,-0.18044288,11499.35,-0.1653055,4.5754885e-05,0.17090581,0.067642354,0.0105637062920464,14.902815755208335,0,0,0,0
28.87584997812908,40.70623,0.16515388,-0.006887972,-0.18589067,11794.15,-0.17204185,4.7444155e-05,0.16629146,-0.06887972,0.0109853935241699,15.018158531188988,0,0,0,0
29.507907485961937,39.923504,0.21746367,-0.033272017,-0.22705905,11552.0,-0.2507357,0.0011070272,0.22469912,-0.33272017,0.0105171871185302,14.82529443105065,0,0,0,0
29.425578371683784,39.79362,0.20144853,-0.016849434,-0.20855224,11208.8,-0.21829797,0.0002839034,0.20484284,-0.16849434,0.0115013901392618,14.729311084747335,0,0,0,0
29.40596796671552,40.179855,0.17532492,-0.009854008,-0.1944325,11212.0,-0.18517892,9.710149e-05,0.17705257,-0.0985400799999999,0.011005474726359,14.555287297566757,0,0,0,0
29.234214401245158,40.12004,0.13932922,-0.0055611646,-0.16055046,11671.45,-0.1448904,3.0926552e-05,0.14010406,-0.055611646,0.0105792490641276,15.068183570437984,0,0,0,0
28.81987374623617,40.4909,0.15811856,0.0030997226,-0.18858893,12020.25,-0.15501884,9.6082795e-06,0.15762843,0.030997226,0.0110777473449707,15.02515818277996,0,0,0,0
29.63563849131268,40.807064,0.14741296,0.015037944,-0.17574702,11583.9,-0.132375,0.00022613976,0.14519617,0.15037944,0.0094514126247829,14.539032554626488,0,0,0,0
28.863900438944512,41.458195,0.15391123,0.0027156072,-0.17792816,12094.75,-0.15119562,7.3745227e-06,0.15349327,0.027156072,0.0106722672780354,15.035710430145286,0,0,0,0
28.711374537150107,41.531685,0.15341088,0.0009228023,-0.17650622,11987.9,-0.15248807,8.515641e-07,0.1532693,0.009228023,0.0099601470099555,15.083465194702171,0,0,0,0
28.967117881774925,40.986507,0.16349345,-0.021139951,-0.1832558,12244.8,-0.18463342,0.00044689755,0.1669497,-0.21139951,0.0105637062920464,14.902815755208335,0,0,0,0
29.425578371683784,40.22942,0.1609689,0.0067451205,-0.18982945,12254.6,-0.15422378,4.549665e-05,0.15988314,0.067451205,0.0115013901392618,14.729311084747335,0,0,0,0
29.40596796671552,40.33196,0.122783616,0.049943574,-0.15363398,12444.15,-0.07284004,0.0024943606,0.11665136,0.4994357399999999,0.011005474726359,14.555287297566757,0,0,0,0
29.507907485961937,40.371265,0.15292867,0.015898949,-0.17958295,11763.45,-0.13702972,0.00025277658,0.15049726,0.1589894899999999,0.0105171871185302,14.82529443105065,0,0,0,0
29.425578371683784,40.52337,0.13970742,0.021401994,-0.16909072,12115.8,-0.118305415,0.00045804537,0.1367174,0.21401994,0.0115013901392618,14.729311084747335,0,0,0,0
28.77436933517457,40.757504,0.197073,-0.020121979,-0.2123929,11378.8,-0.21719497,0.00040489403,0.2010385,-0.20121979,0.0096894741058349,14.974113559722907,0,0,0,0
28.71447588602703,40.576347,0.22992577,-0.055520415,-0.23296212,11098.95,-0.28544617,0.0030825166,0.24269134,-0.55520415,0.0101193030675252,15.129899597167991,0,0,0,0
29.234214401245158,40.4909,0.18731014,0.00031611012,-0.21552116,11809.5,-0.18699403,9.992561e-08,0.18725094,0.0031611012,0.0105792490641276,15.068183570437984,0,0,0,0
28.77436933517457,40.841244,0.15672843,0.017100058,-0.18655023,11693.65,-0.13962838,0.000292412,0.15404837,0.17100058,0.0096894741058349,14.974113559722907,0,0,0,0
29.425578371683784,41.39838,0.16356376,0.03458919,-0.1890902,12119.45,-0.12897457,0.0011964121,0.15790622,0.3458919,0.0115013901392618,14.729311084747335,0,0,0,0
29.48794962565105,40.285816,0.22137664,-0.042618293,-0.22625098,11757.7,-0.26399493,0.0018163187,0.23081133,-0.42618293,0.0105528926849365,14.545388793945335,0,0,0,0
29.3144397099813,40.67547,0.16329168,0.022963377,-0.17768933,11639.7,-0.1403283,0.00052731665,0.15954195,0.22963377,0.011785807079739,14.98104512956408,0,0,0,0
28.87584997812908,40.771175,0.15660113,0.02386985,-0.18730514,11791.8,-0.13273127,0.0005697697,0.15286309,0.2386985,0.0109853935241699,15.018158531188988,0,0,0,0
29.0171795845032,40.860043,0.155345,0.01699005,-0.17850457,12480.8,-0.13835494,0.0002886618,0.15270567,0.1699005,0.0095214568244086,14.8354873021444,0,0,0,0
28.87584997812908,41.970898,0.13804783,0.036081795,-0.16624458,12188.6,-0.10196604,0.001301896,0.13306682,0.36081795,0.0109853935241699,15.018158531188988,0,0,0,0
28.87584997812908,41.823925,0.16968875,0.036729842,-0.19684154,11943.65,-0.1329589,0.0013490812,0.1634561,0.36729842,0.0109853935241699,15.018158531188988,0,0,0,0
29.63563849131268,40.856625,0.20539667,-0.047940496,-0.2189082,11458.0,-0.25333717,0.0022982913,0.21524349,-0.47940496,0.0094514126247829,14.539032554626488,0,0,0,0
29.214689826965355,41.287296,0.16838549,-0.0068701943,-0.18880492,11743.0,-0.17525569,4.719957e-05,0.16954233,-0.068701943,0.0111927111943562,15.171249326070182,0,0,0,0
29.489220873514853,41.600044,0.20335548,-0.019027863,-0.21602081,11479.45,-0.22238335,0.00036205957,0.2072249,-0.19027863,0.0117224762174818,14.637499321831626,0,0,0,0
28.863900438944512,41.41376,0.14367963,0.018405292,-0.16442828,11619.5,-0.12527433,0.00033875476,0.14103515,0.18405292,0.0106722672780354,15.035710430145286,0,0,0,0
29.214689826965355,41.200134,0.19220784,-0.010536798,-0.19333851,10911.25,-0.20274463,0.00011102412,0.19423309,-0.10536798,0.0111927111943562,15.171249326070182,0,0,0,0
29.48794962565105,40.928402,0.20779777,-0.054242305,-0.22286086,11219.5,-0.26204008,0.0029422278,0.2190692,-0.54242305,0.0105528926849365,14.545388793945335,0,0,0,0
29.13729852040612,40.9848,0.16749187,0.0043881475,-0.18846528,11696.4,-0.16310371,1.9255838e-05,0.16675688,0.043881475,0.0113369719187418,14.88310012817385,0,0,0,0
29.21082426706954,41.475285,0.12517367,0.02258727,-0.15875345,11743.25,-0.10258641,0.00051018473,0.12234635,0.2258726999999999,0.0117545138465033,14.92827011744184,0,0,0,0
29.426291084289588,42.03926,0.14080971,0.013032854,-0.17796381,11918.7,-0.12777686,0.00016985528,0.13897456,0.13032854,0.0109315586090087,14.32123548719621,0,0,0,0
29.3144397099813,42.36568,0.16480838,0.001459854,-0.18804279,11537.4,-0.16334853,2.1311737e-06,0.16456778,0.01459854,0.011785807079739,14.98104512956408,0,0,0,0
29.25716981887821,41.613716,0.14740849,0.014991482,-0.17392348,11605.85,-0.13241701,0.00022474454,0.14519861,0.14991482,0.0098183250427246,14.7552871068319,0,0,0,0
29.425578371683784,40.699394,0.13489266,0.047622,-0.16319464,11480.75,-0.087270655,0.0022678548,0.1284688,0.47622,0.0115013901392618,14.729311084747335,0,0,0,0
28.81987374623617,40.40032,0.1915883,0.020082515,-0.21212013,11610.4,-0.17150578,0.0004033074,0.18774071,0.2008251499999999,0.0110777473449707,15.02515818277996,0,0,0,0
28.967117881774925,40.285816,0.19390412,-0.00416616,-0.20843169,11257.5,-0.19807027,1.7356888e-05,0.19471195,-0.0416616,0.0105637062920464,14.902815755208335,0,0,0,0
28.77436933517457,40.786556,0.12835388,0.03850733,-0.16212474,11941.05,-0.089846544,0.0014828147,0.12341131,0.3850733,0.0096894741058349,14.974113559722907,0,0,0,0
29.48794962565105,41.032654,0.18587145,-0.0098317545,-0.20438385,11608.15,-0.19570321,9.6663396e-05,0.1876989,-0.0983175449999999,0.0105528926849365,14.545388793945335,0,0,0,0
28.87584997812908,40.612236,0.15351668,0.0034169462,-0.17212386,11510.45,-0.15009974,1.1675521e-05,0.15299213,0.034169462,0.0109853935241699,15.018158531188988,0,0,0,0
28.87584997812908,38.58535,0.21587476,-0.036950283,-0.21562436,11733.0,-0.25282505,0.0013653234,0.2238514,-0.36950283,0.0109853935241699,15.018158531188988,0,0,0,0
29.383197085062704,38.03163,0.18920913,-0.016287206,-0.19987813,12172.7,-0.20549634,0.00026527306,0.19229083,-0.1628720599999999,0.0116676606072319,14.912640349070244,0,0,0,0
28.967117881774925,38.417866,0.16623104,0.0014822566,-0.19093178,12151.1,-0.16474877,2.1970843e-06,0.16598463,0.0148225659999999,0.0105637062920464,14.902815755208335,0,0,0,0
29.25716981887821,38.45205,0.18697579,-0.028904125,-0.20718472,11928.0,-0.21587992,0.0008354485,0.19238016,-0.2890412499999999,0.0098183250427246,14.7552871068319,0,0,0,0
28.863900438944512,39.286045,0.145459,0.013305174,-0.17151454,11932.3,-0.13215382,0.00017702766,0.14352365,0.13305174,0.0106722672780354,15.035710430145286,0,0,0,0
28.81987374623617,39.79533,0.20190598,-0.04884255,-0.2156087,11339.6,-0.25074854,0.0023855946,0.21176758,-0.4884254999999999,0.0110777473449707,15.02515818277996,0,0,0,0
29.0171795845032,39.029694,0.17886522,0.004925816,-0.20530516,11586.2,-0.1739394,2.4263663e-05,0.17798416,0.04925816,0.0095214568244086,14.8354873021444,0,0,0,0
29.21082426706954,38.301655,0.12741207,0.0538544,-0.14552277,12409.7,-0.07355766,0.0029002964,0.120550364,0.5385439999999999,0.0117545138465033,14.92827011744184,0,0,0,0
28.887657101949088,39.21085,0.13605373,0.02304066,-0.16144173,12352.5,-0.11301306,0.000530872,0.13291895,0.2304066,0.0088965702056884,14.813097466362876,0,0,0,0
28.967117881774925,40.10295,0.19319244,-0.017282058,-0.20503056,11795.9,-0.21047449,0.0002986695,0.19653119,-0.17282058,0.0105637062920464,14.902815755208335,0,0,0,0
29.13729852040612,40.287525,0.18709071,-0.022277614,-0.19583045,11376.5,-0.20936832,0.0004962921,0.19125864,-0.22277614,0.0113369719187418,14.88310012817385,0,0,0,0
29.425578371683784,39.92863,0.2364833,-0.06932303,-0.24228212,11713.4,-0.30580634,0.0048056827,0.25287706,-0.6932303,0.0115013901392618,14.729311084747335,0,0,0,0
29.489220873514853,40.19182,0.14753987,-0.005823851,-0.16734836,12350.2,-0.15336372,3.391724e-05,0.14839911,-0.0582385099999999,0.0117224762174818,14.637499321831626,0,0,0,0
29.25716981887821,40.46526,0.13971731,-0.0031939163,-0.15910448,12296.1,-0.14291124,1.0201102e-05,0.14016356,-0.031939163,0.0098183250427246,14.7552871068319,0,0,0,0
29.507907485961937,40.232838,0.19103287,-0.028686821,-0.1989063,11861.4,-0.2197197,0.0008229337,0.196513,-0.28686821,0.0105171871185302,14.82529443105065,0,0,0,0
29.25716981887821,39.48429,0.20577016,-0.036824998,-0.21199024,11634.0,-0.24259517,0.0013560805,0.21334764,-0.36824998,0.0098183250427246,14.7552871068319,0,0,0,0
28.81987374623617,38.640038,0.25166842,-0.084696,-0.25073627,11525.7,-0.33636442,0.007173413,0.27298373,-0.8469599999999999,0.0110777473449707,15.02515818277996,0,0,0,0
29.0171795845032,40.08586,0.14277744,0.015558359,-0.16342467,12092.1,-0.1272191,0.00024206252,0.14055607,0.15558359,0.0095214568244086,14.8354873021444,0,0,0,0
29.478845055898063,42.006786,0.17890419,0.0021774953,-0.1839257,11888.2,-0.17672668,4.7414856e-06,0.17851463,0.021774953,0.0112010693550109,14.937810198466025,0,0,0,0
29.426291084289588,42.017044,0.16247295,0.009595159,-0.20051692,12047.2,-0.15287778,9.206708e-05,0.16091399,0.09595159,0.0109315586090087,14.32123548719621,0,0,0,0
29.425578371683784,41.9521,0.19341479,-0.024502978,-0.21385944,11698.4,-0.21791777,0.0006003959,0.19815402,-0.24502978,0.0115013901392618,14.729311084747335,0,0,0,0
28.887657101949088,41.44965,0.2024514,-0.016162157,-0.20448773,11556.0,-0.21861355,0.00026121532,0.20572345,-0.16162157,0.0088965702056884,14.813097466362876,0,0,0,0
29.507907485961937,41.05316,0.20284551,-0.047755234,-0.226889,11651.3,-0.25060076,0.0022805627,0.21253245,-0.47755234,0.0105171871185302,14.82529443105065,0,0,0,0
29.426291084289588,41.09076,0.22508751,-0.062149692,-0.22390723,11194.6,-0.2872372,0.0038625842,0.23907663,-0.62149692,0.0109315586090087,14.32123548719621,0,0,0,0
29.40596796671552,41.74018,0.16944091,-0.005369999,-0.17870486,12090.9,-0.17481092,2.8836886e-05,0.17035082,-0.05369999,0.011005474726359,14.555287297566757,0,0,0,0
29.489220873514853,41.569283,0.18794964,-0.0035940742,-0.19584973,11842.8,-0.19154371,1.2917369e-05,0.18862514,-0.035940742,0.0117224762174818,14.637499321831626,0,0,0,0
29.214689826965355,41.596626,0.15887524,0.015296141,-0.17158678,11976.8,-0.14357911,0.0002339719,0.15644507,0.15296141,0.0111927111943562,15.171249326070182,0,0,0,0
29.383197085062704,42.167435,0.16557124,0.004092362,-0.1721277,11977.2,-0.16147889,1.6747426e-05,0.16489367,0.04092362,0.0116676606072319,14.912640349070244,0,0,0,0
28.77436933517457,41.357365,0.11865856,0.01616401,-0.16492622,12706.5,-0.102494545,0.00026127527,0.11674056,0.1616401,0.0096894741058349,14.974113559722907,0,0,0,0
29.437518374125176,40.936947,0.13471358,0.01391928,-0.15400484,12159.4,-0.120794296,0.00019374637,0.13283846,0.1391928,0.0114339447021484,14.832504208882654,0,0,0,0
28.711374537150107,41.55903,0.120696776,0.033231374,-0.14970863,12386.8,-0.087465405,0.0011043241,0.11668586,0.33231374,0.0099601470099555,15.083465194702171,0,0,0,0
29.0171795845032,40.335377,0.14652078,0.024155995,-0.16504517,12306.7,-0.122364774,0.0005835121,0.14298142,0.24155995,0.0095214568244086,14.8354873021444,0,0,0,0
29.48794962565105,40.284107,0.16557778,0.011428571,-0.19115345,12078.0,-0.15414922,0.00013061224,0.16368547,0.11428571,0.0105528926849365,14.545388793945335,0,0,0,0
28.967117881774925,41.3642,0.16002484,-0.0070715076,-0.16620153,11546.3,-0.16709635,5.0006223e-05,0.16115646,-0.070715076,0.0105637062920464,14.902815755208335,0,0,0,0
29.425578371683784,41.34711,0.13137256,-0.0007387185,-0.14677954,11794.4,-0.13211127,5.45705e-07,0.13146959,-0.007387185,0.0115013901392618,14.729311084747335,0,0,0,0
29.48794962565105,39.921795,0.14772846,0.010758504,-0.16223563,12098.5,-0.13696995,0.000115745424,0.14613913,0.10758504,0.0105528926849365,14.545388793945335,0,0,0,0
29.234214401245158,40.63616,0.16566959,-0.013041331,-0.19498406,12275.3,-0.17871092,0.00017007632,0.16783015,-0.13041331,0.0105792490641276,15.068183570437984,0,0,0,0
29.507907485961937,41.408634,0.19958392,-0.013494358,-0.22502828,11896.8,-0.21307828,0.0001820977,0.20227718,-0.13494358,0.0105171871185302,14.82529443105065,0,0,0,0
29.426291084289588,42.33492,0.14059742,0.01361832,-0.14887261,12096.8,-0.1269791,0.00018545866,0.13868271,0.1361832,0.0109315586090087,14.32123548719621,0,0,0,0
28.81987374623617,41.217224,0.123904556,0.03849718,-0.15269643,12920.3,-0.08540738,0.0014820327,0.119134575,0.3849718,0.0110777473449707,15.02515818277996,0,0,0,0
29.234214401245158,40.058517,0.13740867,0.015290875,-0.15987697,12623.4,-0.122117795,0.00023381085,0.13530758,0.15290875,0.0105792490641276,15.068183570437984,0,0,0,0
28.887657101949088,40.256763,0.12271848,0.041649185,-0.1501947,13000.3,-0.0810693,0.0017346545,0.11760736,0.41649185,0.0088965702056884,14.813097466362876,0,0,0,0
29.214689826965355,41.552193,0.11401094,0.049971037,-0.14289907,12053.3,-0.0640399,0.0024971045,0.108313695,0.49971037,0.0111927111943562,15.171249326070182,0,0,0,0
28.81987374623617,40.923275,0.18618962,-0.020736888,-0.20209111,11095.3,-0.20692651,0.00043001855,0.19005062,-0.2073688799999999,0.0110777473449707,15.02515818277996,0,0,0,0
29.489220873514853,39.477455,0.1800761,-0.029096296,-0.19067535,12105.4,-0.2091724,0.00084659446,0.18531565,-0.29096296,0.0117224762174818,14.637499321831626,0,0,0,0
28.863900438944512,38.605858,0.20832172,-0.042764343,-0.20874295,11635.4,-0.25108606,0.0018287892,0.21723045,-0.42764343,0.0106722672780354,15.035710430145286,0,0,0,0
29.48794962565105,38.715237,0.1384892,0.0338998,-0.15401606,12283.8,-0.10458941,0.0011491963,0.13379446,0.338998,0.0105528926849365,14.545388793945335,0,0,0,0
28.967117881774925,39.142487,0.14894919,0.013691432,-0.16591898,12363.6,-0.13525777,0.00018745531,0.14690986,0.13691432,0.0105637062920464,14.902815755208335,0,0,0,0
29.383197085062704,41.319767,0.18468684,-0.0018483221,-0.20417939,11924.8,-0.18653516,3.4162945e-06,0.1850282,-0.018483221,0.0116676606072319,14.912640349070244,0,0,0,0
29.437518374125176,42.70748,0.113784894,0.043738488,-0.14211087,12789.1,-0.07004641,0.0019130555,0.108808115,0.43738488,0.0114339447021484,14.832504208882654,0,0,0,0
28.711374537150107,42.823696,0.112816475,0.038481157,-0.1385431,13095.8,-0.07433532,0.0014807994,0.10847517,0.38481157,0.0099601470099555,15.083465194702171,0,0,0,0
29.40596796671552,42.42037,0.20335196,-0.034986034,-0.20668043,11622.4,-0.238338,0.0012240227,0.21046643,-0.34986034,0.011005474726359,14.555287297566757,0,0,0,0
28.967117881774925,42.42037,0.16901264,0.005998888,-0.18186563,12067.3,-0.16301374,3.5986657e-05,0.16799875,0.05998888,0.0105637062920464,14.902815755208335,0,0,0,0
29.43544333775841,42.83395,0.14687586,0.023539104,-0.17021051,12139.4,-0.12333676,0.00055408943,0.14341854,0.23539104,0.0112120342254638,14.495665486653678,0,0,0,0
29.40596796671552,43.719215,0.17254193,-0.014887056,-0.19898902,11972.0,-0.187429,0.00022162443,0.17511058,-0.1488705599999999,0.011005474726359,14.555287297566757,0,0,0,0
28.77436933517457,43.062958,0.12551323,0.0432582,-0.16774718,12781.15,-0.08225503,0.0018712719,0.12008375,0.4325819999999999,0.0096894741058349,14.974113559722907,0,0,0,0
29.63563849131268,42.80148,0.12119954,0.040062554,-0.16298938,12673.35,-0.08113699,0.0016050081,0.116343975,0.40062554,0.0094514126247829,14.539032554626488,0,0,0,0
29.63563849131268,42.914272,0.13460416,0.020532815,-0.1646248,12272.5,-0.11407134,0.00042159652,0.13184035,0.20532815,0.0094514126247829,14.539032554626488,0,0,0,0
29.437518374125176,43.22531,0.20592983,-0.027313191,-0.20907809,11740.75,-0.23324303,0.00074601045,0.21155444,-0.27313191,0.0114339447021484,14.832504208882654,0,0,0,0
28.711374537150107,43.14328,0.22714636,-0.03478568,-0.23811616,11806.5,-0.26193202,0.0012100434,0.23504779,-0.3478567999999999,0.0099601470099555,15.083465194702171,0,0,0,0
29.21082426706954,42.680138,0.19332159,-0.010857213,-0.21526155,12454.25,-0.2041788,0.00011787908,0.19542052,-0.1085721299999999,0.0117545138465033,14.92827011744184,0,0,0,0
28.71447588602703,42.312702,0.18131576,0.0076180073,-0.19456027,12055.65,-0.17369775,5.8034035e-05,0.1799345,0.076180073,0.0101193030675252,15.129899597167991,0,0,0,0
29.40596796671552,40.9472,0.19737639,-0.015201314,-0.21051158,11722.05,-0.2125777,0.00023107998,0.20037678,-0.15201314,0.011005474726359,14.555287297566757,0,0,0,0
29.53638579050701,41.502632,0.23720254,-0.0464572,-0.22819668,11557.1,-0.28365976,0.0021582714,0.2482223,-0.464572,0.0099408562978108,14.67159852981571,0,0,0,0
29.478845055898063,43.59104,0.1534851,0.014774775,-0.17677863,11909.95,-0.13871032,0.00021829396,0.1512174,0.14774775,0.0112010693550109,14.937810198466025,0,0,0,0
29.53638579050701,44.479725,0.11276698,0.050498836,-0.15762588,12317.9,-0.062268145,0.0025501323,0.107072376,0.50498836,0.0099408562978108,14.67159852981571,0,0,0,0
29.21082426706954,42.213577,0.120793544,0.038773045,-0.15529485,12065.2,-0.0820205,0.0015033489,0.11611001,0.38773045,0.0117545138465033,14.92827011744184,0,0,0,0
29.63563849131268,38.976715,0.14000562,-0.039565783,-0.14263906,10810.2,-0.17957139,0.001565451,0.14554504,-0.39565783,0.0094514126247829,14.539032554626488,0,0,0,0
29.13729852040612,37.180546,0.1250832,-0.0736334,-0.10855594,10097.9,-0.1987166,0.0054218774,0.1342935,-0.736334,0.0113369719187418,14.88310012817385,0,0,0,0
28.81987374623617,36.165394,0.18568926,-0.09521684,-0.18107615,10395.05,-0.2809061,0.009066246,0.20337,-0.9521684,0.0110777473449707,15.02515818277996,0,0,0,0
29.3144397099813,37.211308,0.19486484,-0.081130885,-0.18907212,10405.0,-0.2759957,0.00658222,0.21067439,-0.81130885,0.011785807079739,14.98104512956408,0,0,0,0
29.43544333775841,41.018982,0.12572812,0.028085107,-0.15444703,11873.75,-0.097643,0.0007887732,0.122197025,0.28085107,0.0112120342254638,14.495665486653678,0,0,0,0
29.383197085062704,41.62226,0.120741926,0.0410938,-0.15461645,11943.4,-0.07964813,0.0016887004,0.11578018,0.410938,0.0116676606072319,14.912640349070244,0,0,0,0
29.383197085062704,42.152054,0.13803983,0.019094462,-0.1728586,12141.65,-0.11894536,0.00036459847,0.13540402,0.19094462,0.0116676606072319,14.912640349070244,0,0,0,0
29.234214401245158,42.909145,0.11809771,0.04396173,-0.15490693,12273.75,-0.074135974,0.0019326338,0.11290593,0.4396173,0.0105792490641276,15.068183570437984,0,0,0,0
29.507907485961937,44.331043,0.1091957,0.045198742,-0.15101852,12363.85,-0.063996956,0.0020429264,0.10426019,0.45198742,0.0105171871185302,14.82529443105065,0,0,0,0
29.63563849131268,44.81982,0.099734046,0.058952253,-0.1459788,12506.7,-0.040781792,0.003475368,0.093854494,0.58952253,0.0094514126247829,14.539032554626488,0,0,0,0
29.48794962565105,44.47118,0.15393774,0.013767136,-0.17653179,12242.6,-0.1401706,0.00018953404,0.15181847,0.13767136,0.0105528926849365,14.545388793945335,0,0,0,0
29.40596796671552,43.43381,0.12628563,0.02832262,-0.16578227,13121.0,-0.097963005,0.0008021708,0.12270889,0.2832262,0.011005474726359,14.555287297566757,0,0,0,0
29.25716981887821,41.993114,0.18373282,-0.013640593,-0.20199603,12186.2,-0.19737342,0.00018606576,0.18623905,-0.13640593,0.0098183250427246,14.7552871068319,0,0,0,0
29.21082426706954,42.22383,0.15145145,0.010863334,-0.1807435,12428.7,-0.14058812,0.00011801203,0.14980619,0.10863334,0.0117545138465033,14.92827011744184,0,0,0,0
28.81987374623617,42.647667,0.14468521,0.019298691,-0.17409468,12648.3,-0.1253865,0.0003724395,0.14189297,0.19298691,0.0110777473449707,15.02515818277996,0,0,0,0
28.81987374623617,43.07663,0.12391462,0.041565873,-0.15662436,12274.9,-0.08234875,0.0017277219,0.118764006,0.41565873,0.0110777473449707,15.02515818277996,0,0,0,0
28.967117881774925,43.223602,0.1302949,0.032625373,-0.17314783,12427.6,-0.097669534,0.0010644151,0.12604399,0.32625373,0.0105637062920464,14.902815755208335,0,0,0,0
28.87584997812908,41.93159,0.1050594,0.055766936,-0.1470852,12821.75,-0.049292464,0.0031099513,0.09920056,0.55766936,0.0109853935241699,15.018158531188988,0,0,0,0
28.967117881774925,42.205032,0.13152485,0.049965892,-0.17009602,12632.2,-0.08155895,0.0024965904,0.12495308,0.49965892,0.0105637062920464,14.902815755208335,0,0,0,0
29.48794962565105,40.772884,0.18561207,-0.018608661,-0.21145958,12444.1,-0.20422073,0.0003462823,0.18906607,-0.1860866099999999,0.0105528926849365,14.545388793945335,0,0,0,0
29.383197085062704,39.63468,0.24425326,-0.0994553,-0.23582818,10370.25,-0.34370854,0.009891355,0.26854554,-0.994553,0.0116676606072319,14.912640349070244,0,0,0,0
29.437518374125176,42.15889,0.10277764,0.019138755,-0.12820151,12641.05,-0.08363888,0.000366292,0.100810595,0.19138755,0.0114339447021484,14.832504208882654,0,0,0,0
29.214689826965355,43.42185,0.10403716,0.02001023,-0.12978218,12444.7,-0.084026925,0.0004004093,0.101955354,0.2001023,0.0111927111943562,15.171249326070182,0,0,0,0
28.81987374623617,43.77903,0.10071537,0.024622543,-0.12739348,12367.0,-0.076092824,0.00060626963,0.0982355,0.24622543,0.0110777473449707,15.02515818277996,0,0,0,0
28.81987374623617,43.42014,0.0924507,0.017071035,-0.1185512,12641.15,-0.07537966,0.00029142026,0.09087247,0.1707103499999999,0.0110777473449707,15.02515818277996,0,0,0,0
29.587538973490425,43.102264,0.14259881,0.01525854,-0.18490064,14046.6,-0.12734026,0.00023282306,0.14042296,0.1525853999999999,0.011531532605489,14.80689392089846,0,0,0,0
28.87584997812908,43.442356,0.13107166,0.018332528,-0.17608713,14084.1,-0.11273913,0.00033608158,0.12866879,0.18332528,0.0109853935241699,15.018158531188988,0,0,0,0
29.13729852040612,43.498753,0.12227917,0.026923882,-0.16233179,13897.8,-0.09535529,0.0007248954,0.118986934,0.26923882,0.0113369719187418,14.88310012817385,0,0,0,0
29.63563849131268,43.165497,0.10820986,0.0515136,-0.14707653,13176.15,-0.05669626,0.0026536512,0.10263558,0.515136,0.0094514126247829,14.539032554626488,0,0,0,0
29.40596796671552,42.956997,0.1174752,0.053027652,-0.1486647,12898.75,-0.064447545,0.002811932,0.11124577,0.53027652,0.011005474726359,14.555287297566757,0,0,0,0
28.967117881774925,43.40305,0.107809,0.051285837,-0.13927102,12469.9,-0.056523163,0.002630237,0.102279924,0.51285837,0.0105637062920464,14.902815755208335,0,0,0,0
29.40596796671552,43.92259,0.121070765,0.04383523,-0.16079262,12762.85,-0.077235535,0.0019215276,0.1157636,0.4383523,0.011005474726359,14.555287297566757,0,0,0,0
29.48794962565105,44.56176,0.1319122,0.02907231,-0.16281506,12007.0,-0.10283989,0.0008451993,0.12807721,0.2907231,0.0105528926849365,14.545388793945335,0,0,0,0
29.25716981887821,44.56005,0.12627727,0.033070777,-0.15983355,12733.65,-0.09320649,0.0010936763,0.12210117,0.33070777,0.0098183250427246,14.7552871068319,0,0,0,0
29.383197085062704,43.715797,0.12781005,0.028230606,-0.15949021,12696.35,-0.09957944,0.00079696707,0.12420189,0.2823060599999999,0.0116676606072319,14.912640349070244,0,0,0,0
29.13729852040612,42.74166,0.119046815,0.029196333,-0.15275246,12598.4,-0.089850485,0.0008524259,0.11557109,0.29196333,0.0113369719187418,14.88310012817385,0,0,0,0
29.214689826965355,41.81709,0.18895242,-0.032312382,-0.20629643,12142.5,-0.2212648,0.00104409,0.19505793,-0.32312382,0.0111927111943562,15.171249326070182,0,0,0,0
28.87584997812908,42.62374,0.15164092,0.0011901997,-0.18269627,12347.85,-0.15045072,1.4165754e-06,0.15146044,0.011901997,0.0109853935241699,15.018158531188988,0,0,0,0
29.0171795845032,42.939907,0.12169957,0.017766168,-0.15481725,12848.2,-0.10393341,0.00031563672,0.11953744,0.17766168,0.0095214568244086,14.8354873021444,0,0,0,0
28.87584997812908,41.43085,0.123351164,0.016454957,-0.15818931,13244.75,-0.10689621,0.00027076562,0.121321425,0.1645495699999999,0.0109853935241699,15.018158531188988,0,0,0,0
28.81987374623617,40.93011,0.19396298,-0.03474351,-0.20492291,12036.05,-0.2287065,0.0012071115,0.20070194,-0.3474351,0.0110777473449707,15.02515818277996,0,0,0,0
29.0171795845032,42.413532,0.13438544,0.029485615,-0.1648011,12537.05,-0.104899816,0.00086940156,0.130423,0.29485615,0.0095214568244086,14.8354873021444,0,0,0,0
29.48794962565105,42.804897,0.13255799,0.03276022,-0.17125323,12306.9,-0.099797755,0.0010732323,0.12821536,0.3276022,0.0105528926849365,14.545388793945335,0,0,0,0
29.214689826965355,42.645958,0.14969455,0.011640433,-0.16945791,12087.35,-0.13805412,0.0001354997,0.14795205,0.11640433,0.0111927111943562,15.171249326070182,0,0,0,0
29.425578371683784,42.905727,0.13067491,0.031423237,-0.16515806,12629.25,-0.09925168,0.0009874199,0.12656869,0.31423237,0.0115013901392618,14.729311084747335,0,0,0,0
29.21082426706954,42.133255,0.13079135,0.03969247,-0.16501765,11893.5,-0.09109888,0.0015754922,0.12559992,0.3969247,0.0117545138465033,14.92827011744184,0,0,0,0
29.425578371683784,42.07515,0.14388283,0.02657787,-0.17248358,11720.6,-0.11730496,0.0007063832,0.14005873,0.2657787,0.0115013901392618,14.729311084747335,0,0,0,0
29.425578371683784,42.216995,0.20671579,-0.044866607,-0.21751674,11057.5,-0.25158238,0.0020130123,0.21599042,-0.44866607,0.0115013901392618,14.729311084747335,0,0,0,0
29.214689826965355,42.55538,0.21524566,-0.049705856,-0.22553395,11030.2,-0.2649515,0.002470672,0.22594462,-0.49705856,0.0111927111943562,15.171249326070182,0,0,0,0
29.21082426706954,41.706,0.16155788,-0.0068456754,-0.18264765,11539.4,-0.16840355,4.686327e-05,0.16266385,-0.068456754,0.0117545138465033,14.92827011744184,0,0,0,0
29.53638579050701,40.665215,0.16078195,-0.016323633,-0.1808837,11071.45,-0.17710558,0.00026646102,0.16340649,-0.16323633,0.0099408562978108,14.67159852981571,0,0,0,0
29.40596796671552,40.750668,0.13287735,0.03460374,-0.16365124,12665.8,-0.098273605,0.0011974189,0.1282793,0.3460374,0.011005474726359,14.555287297566757,0,0,0,0
29.21082426706954,41.326603,0.14066632,-0.019231912,-0.15946978,12768.05,-0.15989824,0.00036986647,0.14337161,-0.19231912,0.0117545138465033,14.92827011744184,0,0,0,0
29.478845055898063,41.253117,0.18308002,-0.0394246,-0.19816914,12739.05,-0.22250462,0.001554299,0.19029787,-0.394246,0.0112010693550109,14.937810198466025,0,0,0,0
29.13729852040612,41.487247,0.14475423,0.013242615,-0.17310931,12364.2,-0.13151161,0.00017536688,0.1428373,0.13242615,0.0113369719187418,14.88310012817385,0,0,0,0
29.507907485961937,41.059998,0.15879625,0.004792587,-0.18199171,12316.15,-0.15400366,2.2968887e-05,0.15803522,0.04792587,0.0105171871185302,14.82529443105065,0,0,0,0
29.383197085062704,40.63787,0.17968944,-0.035214875,-0.19142628,11697.8,-0.21490431,0.0012400873,0.18601717,-0.35214875,0.0116676606072319,14.912640349070244,0,0,0,0
29.507907485961937,41.473576,0.13066944,0.01390168,-0.16447437,12545.0,-0.11676776,0.0001932567,0.12885292,0.1390168,0.0105171871185302,14.82529443105065,0,0,0,0
29.507907485961937,46.069103,0.06848034,0.061003074,-0.09411978,13881.15,-0.007477272,0.003721375,0.06430283,0.61003074,0.0105171871185302,14.82529443105065,0,0,0,0
29.489220873514853,46.296402,0.111214936,0.014283811,-0.13602866,12939.05,-0.09693113,0.00020402727,0.10962637,0.14283811,0.0117224762174818,14.637499321831626,0,0,0,0
29.489220873514853,45.515385,0.10595828,0.025697209,-0.13578092,13672.85,-0.080261074,0.00066034653,0.10323545,0.25697209,0.0117224762174818,14.637499321831626,0,0,0,0
29.43544333775841,44.67626,0.1048282,0.023417855,-0.13225186,13588.1,-0.08141035,0.0005483959,0.10237335,0.23417855,0.0112120342254638,14.495665486653678,0,0,0,0
29.425578371683784,43.91746,0.070973724,0.02482646,-0.09254769,15001.5,-0.04614726,0.0006163531,0.06921169,0.2482646,0.0115013901392618,14.729311084747335,0,0,0,0
28.863900438944512,43.770485,0.07866201,0.07288391,-0.10235217,13555.25,-0.0057780948,0.0053120647,0.072928816,0.7288391,0.0106722672780354,15.035710430145286,0,0,0,0
29.3144397099813,44.033672,0.13267718,0.0736256,-0.15930738,12716.45,-0.05905158,0.0054207295,0.12290875,0.736256,0.011785807079739,14.98104512956408,0,0,0,0
29.383197085062704,44.510487,0.094906904,0.009144792,-0.122189015,14040.1,-0.085762106,8.362723e-05,0.094039,0.09144792,0.0116676606072319,14.912640349070244,0,0,0,0
29.234214401245158,43.98924,0.117949344,0.009778762,-0.14240748,14101.75,-0.108170584,9.562419e-05,0.11679594,0.0977876199999999,0.0105792490641276,15.068183570437984,0,0,0,0
29.21082426706954,43.787575,0.11454295,0.0316869,-0.13946001,13618.35,-0.08285605,0.0010040594,0.11091344,0.3168689999999999,0.0117545138465033,14.92827011744184,0,0,0,0
29.40596796671552,43.789288,0.12874071,0.016264314,-0.15574445,12694.2,-0.1124764,0.0002645279,0.12664683,0.16264314,0.011005474726359,14.555287297566757,0,0,0,0
29.478845055898063,43.50388,0.117361456,0.056559265,-0.15522677,12497.35,-0.06080219,0.0031989503,0.11072358,0.5655926499999999,0.0112010693550109,14.937810198466025,0,0,0,0
29.40596796671552,42.880093,0.11083381,0.057593625,-0.14896744,12354.65,-0.053240184,0.0033170255,0.10445049,0.57593625,0.011005474726359,14.555287297566757,0,0,0,0
29.234214401245158,42.910854,0.124497995,0.036445476,-0.16321057,12449.35,-0.08805252,0.0013282727,0.119960606,0.36445476,0.0105792490641276,15.068183570437984,0,0,0,0
28.863900438944512,43.119354,0.107492514,0.051135708,-0.1513816,12639.6,-0.056356806,0.0026148607,0.10199581,0.51135708,0.0106722672780354,15.035710430145286,0,0,0,0
29.40596796671552,44.811275,0.033964414,0.11673566,-0.064169474,15320.7,0.08277124,0.013627213,0.029999558,1.1673566,0.011005474726359,14.555287297566757,0,0,0,0
28.967117881774925,45.563236,0.02654414,0.13017616,-0.05978413,15242.3,0.10363202,0.016945831,0.023088725,1.3017616,0.0105637062920464,14.902815755208335,0,0,0,0
29.489220873514853,43.31931,0.06998308,0.05563612,-0.09714762,13724.1,-0.014346964,0.0030953777,0.066089496,0.5563612,0.0117224762174818,14.637499321831626,0,0,0,0
29.507907485961937,41.67695,0.03331896,0.10293643,-0.063308954,15401.45,0.06961747,0.010595908,0.029889226,1.0293643,0.0105171871185302,14.82529443105065,0,0,0,0
29.425578371683784,41.099304,0.088236675,0.05908043,-0.1105526,14065.95,-0.029156249,0.0034904971,0.083023615,0.5908043000000001,0.0115013901392618,14.729311084747335,0,0,0,0
28.87584997812908,40.42766,0.07668954,0.05690884,-0.10205096,14606.0,-0.0197807,0.003238616,0.07232522,0.5690884,0.0109853935241699,15.018158531188988,0,0,0,0
28.863900438944512,40.323414,0.104125865,0.033787105,-0.13164952,13469.1,-0.070338756,0.0011415685,0.10060775,0.3378710499999999,0.0106722672780354,15.035710430145286,0,0,0,0
28.711374537150107,40.629326,0.12752002,0.0095553575,-0.15501189,13163.65,-0.11796466,9.130486e-05,0.12630153,0.095553575,0.0099601470099555,15.083465194702171,0,0,0,0
29.53638579050701,40.938656,0.10549038,0.039757993,-0.13511197,13444.05,-0.06573238,0.0015806982,0.10129629,0.3975799299999999,0.0099408562978108,14.67159852981571,0,0,0,0
28.71447588602703,40.77801,0.10063303,0.051311668,-0.13702273,12265.15,-0.049321365,0.0026328876,0.095469385,0.51311668,0.0101193030675252,15.129899597167991,0,0,0,0
29.425578371683784,40.113205,0.11576402,0.044030443,-0.14641654,12259.15,-0.07173358,0.0019386801,0.11066688,0.44030443,0.0115013901392618,14.729311084747335,0,0,0,0
29.437518374125176,39.996994,0.18404067,-0.012884244,-0.19648696,12148.65,-0.19692491,0.00016600377,0.18641189,-0.12884244,0.0114339447021484,14.832504208882654,0,0,0,0
28.711374537150107,39.902996,0.13661657,0.005193274,-0.16055083,13193.55,-0.13142331,2.6970094e-05,0.1359071,0.05193274,0.0099601470099555,15.083465194702171,0,0,0,0
29.437518374125176,39.9611,0.19889966,-0.066237144,-0.2034439,11954.05,-0.2651368,0.0043873587,0.21207419,-0.66237144,0.0114339447021484,14.832504208882654,0,0,0,0
28.81987374623617,40.50286,0.17625624,-0.049413294,-0.18617673,11945.2,-0.22566955,0.0024416738,0.18496566,-0.49413294,0.0110777473449707,15.02515818277996,0,0,0,0
29.3144397099813,42.50069,0.2212632,-0.034358203,-0.22487015,11865.4,-0.2556214,0.001180486,0.2288654,-0.34358203,0.011785807079739,14.98104512956408,0,0,0,0
28.863900438944512,43.114227,0.1529621,0.0023223674,-0.17691351,12676.8,-0.15063973,5.3933904e-06,0.15260686,0.023223674,0.0106722672780354,15.035710430145286,0,0,0,0
29.13729852040612,43.237274,0.17617331,-0.018305507,-0.19534783,12608.45,-0.19447882,0.00033509155,0.17939827,-0.18305507,0.0113369719187418,14.88310012817385,0,0,0,0
28.81987374623617,44.134506,0.14428532,0.005620533,-0.16722938,12474.6,-0.1386648,3.1590396e-05,0.14347437,0.05620533,0.0110777473449707,15.02515818277996,0,0,0,0
29.40596796671552,43.546608,0.117643125,0.012716934,-0.14056581,12887.6,-0.10492619,0.00016172041,0.11614706,0.12716934,0.011005474726359,14.555287297566757,0,0,0,0
28.775239880879724,43.26291,0.08660226,0.01650771,-0.11306369,12824.0,-0.070094556,0.00027250446,0.08517266,0.1650770999999999,0.0100396521886189,15.071497853597007,0,0,0,0
28.967117881774925,43.406467,0.080550306,0.020584026,-0.105110005,12803.55,-0.059966277,0.00042370215,0.07889225,0.20584026,0.0105637062920464,14.902815755208335,0,0,0,0
28.71447588602703,43.27829,0.08196152,0.01867893,-0.1069893,12772.7,-0.06328259,0.00034890242,0.08043057,0.1867893,0.0101193030675252,15.129899597167991,0,0,0,0
29.21082426706954,43.009975,0.104915224,0.006422004,-0.12740935,12747.3,-0.09849322,4.124214e-05,0.10424146,0.06422004,0.0117545138465033,14.92827011744184,0,0,0,0
28.77436933517457,42.20845,0.1925166,-0.048593737,-0.19919544,11878.35,-0.24111034,0.0023613514,0.2018717,-0.48593737,0.0096894741058349,14.974113559722907,0,0,0,0
28.887657101949088,42.138382,0.18090603,-0.06713409,-0.18809211,11797.05,-0.24804012,0.0045069866,0.193051,-0.6713408999999999,0.0088965702056884,14.813097466362876,0,0,0,0
29.489220873514853,44.47118,0.105181515,0.012781592,-0.12888984,12497.55,-0.092399925,0.0001633691,0.10383713,0.12781592,0.0117224762174818,14.637499321831626,0,0,0,0
29.48794962565105,45.209473,0.12881792,0.00607071,-0.13778017,12181.2,-0.12274721,3.6853515e-05,0.1280359,0.0607071,0.0105528926849365,14.545388793945335,0,0,0,0
29.0171795845032,45.188965,0.1630701,-0.029597979,-0.17830564,11876.25,-0.19266807,0.0008760404,0.16789664,-0.29597979,0.0095214568244086,14.8354873021444,0,0,0,0
28.967117881774925,45.11377,0.06314203,0.045477167,-0.09140703,12964.15,-0.017664863,0.002068173,0.06027051,0.4547716699999999,0.0105637062920464,14.902815755208335,0,0,0,0
28.887657101949088,45.016354,0.059611868,0.018353576,-0.085833706,13935.65,-0.04125829,0.00033685376,0.058517776,0.18353576,0.0088965702056884,14.813097466362876,0,0,0,0
29.383197085062704,45.009518,0.094555594,0.04404665,-0.12128551,13466.75,-0.050508942,0.0019401077,0.090390734,0.4404665,0.0116676606072319,14.912640349070244,0,0,0,0
29.43544333775841,45.288086,0.061590645,0.031556793,-0.08687375,13136.75,-0.030033855,0.0009958311,0.059647042,0.31556793,0.0112120342254638,14.495665486653678,0,0,0,0
28.967117881774925,45.00268,0.08172561,0.031629328,-0.101524025,12747.35,-0.050096285,0.0010004144,0.079140685,0.31629328,0.0105637062920464,14.902815755208335,0,0,0,0
28.87584997812908,44.961666,0.079680845,0.019363513,-0.10802349,12258.9,-0.06031733,0.0003749456,0.07813794,0.19363513,0.0109853935241699,15.018158531188988,0,0,0,0
29.21082426706954,45.359867,0.052707605,0.022048153,-0.090342894,13328.4,-0.030659452,0.00048612108,0.0515455,0.22048153,0.0117545138465033,14.92827011744184,0,0,0,0
29.43544333775841,45.11548,0.05173099,0.034724537,-0.08072107,13094.95,-0.017006457,0.0012057933,0.049934655,0.34724537,0.0112120342254638,14.495665486653678,0,0,0,0
28.87584997812908,42.322956,0.18918818,-0.05937004,-0.19544435,10987.0,-0.24855821,0.0035248015,0.20042029,-0.5937004,0.0109853935241699,15.018158531188988,0,0,0,0
29.437518374125176,41.343693,0.20655985,-0.09687888,-0.19137466,9936.35,-0.30343872,0.009385517,0.22657114,-0.9687888,0.0114339447021484,14.832504208882654,0,0,0,0
29.63563849131268,44.14476,0.12739614,-0.019237148,-0.14148806,11776.05,-0.14663328,0.00037006784,0.12984687,-0.1923714799999999,0.0094514126247829,14.539032554626488,0,0,0,0
29.478845055898063,44.915524,0.07689095,0.01626055,-0.10413359,12763.35,-0.060630403,0.0002644055,0.07564066,0.1626055,0.0112010693550109,14.937810198466025,0,0,0,0
28.967117881774925,44.968502,0.082107715,0.048718605,-0.12863159,14773.75,-0.033389114,0.0023735026,0.07810754,0.48718605,0.0105637062920464,14.902815755208335,0,0,0,0
29.63563849131268,43.305637,0.096688546,0.034599576,-0.14079568,14301.6,-0.062088966,0.0011971308,0.09334316,0.34599576,0.0094514126247829,14.539032554626488,0,0,0,0
29.40596796671552,42.423786,0.18393147,-0.025396634,-0.19277933,11869.55,-0.2093281,0.000644989,0.1886027,-0.25396634,0.011005474726359,14.555287297566757,0,0,0,0
28.87584997812908,41.213806,0.21163839,-0.053467777,-0.21416625,11801.1,-0.26510617,0.0028588031,0.22295423,-0.53467777,0.0109853935241699,15.018158531188988,0,0,0,0
29.507907485961937,41.516304,0.21021551,-0.05484439,-0.2184118,11766.75,-0.2650599,0.003007907,0.22174464,-0.5484439,0.0105171871185302,14.82529443105065,0,0,0,0
29.48794962565105,42.020462,0.1812399,-0.021241307,-0.19574809,12227.2,-0.20248121,0.00045119313,0.18508968,-0.21241307,0.0105528926849365,14.545388793945335,0,0,0,0
28.967117881774925,41.793163,0.20930153,-0.032963164,-0.21098614,11846.15,-0.24226469,0.0010865702,0.21620077,-0.32963164,0.0105637062920464,14.902815755208335,0,0,0,0
29.21082426706954,41.77949,0.19345243,-0.015941985,-0.20176527,11667.75,-0.20939443,0.0002541469,0.19653645,-0.1594198499999999,0.0117545138465033,14.92827011744184,0,0,0,0
29.234214401245158,42.21187,0.20511359,-0.020397702,-0.21082667,11452.6,-0.2255113,0.00041606626,0.20929745,-0.20397702,0.0105792490641276,15.068183570437984,0,0,0,0
29.25716981887821,42.181107,0.11745679,0.05122185,-0.1505103,12265.0,-0.06623493,0.0026236782,0.11144043,0.5122185,0.0098183250427246,14.7552871068319,0,0,0,0
29.234214401245158,42.052933,0.15848565,-0.008626781,-0.18156107,12295.95,-0.16711244,7.4421354e-05,0.15985288,-0.08626781,0.0105792490641276,15.068183570437984,0,0,0,0
29.425578371683784,40.682304,0.19599357,-0.05582599,-0.19816796,11774.4,-0.25181958,0.0031165413,0.20693511,-0.5582599,0.0115013901392618,14.729311084747335,0,0,0,0
28.711374537150107,40.195236,0.23770595,-0.094484955,-0.23306185,11157.75,-0.3321909,0.008927407,0.26016557,-0.94484955,0.0099601470099555,15.083465194702171,0,0,0,0
28.81987374623617,40.374683,0.17884968,-0.021808082,-0.19802138,11713.15,-0.20065777,0.00047559247,0.18275006,-0.21808082,0.0110777473449707,15.02515818277996,0,0,0,0
29.3144397099813,40.8327,0.15251039,0.010127988,-0.17264794,12034.0,-0.14238241,0.00010257614,0.15096577,0.1012798799999999,0.011785807079739,14.98104512956408,0,0,0,0
29.48794962565105,40.649834,0.123318665,0.04988713,-0.15716834,12025.35,-0.07343154,0.0024887258,0.117166646,0.4988713,0.0105528926849365,14.545388793945335,0,0,0,0
29.63563849131268,41.118103,0.15572618,0.002204526,-0.17732203,12036.75,-0.15352164,4.859935e-06,0.15538287,0.02204526,0.0094514126247829,14.539032554626488,0,0,0,0
29.437518374125176,41.012146,0.16943175,-0.025814513,-0.18403602,11974.35,-0.19524626,0.0006663891,0.17380555,-0.25814513,0.0114339447021484,14.832504208882654,0,0,0,0
28.81987374623617,41.285587,0.123247206,0.0268561,-0.15336075,12539.1,-0.096391104,0.00072125014,0.11993727,0.268561,0.0110777473449707,15.02515818277996,0,0,0,0
29.214689826965355,41.02411,0.12229502,0.031702925,-0.15191206,12476.05,-0.090592094,0.0010050755,0.11841791,0.31702925,0.0111927111943562,15.171249326070182,0,0,0,0
29.63563849131268,40.302906,0.24578418,-0.08228329,-0.24528368,11306.15,-0.32806748,0.006770539,0.2660081,-0.8228329,0.0094514126247829,14.539032554626488,0,0,0,0
29.587538973490425,40.179855,0.20971614,-0.05045341,-0.21901827,12232.6,-0.26016957,0.0025455465,0.22029704,-0.5045341,0.011531532605489,14.80689392089846,0,0,0,0
29.587538973490425,40.776302,0.229145,-0.036765035,-0.22551621,11416.85,-0.26591003,0.0013516677,0.23756953,-0.36765035,0.011531532605489,14.80689392089846,0,0,0,0
28.77436933517457,40.96258,0.21619174,-0.02643107,-0.21435155,11652.2,-0.24262281,0.0006986015,0.22190592,-0.2643107,0.0096894741058349,14.974113559722907,0,0,0,0
29.234214401245158,41.5539,0.123784274,0.04576482,-0.16666071,12203.15,-0.07801946,0.0020944185,0.118119314,0.4576481999999999,0.0105792490641276,15.068183570437984,0,0,0,0
29.48794962565105,41.70942,0.15733103,0.004178149,-0.17419332,12194.95,-0.15315288,1.745693e-05,0.15667368,0.04178149,0.0105528926849365,14.545388793945335,0,0,0,0
29.437518374125176,42.102493,0.18146499,-0.011730626,-0.19059673,12359.3,-0.19319561,0.00013760758,0.18359368,-0.11730626,0.0114339447021484,14.832504208882654,0,0,0,0
29.437518374125176,42.64254,0.2130807,-0.021182377,-0.22114104,12015.65,-0.23426308,0.0004486931,0.21759425,-0.21182377,0.0114339447021484,14.832504208882654,0,0,0,0
29.214689826965355,42.704063,0.16389757,-0.00516728,-0.18813623,12239.75,-0.16906485,2.670078e-05,0.16474448,-0.0516728,0.0111927111943562,15.171249326070182,0,0,0,0
29.214689826965355,42.324665,0.21820956,-0.017892813,-0.21730144,11934.2,-0.23610237,0.00032015276,0.22211395,-0.17892813,0.0111927111943562,15.171249326070182,0,0,0,0
29.63563849131268,41.470158,0.23132604,-0.032069802,-0.22522338,11651.5,-0.26339585,0.0010284722,0.23874463,-0.32069802,0.0094514126247829,14.539032554626488,0,0,0,0
29.48794962565105,41.46332,0.22189811,-0.023380017,-0.2228521,11873.8,-0.24527812,0.00054662523,0.22708608,-0.23380017,0.0105528926849365,14.545388793945335,0,0,0,0
29.507907485961937,41.58808,0.21025226,-0.013765366,-0.21271262,12024.6,-0.22401762,0.00018948529,0.21314645,-0.1376536599999999,0.0105171871185302,14.82529443105065,0,0,0,0
29.498190180460654,41.57099,0.20733324,-0.026411401,-0.21117839,11662.5,-0.23374464,0.0006975621,0.2128092,-0.26411401,0.0103383498390515,14.389676666259788,0,0,0,0
29.383197085062704,41.48383,0.21615602,-0.031214217,-0.21394184,11584.35,-0.24737023,0.0009743273,0.22290316,-0.31214217,0.0116676606072319,14.912640349070244,0,0,0,0
29.48794962565105,41.991405,0.21030669,-0.017744558,-0.21329093,11959.4,-0.22805125,0.00031486934,0.21403849,-0.17744558,0.0105528926849365,14.545388793945335,0,0,0,0
29.383197085062704,43.180878,0.19067177,-0.013160974,-0.19885105,11968.75,-0.20383275,0.00017321121,0.1931812,-0.13160974,0.0116676606072319,14.912640349070244,0,0,0,0
29.43544333775841,43.874737,0.09138702,0.05634759,-0.12874468,12742.8,-0.035039432,0.003175051,0.08623758,0.5634759,0.0112120342254638,14.495665486653678,0,0,0,0
28.71447588602703,41.91621,0.13871163,0.0129408855,-0.16250922,12602.2,-0.12577075,0.00016746651,0.13691658,0.129408855,0.0101193030675252,15.129899597167991,0,0,0,0
29.53638579050701,40.543877,0.1522881,-0.0121372035,-0.16611947,12291.6,-0.1644253,0.0001473117,0.15413645,-0.121372035,0.0099408562978108,14.67159852981571,0,0,0,0
29.425578371683784,40.147385,0.12502782,0.021113643,-0.15436383,12431.75,-0.10391419,0.00044578596,0.122388035,0.21113643,0.0115013901392618,14.729311084747335,0,0,0,0
29.40596796671552,39.082672,0.1999344,-0.028616952,-0.1948396,11371.0,-0.22855136,0.0008189299,0.20565592,-0.28616952,0.011005474726359,14.555287297566757,0,0,0,0
29.478845055898063,39.885906,0.14311387,0.0047507966,-0.16908939,12861.5,-0.13836308,2.2570068e-05,0.14243397,0.047507966,0.0112010693550109,14.937810198466025,0,0,0,0
29.234214401245158,41.102722,0.12943935,0.038016118,-0.16110888,12981.15,-0.091423236,0.0014452251,0.12451857,0.38016118,0.0105792490641276,15.068183570437984,0,0,0,0
29.48794962565105,42.07515,0.12183547,0.035205685,-0.14958453,12534.05,-0.086629786,0.0012394402,0.11754617,0.35205685,0.0105528926849365,14.545388793945335,0,0,0,0
28.711374537150107,41.653023,0.1571293,0.0021961378,-0.17941923,11890.7,-0.15493317,4.8230213e-06,0.15678424,0.021961378,0.0099601470099555,15.083465194702171,0,0,0,0
29.40596796671552,41.343693,0.12566572,0.04782622,-0.1563308,11650.5,-0.077839494,0.0022873473,0.1196556,0.4782622,0.011005474726359,14.555287297566757,0,0,0,0
29.53638579050701,41.856396,0.10394305,0.06373765,-0.13896258,11584.9,-0.0402054,0.004062488,0.097317964,0.6373765,0.0099408562978108,14.67159852981571,0,0,0,0
28.71447588602703,40.88055,0.17906755,-0.044632457,-0.18966661,11965.65,-0.22370002,0.0019920561,0.18705977,-0.44632457,0.0101193030675252,15.129899597167991,0,0,0,0
29.507907485961937,40.817318,0.1714741,-0.02552702,-0.1844808,11873.05,-0.19700113,0.0006516288,0.17585133,-0.2552702,0.0105171871185302,14.82529443105065,0,0,0,0
29.21082426706954,40.371265,0.14760861,-0.0034622136,-0.15752126,11582.05,-0.15107082,1.1986923e-05,0.14811966,-0.034622136,0.0117545138465033,14.92827011744184,0,0,0,0
29.234214401245158,40.731865,0.10122534,0.030419996,-0.12826744,12148.0,-0.07080535,0.00092537614,0.098146066,0.30419996,0.0105792490641276,15.068183570437984,0,0,0,0
29.40596796671552,41.31464,0.12517498,0.007107218,-0.14136067,11914.75,-0.11806777,5.0512546e-05,0.12428535,0.07107218,0.011005474726359,14.555287297566757,0,0,0,0
29.25716981887821,42.569054,0.12431909,0.025925236,-0.14395624,12026.6,-0.09839386,0.00067211787,0.12109609,0.25925236,0.0098183250427246,14.7552871068319,0,0,0,0
28.967117881774925,42.205032,0.22240579,-0.05668576,-0.21812387,11489.8,-0.27909157,0.0032132752,0.23501304,-0.5668576000000001,0.0105637062920464,14.902815755208335,0,0,0,0
29.426291084289588,42.269978,0.18763873,-0.040774457,-0.19957961,11849.3,-0.2284132,0.0016625563,0.1952896,-0.40774457,0.0109315586090087,14.32123548719621,0,0,0,0
29.25716981887821,42.528038,0.1423799,0.0069274283,-0.16584985,12151.35,-0.13545248,4.7989262e-05,0.14139357,0.0692742829999999,0.0098183250427246,14.7552871068319,0,0,0,0
28.81987374623617,41.10956,0.18100624,-0.020349108,-0.18968238,11527.9,-0.20135534,0.00041408621,0.18468955,-0.20349108,0.0110777473449707,15.02515818277996,0,0,0,0
29.48794962565105,40.560966,0.120225094,0.0046750754,-0.14861782,13414.25,-0.11555002,2.185633e-05,0.11966303,0.046750754,0.0105528926849365,14.545388793945335,0,0,0,0
29.13729852040612,39.41251,0.20783867,-0.056199472,-0.2,11879.45,-0.26403815,0.0031583805,0.2195191,-0.56199472,0.0113369719187418,14.88310012817385,0,0,0,0
29.478845055898063,39.663734,0.17994963,-0.0639593,-0.18068321,12410.4,-0.24390893,0.004090792,0.19145907,-0.639593,0.0112010693550109,14.937810198466025,0,0,0,0
29.234214401245158,40.340504,0.16145942,-0.024544105,-0.18055752,11985.2,-0.18600352,0.0006024131,0.16542229,-0.24544105,0.0105792490641276,15.068183570437984,0,0,0,0
29.425578371683784,40.625908,0.17040548,-0.025846949,-0.1956319,11718.9,-0.19625242,0.0006680648,0.17480993,-0.25846949,0.0115013901392618,14.729311084747335,0,0,0,0
28.81987374623617,40.601982,0.11405653,0.009275064,-0.14201392,11891.65,-0.104781464,8.6026805e-05,0.11299865,0.09275064,0.0110777473449707,15.02515818277996,0,0,0,0
29.437518374125176,39.53727,0.17023243,-0.0187253,-0.18817988,12536.4,-0.18895774,0.00035063687,0.17342009,-0.187253,0.0114339447021484,14.832504208882654,0,0,0,0
29.214689826965355,38.65542,0.19742887,-0.060125045,-0.20446904,11932.8,-0.2575539,0.003615021,0.20929928,-0.60125045,0.0111927111943562,15.171249326070182,0,0,0,0
28.71447588602703,38.01796,0.1768473,-0.041238453,-0.1938943,12587.05,-0.21808575,0.0017006102,0.1841402,-0.41238453,0.0101193030675252,15.129899597167991,0,0,0,0
28.77436933517457,37.61805,0.2491878,-0.070526525,-0.23708628,11082.75,-0.31971434,0.004973991,0.26676214,-0.7052652500000001,0.0096894741058349,14.974113559722907,0,0,0,0
28.967117881774925,39.26212,0.21617801,-0.08515902,-0.21518712,11189.2,-0.30133703,0.007252058,0.23458752,-0.8515902,0.0105637062920464,14.902815755208335,0,0,0,0
28.863900438944512,41.10614,0.14934742,-0.014249487,-0.1761658,12232.05,-0.16359691,0.00020304788,0.15147555,-0.14249487,0.0106722672780354,15.035710430145286,0,0,0,0
29.48794962565105,40.84808,0.24510825,-0.09056604,-0.2348888,11111.1,-0.3356743,0.008202207,0.26730672,-0.9056604,0.0105528926849365,14.545388793945335,0,0,0,0
28.967117881774925,41.082214,0.20309769,-0.032867093,-0.21016353,11649.0,-0.23596478,0.0010802457,0.20977291,-0.32867093,0.0105637062920464,14.902815755208335,0,0,0,0
28.887657101949088,42.03755,0.09566565,0.041046206,-0.13592623,12821.75,-0.054619443,0.0016847911,0.09173894,0.41046206,0.0088965702056884,14.813097466362876,0,0,0,0
29.437518374125176,41.550484,0.0834303,0.05926548,-0.118759945,13370.85,-0.024164816,0.003512397,0.07848576,0.5926548,0.0114339447021484,14.832504208882654,0,0,0,0
29.234214401245158,40.374683,0.119201116,0.03728901,-0.15523008,12768.8,-0.08191211,0.0013904701,0.11475623,0.3728901,0.0105792490641276,15.068183570437984,0,0,0,0
29.21082426706954,40.627617,0.11901824,0.033873174,-0.15332532,12787.7,-0.08514507,0.0011473919,0.11498672,0.33873174,0.0117545138465033,14.92827011744184,0,0,0,0
29.25716981887821,40.776302,0.12665938,0.0379092,-0.16115935,12742.7,-0.08875018,0.0014371073,0.12185783,0.379092,0.0098183250427246,14.7552871068319,0,0,0,0
29.21082426706954,38.766506,0.12917465,0.016250296,-0.15329465,11762.7,-0.11292436,0.0002640721,0.12707554,0.16250296,0.0117545138465033,14.92827011744184,0,0,0,0
28.87584997812908,36.7738,0.12571876,-0.108684815,-0.101077594,9824.7,-0.23440357,0.01181239,0.13938248,-1.08684815,0.0109853935241699,15.018158531188988,0,0,0,0
29.507907485961937,36.604607,0.27196437,-0.09737505,-0.25388584,10559.05,-0.3693394,0.0094819,0.2984469,-0.9737505,0.0105171871185302,14.82529443105065,0,0,0,0
29.234214401245158,35.809917,0.16515823,-0.111619174,-0.14285715,10150.15,-0.2767774,0.012458839,0.18359305,-1.11619174,0.0105792490641276,15.068183570437984,0,0,0,0
29.40596796671552,37.54798,0.1777752,-0.05023176,-0.17854665,10895.7,-0.22800697,0.0025232297,0.18670517,-0.5023176,0.011005474726359,14.555287297566757,0,0,0,0
29.383197085062704,40.02092,0.10724239,0.013081701,-0.13184232,12022.7,-0.09416069,0.00017113087,0.105839476,0.1308170099999999,0.0116676606072319,14.912640349070244,0,0,0,0
28.863900438944512,39.923504,0.09504916,0.03314112,-0.13158324,12353.0,-0.061908036,0.0010983339,0.09189912,0.3314112,0.0106722672780354,15.035710430145286,0,0,0,0
29.234214401245158,39.84831,0.10061409,0.040992774,-0.13580379,12469.1,-0.05962132,0.0016804076,0.096489646,0.40992774,0.0105792490641276,15.068183570437984,0,0,0,0
29.425578371683784,39.791912,0.101397775,0.050542306,-0.14234139,11859.95,-0.050855473,0.0025545247,0.0962729,0.50542306,0.0115013901392618,14.729311084747335,0,0,0,0
29.21082426706954,39.207428,0.23861061,-0.07068222,-0.23399265,11336.15,-0.30929282,0.004995976,0.25547615,-0.7068222000000001,0.0117545138465033,14.92827011744184,0,0,0,0
29.3144397099813,39.884197,0.19946869,-0.044118088,-0.20925218,11804.75,-0.24358676,0.0019464057,0.20826887,-0.44118088,0.011785807079739,14.98104512956408,0,0,0,0
29.21082426706954,39.757732,0.19676182,-0.017888071,-0.20805392,12190.3,-0.21464989,0.0003199831,0.2002815,-0.17888071,0.0117545138465033,14.92827011744184,0,0,0,0
29.63563849131268,40.354176,0.23244086,-0.05073577,-0.23614684,11464.85,-0.28317663,0.0025741186,0.24423394,-0.5073577,0.0094514126247829,14.539032554626488,0,0,0,0
29.0171795845032,41.603462,0.1195059,0.011003295,-0.14153627,12646.75,-0.1085026,0.0001210725,0.11819094,0.1100329499999999,0.0095214568244086,14.8354873021444,0,0,0,0
29.498190180460654,41.10956,0.1878752,-0.01927585,-0.20000704,11814.85,-0.20715106,0.00037155836,0.19149666,-0.1927585,0.0103383498390515,14.389676666259788,0,0,0,0
29.425578371683784,40.372974,0.1391154,-0.012045018,-0.17211336,12692.45,-0.15116042,0.00014508248,0.14079104,-0.1204501799999999,0.0115013901392618,14.729311084747335,0,0,0,0
29.21082426706954,40.273853,0.10976533,0.026948094,-0.14592923,12730.35,-0.082817234,0.0007261998,0.106807366,0.26948094,0.0117545138465033,14.92827011744184,0,0,0,0
28.711374537150107,39.31339,0.19400549,-0.05025356,-0.20471668,11770.8,-0.24425904,0.0025254202,0.20375495,-0.5025356000000001,0.0099601470099555,15.083465194702171,0,0,0,0
29.383197085062704,38.94253,0.14524545,0.0042786915,-0.1693662,12066.15,-0.14096676,1.83072e-05,0.144624,0.042786915,0.0116676606072319,14.912640349070244,0,0,0,0
29.214689826965355,40.126877,0.12422968,0.009977022,-0.15371877,12395.85,-0.11425266,9.954098e-05,0.122990236,0.09977022,0.0111927111943562,15.171249326070182,0,0,0,0
29.478845055898063,40.080734,0.11513339,0.019378439,-0.1492294,12401.9,-0.09575495,0.0003755239,0.11290228,0.19378439,0.0112010693550109,14.937810198466025,0,0,0,0
28.863900438944512,37.915417,0.20017636,-0.061699506,-0.20312555,11622.75,-0.26187587,0.003806829,0.21252713,-0.61699506,0.0106722672780354,15.035710430145286,0,0,0,0
29.383197085062704,37.228397,0.15427512,-0.042337157,-0.16961475,11611.85,-0.19661228,0.0017924347,0.1608067,-0.42337157,0.0116676606072319,14.912640349070244,0,0,0,0
29.63563849131268,38.838284,0.19190992,-0.06446324,-0.2065836,12421.25,-0.25637317,0.00415551,0.20428106,-0.6446324000000001,0.0094514126247829,14.539032554626488,0,0,0,0
29.3144397099813,40.14055,0.17177193,-0.0018509072,-0.20315044,11979.95,-0.17362283,3.4258576e-06,0.17208986,-0.018509072,0.011785807079739,14.98104512956408,0,0,0,0
29.478845055898063,40.443043,0.14903758,0.014101308,-0.18252428,12539.25,-0.13493627,0.00019884689,0.14693595,0.14101308,0.0112010693550109,14.937810198466025,0,0,0,0
29.426291084289588,38.802395,0.26106584,-0.11669816,-0.261355,11041.0,-0.37776402,0.01361846,0.29153174,-1.1669816,0.0109315586090087,14.32123548719621,0,0,0,0
29.21082426706954,38.42812,0.23060252,-0.08422577,-0.23323077,11061.7,-0.31482828,0.00709398,0.25002518,-0.8422577,0.0117545138465033,14.92827011744184,0,0,0,0
29.425578371683784,37.886364,0.22014773,-0.08516162,-0.22204,11302.25,-0.30530936,0.007252501,0.23889586,-0.8516161999999999,0.0115013901392618,14.729311084747335,0,0,0,0
28.887657101949088,37.896618,0.1838863,-0.0725255,-0.18899342,11715.45,-0.25641182,0.0052599483,0.19722275,-0.7252550000000001,0.0088965702056884,14.813097466362876,0,0,0,0
29.234214401245158,38.506737,0.1234902,-0.02155208,-0.1409599,11897.05,-0.14504229,0.00046449216,0.12615167,-0.2155208,0.0105792490641276,15.068183570437984,0,0,0,0
29.498190180460654,39.74577,0.11000318,0.022025608,-0.14569344,12107.8,-0.08797757,0.0004851274,0.1075803,0.22025608,0.0103383498390515,14.389676666259788,0,0,0,0
29.507907485961937,42.170853,0.08909317,0.04857652,-0.13024299,12550.8,-0.040516652,0.002359678,0.08476534,0.4857652,0.0105171871185302,14.82529443105065,0,0,0,0
28.863900438944512,42.205032,0.10945325,0.03875273,-0.14197344,12443.4,-0.07070052,0.0015017742,0.10521164,0.3875273,0.0106722672780354,15.035710430145286,0,0,0,0
29.489220873514853,41.63935,0.11839802,-0.00536361,-0.13671625,12764.65,-0.123761624,2.8768312e-05,0.11903305,-0.0536361,0.0117224762174818,14.637499321831626,0,0,0,0
29.437518374125176,41.453068,0.14612788,-0.003978083,-0.16163546,12410.05,-0.15010595,1.5825144e-05,0.14670919,-0.03978083,0.0114339447021484,14.832504208882654,0,0,0,0
29.63563849131268,41.69233,0.09914602,0.060827177,-0.13398406,12193.0,-0.03831885,0.0036999455,0.093115255,0.60827177,0.0094514126247829,14.539032554626488,0,0,0,0
29.53638579050701,41.548775,0.10306809,0.052797146,-0.14184138,12227.1,-0.050270945,0.0027875386,0.09762639,0.5279714600000001,0.0099408562978108,14.67159852981571,0,0,0,0
28.77436933517457,41.256535,0.12839183,0.028968284,-0.16039911,11835.65,-0.09942354,0.0008391615,0.12467254,0.28968284,0.0096894741058349,14.974113559722907,0,0,0,0
28.967117881774925,41.23944,0.167905,0.004688259,-0.17812066,12466.75,-0.16321674,2.1979775e-05,0.16711782,0.04688259,0.0105637062920464,14.902815755208335,0,0,0,0
29.437518374125176,42.28023,0.113174126,0.024604771,-0.14250122,13103.1,-0.08856935,0.0006053948,0.1103895,0.24604771,0.0114339447021484,14.832504208882654,0,0,0,0
28.967117881774925,42.649376,0.13025264,0.0089974655,-0.15210195,13154.4,-0.12125518,8.095439e-05,0.1290807,0.0899746549999999,0.0105637062920464,14.902815755208335,0,0,0,0
29.426291084289588,42.36568,0.21604578,-0.03308925,-0.21727645,11810.7,-0.24913503,0.0010948986,0.22319458,-0.3308925,0.0109315586090087,14.32123548719621,0,0,0,0
28.87584997812908,40.774593,0.21981873,-0.028201398,-0.22186483,11682.75,-0.24802013,0.0007953188,0.22601792,-0.28201398,0.0109853935241699,15.018158531188988,0,0,0,0
29.234214401245158,40.91302,0.18017067,-0.007831179,-0.19386077,12296.55,-0.18800184,6.132736e-05,0.18158162,-0.07831179,0.0105792490641276,15.068183570437984,0,0,0,0
29.40596796671552,41.19159,0.14212741,-0.0014225151,-0.165683,13121.7,-0.14354993,2.0235493e-06,0.14232959,-0.014225151,0.011005474726359,14.555287297566757,0,0,0,0
28.967117881774925,40.89593,0.15119945,-0.012593209,-0.16566437,12746.3,-0.16379265,0.00015858891,0.15310353,-0.12593209,0.0105637062920464,14.902815755208335,0,0,0,0
28.81987374623617,39.26041,0.16019188,0.0021157623,-0.17497376,11955.25,-0.15807611,4.4764506e-06,0.15985294,0.021157623,0.0110777473449707,15.02515818277996,0,0,0,0
29.437518374125176,39.44669,0.19709547,-0.027813086,-0.19107074,11775.25,-0.22490856,0.00077356776,0.20257731,-0.27813086,0.0114339447021484,14.832504208882654,0,0,0,0
29.234214401245158,40.892513,0.154846,-0.002621855,-0.17400359,11896.3,-0.15746786,6.8741233e-06,0.15525198,-0.02621855,0.0105792490641276,15.068183570437984,0,0,0,0
29.53638579050701,43.291965,0.17962226,-0.0158043,-0.18794645,12049.05,-0.19542657,0.00024977588,0.18246107,-0.158043,0.0099408562978108,14.67159852981571,0,0,0,0
28.967117881774925,44.79931,0.14343607,0.014678899,-0.16144562,12355.55,-0.12875718,0.00021547008,0.1413306,0.14678899,0.0105637062920464,14.902815755208335,0,0,0,0
28.71447588602703,43.738014,0.2160348,-0.04182742,-0.2169654,11920.75,-0.2578622,0.0017495331,0.22507098,-0.4182742,0.0101193030675252,15.129899597167991,0,0,0,0
28.81987374623617,37.37537,4.7034475e-05,-0.05791621,0.0049606888,10440.0,-0.057963245,0.0033542875,4.9758535e-05,-0.5791621,0.0110777473449707,15.02515818277996,0,0,0,0
29.43544333775841,38.904934,0.18440172,-0.08100088,-0.17051788,10540.5,-0.2654026,0.0065611424,0.19933842,-0.8100088,0.0112120342254638,14.495665486653678,0,0,0,0
28.967117881774925,39.75944,0.20263551,-0.0353673,-0.21918382,11678.75,-0.23800282,0.0012508458,0.2098022,-0.3536729999999999,0.0105637062920464,14.902815755208335,0,0,0,0
29.25716981887821,39.773113,0.22979167,-0.06722512,-0.23472197,11447.7,-0.2970168,0.0045192167,0.24523944,-0.6722512,0.0098183250427246,14.7552871068319,0,0,0,0
29.3144397099813,41.19159,0.16420145,-0.013273681,-0.19168583,12093.55,-0.17747514,0.0001761906,0.16638102,-0.13273681,0.011785807079739,14.98104512956408,0,0,0,0
29.48794962565105,41.48212,0.18923804,-0.04263554,-0.20225607,11746.7,-0.23187359,0.0018177894,0.1973063,-0.4263554,0.0105528926849365,14.545388793945335,0,0,0,0
29.214689826965355,42.100784,0.17774618,-0.018197598,-0.191462,12319.95,-0.19594377,0.0003311526,0.18098073,-0.1819759799999999,0.0111927111943562,15.171249326070182,0,0,0,0
28.967117881774925,42.234085,0.19293837,-0.0313545,-0.20537145,12301.8,-0.22429287,0.0009831048,0.19898786,-0.313545,0.0105637062920464,14.902815755208335,0,0,0,0
29.507907485961937,42.586143,0.16590554,-0.019930534,-0.1863437,12179.5,-0.18583606,0.0003972262,0.16921212,-0.19930534,0.0105171871185302,14.82529443105065,0,0,0,0
29.489220873514853,43.373997,0.10541679,0.007595016,-0.13349105,12402.95,-0.09782177,5.7684272e-05,0.10461615,0.0759501599999999,0.0117224762174818,14.637499321831626,0,0,0,0
29.63563849131268,42.85275,0.12327528,0.011014599,-0.14980319,12280.65,-0.11226068,0.0001213214,0.12191745,0.11014599,0.0094514126247829,14.539032554626488,0,0,0,0
29.234214401245158,42.046097,0.12161743,0.0024068311,-0.14708267,12425.2,-0.1192106,5.792836e-06,0.12132472,0.024068311,0.0105792490641276,15.068183570437984,0,0,0,0
29.21082426706954,42.114456,0.13750085,0.008062842,-0.16031832,12462.6,-0.12943801,6.500943e-05,0.1363922,0.08062842,0.0117545138465033,14.92827011744184,0,0,0,0
29.498190180460654,41.7248,0.15217598,-0.010142213,-0.17910182,13118.3,-0.16231818,0.000102864484,0.15371938,-0.10142213,0.0103383498390515,14.389676666259788,0,0,0,0
29.25716981887821,42.146927,0.18742491,-0.034539692,-0.20093778,12090.55,-0.22196461,0.0011929903,0.19389851,-0.34539692,0.0098183250427246,14.7552871068319,0,0,0,0
28.87584997812908,41.904247,0.19098961,-0.02913985,-0.1996057,12364.8,-0.22012946,0.0008491309,0.19655502,-0.2913985,0.0109853935241699,15.018158531188988,0,0,0,0
28.87584997812908,42.430622,0.15447703,-0.01496966,-0.16660415,12512.1,-0.16944669,0.00022409072,0.1567895,-0.1496965999999999,0.0109853935241699,15.018158531188988,0,0,0,0
29.48794962565105,42.767296,0.19454522,-0.026141882,-0.21407054,12409.5,-0.2206871,0.0006833979,0.19963099,-0.26141882,0.0105528926849365,14.545388793945335,0,0,0,0
29.53638579050701,42.437458,0.1454241,0.0009965462,-0.17762543,13215.85,-0.14442755,9.931043e-07,0.14527917,0.009965462,0.0099408562978108,14.67159852981571,0,0,0,0
29.437518374125176,42.671593,0.10885192,0.034291554,-0.15780284,14266.0,-0.07456037,0.0011759107,0.10511922,0.34291554,0.0114339447021484,14.832504208882654,0,0,0,0
29.13729852040612,42.938198,0.12153841,0.035414394,-0.16192198,12777.6,-0.08612402,0.0012541794,0.1172342,0.35414394,0.0113369719187418,14.88310012817385,0,0,0,0
29.53638579050701,43.621803,0.14256127,0.0131775085,-0.17498802,12124.6,-0.12938376,0.00017364674,0.14068267,0.131775085,0.0099408562978108,14.67159852981571,0,0,0,0
29.498190180460654,44.88818,0.12847866,0.048453722,-0.18347895,12773.75,-0.080024935,0.002347763,0.12225339,0.48453722,0.0103383498390515,14.389676666259788,0,0,0,0
29.587538973490425,43.182587,0.16202016,-0.021836953,-0.17974736,12177.25,-0.18385711,0.0004768525,0.16555819,-0.2183695299999999,0.011531532605489,14.80689392089846,0,0,0,0
28.71447588602703,42.406696,0.15063004,-0.012182302,-0.17449099,11895.05,-0.16281234,0.00014840848,0.15246506,-0.12182302,0.0101193030675252,15.129899597167991,0,0,0,0
29.40596796671552,42.357136,0.1097647,0.039879676,-0.14740795,12401.65,-0.06988503,0.0015903886,0.10538732,0.39879676,0.011005474726359,14.555287297566757,0,0,0,0
29.21082426706954,42.630577,0.08562336,0.06711135,-0.1341795,14377.2,-0.018512014,0.0045039332,0.07987706,0.6711135,0.0117545138465033,14.92827011744184,0,0,0,0
28.711374537150107,43.724342,0.0944541,0.06337734,-0.15012094,13865.4,-0.031076757,0.0040166876,0.08846785,0.6337734,0.0099601470099555,15.083465194702171,0,0,0,0
29.13729852040612,43.238983,0.09616854,0.048847154,-0.14771336,13578.85,-0.047321387,0.0023860445,0.09147098,0.48847154,0.0113369719187418,14.88310012817385,0,0,0,0
28.81987374623617,42.17256,0.13109334,0.021514617,-0.16040637,12936.25,-0.10957872,0.0004628788,0.12827292,0.21514617,0.0110777473449707,15.02515818277996,0,0,0,0
29.3144397099813,41.43256,0.2098795,-0.02794075,-0.22117177,11752.95,-0.23782025,0.00078068546,0.21574369,-0.2794075,0.011785807079739,14.98104512956408,0,0,0,0
28.967117881774925,41.940136,0.1976432,-0.012258369,-0.20796117,11661.8,-0.20990157,0.0001502676,0.20006599,-0.12258369,0.0105637062920464,14.902815755208335,0,0,0,0
29.21082426706954,41.143738,0.17643851,-0.017657636,-0.19764094,12004.85,-0.19409615,0.00031179213,0.179554,-0.17657636,0.0117545138465033,14.92827011744184,0,0,0,0
29.0171795845032,41.65473,0.17966785,-0.028054627,-0.19830063,11795.85,-0.20772247,0.0007870621,0.18470836,-0.28054627,0.0095214568244086,14.8354873021444,0,0,0,0
28.967117881774925,42.070023,0.18344352,-0.029981935,-0.20155135,11708.45,-0.21342544,0.00089891645,0.1889435,-0.29981935,0.0105637062920464,14.902815755208335,0,0,0,0
29.214689826965355,41.64277,0.16987526,-0.007310469,-0.18913256,11819.8,-0.17718573,5.344296e-05,0.17111713,-0.07310469,0.0111927111943562,15.171249326070182,0,0,0,0
29.437518374125176,41.758984,0.16878296,-0.016121492,-0.19076064,11871.8,-0.18490446,0.0002599025,0.17150399,-0.16121492,0.0114339447021484,14.832504208882654,0,0,0,0
29.437518374125176,40.793392,0.19856414,-0.03298018,-0.21600357,11884.45,-0.23154433,0.0010876924,0.20511283,-0.3298018,0.0114339447021484,14.832504208882654,0,0,0,0
28.863900438944512,42.30074,0.20957555,-0.043684628,-0.22321996,11784.4,-0.25326017,0.0019083467,0.21873078,-0.43684628,0.0106722672780354,15.035710430145286,0,0,0,0
29.21082426706954,42.538292,0.16338184,-0.0123859765,-0.19037095,12272.25,-0.17576781,0.0001534124,0.16540548,-0.123859765,0.0117545138465033,14.92827011744184,0,0,0,0
28.967117881774925,43.50217,0.1901832,-0.014539204,-0.20944773,11869.1,-0.20472242,0.00021138844,0.19294833,-0.14539204,0.0105637062920464,14.902815755208335,0,0,0,0
29.214689826965355,42.3315,0.17803976,-0.052542556,-0.2011933,11815.45,-0.23058231,0.0027607202,0.18739443,-0.52542556,0.0111927111943562,15.171249326070182,0,0,0,0
29.587538973490425,41.478703,0.20034628,-0.042685892,-0.21384187,11867.45,-0.24303217,0.0018220855,0.20889823,-0.42685892,0.011531532605489,14.80689392089846,0,0,0,0
28.967117881774925,40.836117,0.20675543,-0.03807246,-0.21773224,11636.55,-0.24482788,0.0014495123,0.21462712,-0.3807246,0.0105637062920464,14.902815755208335,0,0,0,0
29.214689826965355,40.822445,0.20078391,-0.020064857,-0.21540691,11829.5,-0.22084877,0.00040259844,0.20481262,-0.2006485699999999,0.0111927111943562,15.171249326070182,0,0,0,0
29.214689826965355,41.383,0.10426831,0.04153516,-0.14553557,13806.8,-0.06273315,0.0017251697,0.09993751,0.4153516,0.0111927111943562,15.171249326070182,0,0,0,0
29.214689826965355,41.533394,0.161205,-0.0069103944,-0.18193905,12527.5,-0.16811538,4.775355e-05,0.16231897,-0.069103944,0.0111927111943562,15.171249326070182,0,0,0,0
29.426291084289588,41.543648,0.15687135,0.007379302,-0.1824587,12707.35,-0.14949206,5.4454093e-05,0.15571375,0.07379302,0.0109315586090087,14.32123548719621,0,0,0,0
29.40596796671552,41.394962,0.16795023,0.0027852755,-0.20294423,12089.0,-0.16516495,7.757759e-06,0.16748244,0.027852755,0.011005474726359,14.555287297566757,0,0,0,0
29.21082426706954,40.81219,0.16901627,0.0045256848,-0.19533497,11910.05,-0.16449058,2.0481823e-05,0.16825135,0.0452568479999999,0.0117545138465033,14.92827011744184,0,0,0,0
29.383197085062704,41.518013,0.1691569,0.0019758183,-0.20114994,11818.35,-0.16718107,3.903858e-06,0.16882268,0.019758183,0.0116676606072319,14.912640349070244,0,0,0,0
29.13729852040612,42.269978,0.15068257,0.012177979,-0.1882242,11946.9,-0.1385046,0.00014830317,0.14884757,0.12177979,0.0113369719187418,14.88310012817385,0,0,0,0
29.43544333775841,40.853207,0.20901632,-0.0559946,-0.22319984,11409.55,-0.26501092,0.003135395,0.22072011,-0.5599459999999999,0.0112120342254638,14.495665486653678,0,0,0,0
29.21082426706954,40.451588,0.20473194,-0.052229222,-0.23062953,11618.9,-0.25696117,0.0027278918,0.21542494,-0.52229222,0.0117545138465033,14.92827011744184,0,0,0,0
29.214689826965355,41.43427,0.14237007,0.0061719147,-0.17970695,12032.6,-0.13619816,3.8092534e-05,0.14149138,0.061719147,0.0111927111943562,15.171249326070182,0,0,0,0
28.887657101949088,41.495792,0.16811116,0.00586897,-0.19053155,12091.05,-0.16224219,3.4444805e-05,0.16712451,0.0586897,0.0088965702056884,14.813097466362876,0,0,0,0
29.214689826965355,41.326603,0.18056843,-0.029235987,-0.19249916,11167.7,-0.20980442,0.000854743,0.18584752,-0.29235987,0.0111927111943562,15.171249326070182,0,0,0,0
28.711374537150107,41.289005,0.17546129,-0.004626262,-0.19273883,12089.6,-0.18008755,2.14023e-05,0.17627302,-0.04626262,0.0099601470099555,15.083465194702171,0,0,0,0
29.40596796671552,41.196716,0.18089765,-0.012881078,-0.19500121,12009.0,-0.19377872,0.00016592216,0.1832278,-0.12881078,0.011005474726359,14.555287297566757,0,0,0,0
29.437518374125176,41.456486,0.17698368,0.011388646,-0.19640335,11702.2,-0.16559504,0.00012970128,0.17496808,0.11388646,0.0114339447021484,14.832504208882654,0,0,0,0
29.383197085062704,41.50776,0.19788918,-0.021325754,-0.20790264,11439.4,-0.21921493,0.00045478778,0.20210932,-0.21325754,0.0116676606072319,14.912640349070244,0,0,0,0
29.437518374125176,41.586372,0.16156302,-0.007863675,-0.17591001,11343.05,-0.1694267,6.183738e-05,0.1628335,-0.07863675,0.0114339447021484,14.832504208882654,0,0,0,0
29.234214401245158,42.05635,0.15727371,0.0,-0.17607653,11474.85,-0.15727371,0.0,0.15727371,0.0,0.0105792490641276,15.068183570437984,0,0,0,0
28.967117881774925,41.702583,0.17473519,-0.007609882,-0.19080669,11523.25,-0.18234506,5.7910307e-05,0.1760649,-0.07609882,0.0105637062920464,14.902815755208335,0,0,0,0
29.3144397099813,41.67353,0.13844946,0.026193345,-0.16332556,11832.15,-0.11225612,0.00068609137,0.13482301,0.26193345,0.011785807079739,14.98104512956408,0,0,0,0
28.887657101949088,40.57293,0.17841421,-0.02523207,-0.20124091,11294.05,-0.20364629,0.0006366573,0.18291597,-0.2523207,0.0088965702056884,14.813097466362876,0,0,0,0
29.437518374125176,41.512886,0.1781016,-0.0060479604,-0.20666642,11469.65,-0.18414955,3.6577825e-05,0.17917874,-0.060479604,0.0114339447021484,14.832504208882654,0,0,0,0
29.425578371683784,41.475285,0.16629362,-0.008223237,-0.19284628,11772.1,-0.17451687,6.762162e-05,0.1676611,-0.08223237,0.0115013901392618,14.729311084747335,0,0,0,0
29.234214401245158,41.22235,0.12526685,0.025568394,-0.15878306,12281.0,-0.09969846,0.00065374275,0.12206398,0.25568394,0.0105792490641276,15.068183570437984,0,0,0,0
28.967117881774925,41.35053,0.1302825,0.008992674,-0.17343353,12491.0,-0.121289834,8.086819e-05,0.12911092,0.08992674,0.0105637062920464,14.902815755208335,0,0,0,0
28.71447588602703,41.668404,0.13887915,0.0013223852,-0.16674452,12008.9,-0.13755676,1.7487026e-06,0.1386955,0.013223852,0.0101193030675252,15.129899597167991,0,0,0,0
29.214689826965355,42.220413,0.13833854,0.0041567604,-0.15975063,12097.6,-0.13418177,1.7278659e-05,0.1377635,0.041567604,0.0111927111943562,15.171249326070182,0,0,0,0
28.87584997812908,43.049286,0.11044923,0.021189338,-0.13548388,12280.15,-0.0892599,0.000448988,0.108108886,0.21189338,0.0109853935241699,15.018158531188988,0,0,0,0
29.426291084289588,43.165497,0.11061963,0.022312874,-0.1358202,12314.9,-0.08830675,0.0004978644,0.10815138,0.22312874,0.0109315586090087,14.32123548719621,0,0,0,0
28.887657101949088,43.064667,0.15304756,0.004762173,-0.17879313,12714.5,-0.14828539,2.2678292e-05,0.15231873,0.04762173,0.0088965702056884,14.813097466362876,0,0,0,0
29.0171795845032,42.521202,0.19050145,-0.024212183,-0.20426422,11914.75,-0.21471363,0.00058622984,0.1951139,-0.24212183,0.0095214568244086,14.8354873021444,0,0,0,0
28.87584997812908,41.69062,0.1875378,-0.02414163,-0.20298277,11808.75,-0.21167943,0.00058281835,0.19206527,-0.2414163,0.0109853935241699,15.018158531188988,0,0,0,0
29.21082426706954,41.167664,0.15301211,-0.00799926,-0.18420337,11754.85,-0.16101137,6.398816e-05,0.1542361,-0.0799926,0.0117545138465033,14.92827011744184,0,0,0,0
29.21082426706954,40.972836,0.1914829,-0.019372733,-0.20972416,11981.7,-0.21085563,0.0003753028,0.19519244,-0.19372733,0.0117545138465033,14.92827011744184,0,0,0,0
28.71447588602703,41.48554,0.13336284,0.019046597,-0.16642372,11881.15,-0.11431624,0.00036277287,0.13082273,0.1904659699999999,0.0101193030675252,15.129899597167991,0,0,0,0
29.3144397099813,41.143738,0.17924461,-0.008568045,-0.1939108,11474.3,-0.18781266,7.3411386e-05,0.18078038,-0.0856804499999999,0.011785807079739,14.98104512956408,0,0,0,0
28.967117881774925,41.001892,0.17894956,-0.003456936,-0.19681433,11818.8,-0.1824065,1.1950407e-05,0.17956817,-0.03456936,0.0105637062920464,14.902815755208335,0,0,0,0
29.21082426706954,40.776302,0.15715536,0.03545943,-0.18514507,12520.65,-0.12169594,0.0012573712,0.15158273,0.3545943,0.0117545138465033,14.92827011744184,0,0,0,0
29.40596796671552,40.7951,0.16815308,0.002640293,-0.18835491,12075.1,-0.16551279,6.971147e-06,0.16770911,0.02640293,0.011005474726359,14.555287297566757,0,0,0,0
29.0171795845032,40.355885,0.19316399,-0.015678216,-0.20761698,11819.25,-0.2088422,0.0002458064,0.19619246,-0.1567821599999999,0.0095214568244086,14.8354873021444,0,0,0,0
29.425578371683784,40.595146,0.19305825,-0.014868703,-0.20168324,11464.75,-0.20792696,0.00022107833,0.19592878,-0.14868703,0.0115013901392618,14.729311084747335,0,0,0,0
29.425578371683784,40.576347,0.15940353,0.010973531,-0.18941537,12498.65,-0.14843,0.000120418386,0.15765432,0.10973531,0.0115013901392618,14.729311084747335,0,0,0,0
29.437518374125176,40.319996,0.18287107,-0.008524709,-0.19837064,11521.55,-0.19139577,7.267067e-05,0.18442999,-0.08524709,0.0114339447021484,14.832504208882654,0,0,0,0
29.489220873514853,40.41399,0.15917967,0.005160184,-0.18479048,11427.75,-0.15401949,2.6627498e-05,0.15835828,0.0516018399999999,0.0117224762174818,14.637499321831626,0,0,0,0
28.71447588602703,40.05339,0.21351346,-0.04665423,-0.22942114,11499.15,-0.2601677,0.0021766175,0.22347477,-0.4665422999999999,0.0101193030675252,15.129899597167991,0,0,0,0
29.234214401245158,39.892742,0.18836902,-0.024928423,-0.21363911,11602.8,-0.21329744,0.00062142627,0.19306476,-0.24928423,0.0105792490641276,15.068183570437984,0,0,0,0
29.48794962565105,40.302906,0.2110128,-0.034521807,-0.22003862,11245.2,-0.2455346,0.0011917551,0.21829733,-0.34521807,0.0105528926849365,14.545388793945335,0,0,0,0
29.13729852040612,40.63787,0.18731834,-0.01479857,-0.20770901,11333.6,-0.2021169,0.0002189977,0.19009037,-0.1479857,0.0113369719187418,14.88310012817385,0,0,0,0
29.437518374125176,40.55413,0.15455633,0.0027609395,-0.17893547,11662.45,-0.15179539,7.6227875e-06,0.15412961,0.027609395,0.0114339447021484,14.832504208882654,0,0,0,0
28.71447588602703,40.714775,0.16866098,-0.0031279137,-0.18791181,11834.45,-0.17178889,9.783844e-06,0.16918853,-0.031279137,0.0101193030675252,15.129899597167991,0,0,0,0
28.711374537150107,39.44327,0.19136702,-0.013651465,-0.20412593,11533.9,-0.20501848,0.0001863625,0.19397944,-0.13651465,0.0099601470099555,15.083465194702171,0,0,0,0
29.383197085062704,39.721844,0.12362992,0.03620397,-0.15572624,12328.85,-0.08742595,0.0013107274,0.11915403,0.3620397,0.0116676606072319,14.912640349070244,0,0,0,0
29.478845055898063,40.183273,0.13741739,0.030596402,-0.1666514,11819.3,-0.10682099,0.0009361398,0.13321292,0.30596402,0.0112010693550109,14.937810198466025,0,0,0,0
29.25716981887821,40.425953,0.15770358,0.003867694,-0.1853461,11542.15,-0.1538359,1.4959056e-05,0.15709363,0.03867694,0.0098183250427246,14.7552871068319,0,0,0,0
28.87584997812908,41.15741,0.13660698,0.02053478,-0.17574793,13468.1,-0.1160722,0.00042167716,0.13380179,0.2053478,0.0109853935241699,15.018158531188988,0,0,0,0
29.437518374125176,41.07196,0.14988169,0.0051921643,-0.18281753,13170.25,-0.14468953,2.695857e-05,0.14910348,0.0519216429999999,0.0114339447021484,14.832504208882654,0,0,0,0
28.863900438944512,40.292652,0.19345716,-0.046570655,-0.20909502,12252.35,-0.24002782,0.0021688258,0.20246658,-0.46570655,0.0106722672780354,15.035710430145286,0,0,0,0
28.887657101949088,40.048264,0.15519772,0.009723066,-0.18188882,12267.65,-0.14547467,9.4538016e-05,0.15368873,0.09723066,0.0088965702056884,14.813097466362876,0,0,0,0
28.711374537150107,40.22258,0.11576216,0.04019385,-0.15044622,12477.65,-0.07556831,0.0016155454,0.111109234,0.4019385,0.0099601470099555,15.083465194702171,0,0,0,0
28.711374537150107,40.15422,0.12595034,0.030607263,-0.15636204,11971.55,-0.09534308,0.0009368045,0.12209535,0.30607263,0.0099601470099555,15.083465194702171,0,0,0,0
29.43544333775841,39.993576,0.16851576,-0.007357224,-0.18751808,11650.5,-0.17587298,5.4128745e-05,0.16975556,-0.07357224,0.0112120342254638,14.495665486653678,0,0,0,0
29.25716981887821,41.05658,0.20064409,0.01160577,-0.21418425,11804.75,-0.18903832,0.00013469391,0.19831546,0.1160577,0.0098183250427246,14.7552871068319,0,0,0,0
28.87584997812908,41.41718,0.17818645,0.01910974,-0.19727725,11913.8,-0.1590767,0.0003651822,0.17478135,0.1910974,0.0109853935241699,15.018158531188988,0,0,0,0
29.21082426706954,41.218933,0.122018434,0.036775324,-0.15158862,11913.15,-0.085243106,0.0013524244,0.117531165,0.36775324,0.0117545138465033,14.92827011744184,0,0,0,0
28.863900438944512,41.582954,0.12053723,0.03462071,-0.16094889,11827.75,-0.08591652,0.0011985936,0.116364144,0.3462071,0.0106722672780354,15.035710430145286,0,0,0,0
29.25716981887821,41.888866,0.17115335,0.013144852,-0.1934122,12066.75,-0.1580085,0.00017278713,0.16890357,0.13144852,0.0098183250427246,14.7552871068319,0,0,0,0
29.21082426706954,41.177917,0.13518095,0.025282234,-0.1639763,12174.7,-0.10989872,0.00063919136,0.13176328,0.25282234,0.0117545138465033,14.92827011744184,0,0,0,0
29.13729852040612,41.068542,0.13396361,0.022135397,-0.15931721,11878.1,-0.111828215,0.0004899758,0.13099827,0.22135397,0.0113369719187418,14.88310012817385,0,0,0,0
28.967117881774925,41.19159,0.13109507,0.029153453,-0.16527809,12345.3,-0.101941615,0.0008499239,0.1272732,0.29153453,0.0105637062920464,14.902815755208335,0,0,0,0
28.711374537150107,40.95062,0.16660605,0.0052272524,-0.18789674,11956.55,-0.1613788,2.732417e-05,0.16573517,0.052272524,0.0099601470099555,15.083465194702171,0,0,0,0
28.77436933517457,42.119583,0.124265954,0.03214318,-0.16382377,11988.65,-0.09212278,0.001033184,0.12027165,0.3214318,0.0096894741058349,14.974113559722907,0,0,0,0
29.63563849131268,41.119812,0.11311005,0.04085396,-0.14664659,12285.35,-0.07225609,0.0016690461,0.10848905,0.4085396,0.0094514126247829,14.539032554626488,0,0,0,0
29.425578371683784,41.147156,0.1843923,-0.011088271,-0.201712,11624.25,-0.19548057,0.00012294976,0.18643689,-0.11088271,0.0115013901392618,14.729311084747335,0,0,0,0
29.383197085062704,41.71113,0.15795527,0.0031873742,-0.17886879,11606.3,-0.1547679,1.0159355e-05,0.15745182,0.031873742,0.0116676606072319,14.912640349070244,0,0,0,0
29.53638579050701,41.12323,0.12639654,0.030468162,-0.14966646,11516.4,-0.095928386,0.0009283089,0.12254547,0.30468162,0.0099408562978108,14.67159852981571,0,0,0,0
29.21082426706954,40.759212,0.1393336,0.01932761,-0.15392864,11508.0,-0.120005995,0.0003735565,0.13664062,0.1932760999999999,0.0117545138465033,14.92827011744184,0,0,0,0
28.711374537150107,41.24286,0.17663327,-0.010549369,-0.19317478,11473.8,-0.18718264,0.00011128919,0.17849663,-0.10549369,0.0099601470099555,15.083465194702171,0,0,0,0
29.25716981887821,41.71113,0.14740479,0.019463377,-0.17873599,11898.3,-0.12794141,0.00037882305,0.1445358,0.19463377,0.0098183250427246,14.7552871068319,0,0,0,0
29.498190180460654,40.98138,0.17373748,-0.012366136,-0.19281247,11593.85,-0.18610361,0.00015292132,0.17588595,-0.12366136,0.0103383498390515,14.389676666259788,0,0,0,0
29.234214401245158,41.077087,0.18303111,0.007962227,-0.2023103,11683.85,-0.17506889,6.339706e-05,0.18157378,0.07962227,0.0105792490641276,15.068183570437984,0,0,0,0
29.507907485961937,40.740414,0.15308954,0.024788603,-0.1740494,11672.3,-0.12830094,0.0006144749,0.14929466,0.2478860299999999,0.0105171871185302,14.82529443105065,0,0,0,0
29.234214401245158,41.598335,0.14949045,0.016662203,-0.17143111,12073.5,-0.13282825,0.00027762903,0.14699961,0.16662203,0.0105792490641276,15.068183570437984,0,0,0,0
28.81987374623617,41.17279,0.14809756,0.013699465,-0.17001392,11865.15,-0.1343981,0.00018767534,0.1460687,0.13699465,0.0110777473449707,15.02515818277996,0,0,0,0
29.21082426706954,39.579994,0.21965681,-0.007810023,-0.23201042,11438.9,-0.22746684,6.0996466e-05,0.22137234,-0.07810023,0.0117545138465033,14.92827011744184,0,0,0,0
29.21082426706954,39.73039,0.22055547,-0.007793713,-0.23264468,11356.95,-0.22834918,6.074196e-05,0.22227441,-0.07793713,0.0117545138465033,14.92827011744184,0,0,0,0
29.587538973490425,40.44475,0.20093867,0.000670339,-0.22030038,11476.0,-0.20026833,4.4935433e-07,0.20080398,0.00670339,0.011531532605489,14.80689392089846,0,0,0,0
28.87584997812908,40.719902,0.17020227,0.011681918,-0.18417987,11411.05,-0.15852036,0.00013646722,0.16821398,0.11681918,0.0109853935241699,15.018158531188988,0,0,0,0
29.48794962565105,41.017273,0.15732707,0.021969033,-0.18238327,12031.1,-0.13535804,0.00048263842,0.15387075,0.21969033,0.0105528926849365,14.545388793945335,0,0,0,0
28.87584997812908,40.550713,0.16709104,0.003393715,-0.19638102,11928.8,-0.16369733,1.1517302e-05,0.166524,0.03393715,0.0109853935241699,15.018158531188988,0,0,0,0
29.425578371683784,38.72549,0.20693094,-0.0227233,-0.22838448,11586.1,-0.22965424,0.00051634834,0.21163309,-0.227233,0.0115013901392618,14.729311084747335,0,0,0,0
28.81987374623617,38.13417,0.17986676,0.0073876986,-0.19788215,12158.6,-0.17247906,5.457809e-05,0.17853796,0.073876986,0.0110777473449707,15.02515818277996,0,0,0,0
29.425578371683784,38.045303,0.16270013,0.016201373,-0.18845601,11475.8,-0.14649875,0.00026248448,0.16006416,0.16201373,0.0115013901392618,14.729311084747335,0,0,0,0
29.43544333775841,38.106827,0.1657111,0.008189209,-0.19150448,11839.3,-0.1575219,6.706315e-05,0.16435407,0.08189209,0.0112120342254638,14.495665486653678,0,0,0,0
28.863900438944512,39.077545,0.20264845,-0.044057846,-0.2073257,11523.2,-0.24670629,0.0019410938,0.2115767,-0.44057846,0.0106722672780354,15.035710430145286,0,0,0,0
29.234214401245158,40.625908,0.17661728,-0.0273455,-0.19609305,11180.8,-0.20396279,0.0007477764,0.18144697,-0.273455,0.0105792490641276,15.068183570437984,0,0,0,0
29.383197085062704,39.809002,0.17235978,0.010064991,-0.1994843,12007.9,-0.16229478,0.000101304046,0.17062497,0.10064991,0.0116676606072319,14.912640349070244,0,0,0,0
29.40596796671552,38.899807,0.22225247,-0.0183416,-0.23028974,11712.2,-0.24059407,0.00033641435,0.22632894,-0.183416,0.011005474726359,14.555287297566757,0,0,0,0
28.967117881774925,38.995514,0.21834254,-0.022124713,-0.21080567,11024.6,-0.24046725,0.00048950297,0.2231733,-0.22124713,0.0105637062920464,14.902815755208335,0,0,0,0
28.887657101949088,39.32706,0.19941185,-0.023664396,-0.22082457,11452.8,-0.22307624,0.0005600036,0.20413081,-0.23664396,0.0088965702056884,14.813097466362876,0,0,0,0
28.87584997812908,39.61759,0.23458591,-0.04087847,-0.22241087,11032.6,-0.2754644,0.0016710495,0.24417543,-0.4087847,0.0109853935241699,15.018158531188988,0,0,0,0
29.48794962565105,39.641518,0.19537815,-0.03039266,-0.2009709,11689.2,-0.22577082,0.0009237138,0.20131621,-0.3039266,0.0105528926849365,14.545388793945335,0,0,0,0
29.383197085062704,40.15422,0.13146977,0.010498141,-0.15575935,12466.2,-0.12097163,0.00011021097,0.13008958,0.10498141,0.0116676606072319,14.912640349070244,0,0,0,0
29.489220873514853,40.390064,0.16738482,0.0010211028,-0.19478934,12378.6,-0.16636372,1.0426509e-06,0.1672139,0.0102110279999999,0.0117224762174818,14.637499321831626,0,0,0,0
29.425578371683784,40.615654,0.22838534,-0.055243015,-0.22252297,11225.6,-0.28362834,0.0030517906,0.24100204,-0.55243015,0.0115013901392618,14.729311084747335,0,0,0,0
29.21082426706954,39.918377,0.17008169,-0.011973897,-0.18351771,11978.0,-0.18205558,0.0001433742,0.17211822,-0.11973897,0.0117545138465033,14.92827011744184,0,0,0,0
29.383197085062704,38.951077,0.20172921,-0.048503064,-0.21278843,11946.3,-0.25023228,0.0023525474,0.21151368,-0.4850306399999999,0.0116676606072319,14.912640349070244,0,0,0,0
28.967117881774925,39.17325,0.24085854,-0.08287818,-0.24073192,11565.5,-0.3237367,0.006868792,0.26082045,-0.8287818,0.0105637062920464,14.902815755208335,0,0,0,0
28.87584997812908,40.44817,0.21933821,-0.07040332,-0.22084717,11358.3,-0.28974152,0.0049566277,0.23478034,-0.7040332,0.0109853935241699,15.018158531188988,0,0,0,0
28.967117881774925,40.84808,0.21101677,-0.023331778,-0.23055342,11536.0,-0.23434855,0.00054437184,0.21594018,-0.23331778,0.0105637062920464,14.902815755208335,0,0,0,0
29.489220873514853,42.153763,0.15720238,0.0013373354,-0.18998548,11940.3,-0.15586504,1.7884661e-06,0.15699215,0.013373354,0.0117224762174818,14.637499321831626,0,0,0,0
29.40596796671552,41.579536,0.15699492,0.006860347,-0.1831006,11931.6,-0.15013458,4.7064364e-05,0.15591788,0.06860347,0.011005474726359,14.555287297566757,0,0,0,0
29.507907485961937,41.719673,0.19061863,-0.03617808,-0.21684152,11809.8,-0.2267967,0.0013088535,0.19751485,-0.3617808,0.0105171871185302,14.82529443105065,0,0,0,0
29.53638579050701,42.42037,0.18833072,-0.029526396,-0.21410912,11802.0,-0.21785712,0.0008718081,0.19389145,-0.29526396,0.0099408562978108,14.67159852981571,0,0,0,0
29.48794962565105,42.806606,0.19208151,-0.035336737,-0.20302257,11894.0,-0.22741824,0.0012486851,0.19886905,-0.35336737,0.0105528926849365,14.545388793945335,0,0,0,0
29.425578371683784,42.680138,0.16293845,0.021794194,-0.19196853,12416.0,-0.14114426,0.00047498688,0.15938734,0.21794194,0.0115013901392618,14.729311084747335,0,0,0,0
29.425578371683784,42.201614,0.20232446,-0.0049722646,-0.21853982,11731.0,-0.20729673,2.4723415e-05,0.20333047,-0.0497226459999999,0.0115013901392618,14.729311084747335,0,0,0,0
29.383197085062704,41.165955,0.18600762,-0.010123053,-0.19734147,11499.5,-0.19613066,0.000102476195,0.18789057,-0.10123053,0.0116676606072319,14.912640349070244,0,0,0,0
29.21082426706954,41.13861,0.17986907,-0.015169125,-0.20375998,11765.3,-0.1950382,0.00023010236,0.18259753,-0.15169125,0.0117545138465033,14.92827011744184,0,0,0,0
28.887657101949088,40.000412,0.18986735,-0.018843558,-0.19659416,11954.5,-0.2087109,0.00035507965,0.19344512,-0.18843558,0.0088965702056884,14.813097466362876,0,0,0,0
28.967117881774925,40.096115,0.1571674,-0.0015471586,-0.1748569,12105.4,-0.15871456,2.3936998e-06,0.15741058,-0.015471586,0.0105637062920464,14.902815755208335,0,0,0,0
28.87584997812908,40.67376,0.13358243,0.004814926,-0.16464166,12237.5,-0.12876749,2.3183515e-05,0.13293923,0.04814926,0.0109853935241699,15.018158531188988,0,0,0,0
28.71447588602703,40.772884,0.13376443,0.026709681,-0.15875432,12445.3,-0.10705475,0.00071340706,0.13019162,0.2670968099999999,0.0101193030675252,15.129899597167991,0,0,0,0
29.48794962565105,42.60836,0.19150455,0.007374807,-0.19590141,11518.3,-0.18412974,5.4387772e-05,0.19009224,0.07374807,0.0105528926849365,14.545388793945335,0,0,0,0
29.214689826965355,42.252884,0.11221156,0.03807031,-0.13808149,12494.3,-0.07414125,0.0014493486,0.10793963,0.3807031,0.0111927111943562,15.171249326070182,0,0,0,0
28.87584997812908,41.18988,0.1163221,0.043128163,-0.14362788,12056.3,-0.07319394,0.0018600386,0.11130534,0.4312816299999999,0.0109853935241699,15.018158531188988,0,0,0,0
29.40596796671552,41.55561,0.17599888,-0.01106082,-0.1972031,11757.4,-0.1870597,0.00012234173,0.17794557,-0.1106082,0.011005474726359,14.555287297566757,0,0,0,0
29.48794962565105,42.05806,0.16482586,-0.0088939145,-0.17327173,11898.5,-0.17371978,7.910172e-05,0.1662918,-0.088939145,0.0105528926849365,14.545388793945335,0,0,0,0
29.53638579050701,42.119583,0.12112997,0.036225002,-0.14122176,12814.7,-0.08490496,0.0013122509,0.11674203,0.36225002,0.0099408562978108,14.67159852981571,0,0,0,0
29.425578371683784,40.738705,0.13730974,0.016785223,-0.16613312,12899.4,-0.12052452,0.00028174368,0.13500497,0.16785223,0.0115013901392618,14.729311084747335,0,0,0,0
29.426291084289588,39.86027,0.21263504,-0.0053851823,-0.21838291,11807.4,-0.21802022,2.9000188e-05,0.2137801,-0.053851823,0.0109315586090087,14.32123548719621,0,0,0,0
29.21082426706954,40.441334,0.16204888,0.012339242,-0.1796575,12195.1,-0.14970963,0.0001522569,0.1600493,0.12339242,0.0117545138465033,14.92827011744184,0,0,0,0
29.478845055898063,41.309513,0.13950862,0.038627632,-0.16019121,12042.6,-0.10088098,0.0014920939,0.13411972,0.38627632,0.0112010693550109,14.937810198466025,0,0,0,0
29.214689826965355,40.44817,0.11808307,0.04860809,-0.15160091,13269.0,-0.06947498,0.0023627465,0.112343274,0.4860809,0.0111927111943562,15.171249326070182,0,0,0,0
29.214689826965355,39.063873,0.17200936,-0.0041210344,-0.19959535,12357.1,-0.17613038,1.6982924e-05,0.17271821,-0.041210344,0.0111927111943562,15.171249326070182,0,0,0,0
28.81987374623617,38.199116,0.18398727,-0.042787928,-0.22587065,12008.4,-0.2267752,0.0018308068,0.1918597,-0.42787928,0.0110777473449707,15.02515818277996,0,0,0,0
29.234214401245158,40.612236,0.107676275,0.024979362,-0.15593736,12168.2,-0.082696915,0.00062396855,0.10498659,0.24979362,0.0105792490641276,15.068183570437984,0,0,0,0
29.214689826965355,41.05658,0.12613264,0.01852686,-0.17343386,12075.7,-0.107605785,0.00034324452,0.1237958,0.1852686,0.0111927111943562,15.171249326070182,0,0,0,0
29.21082426706954,41.17621,0.10587081,0.017465053,-0.124928035,11548.4,-0.08840576,0.00030502808,0.10402177,0.17465053,0.0117545138465033,14.92827011744184,0,0,0,0
29.426291084289588,41.066833,0.13046233,0.0063449815,-0.14952736,12134.1,-0.12411736,4.0258787e-05,0.12963456,0.063449815,0.0109315586090087,14.32123548719621,0,0,0,0
29.437518374125176,40.632744,0.12677075,0.014460255,-0.1543927,12894.1,-0.11231049,0.000209099,0.12493761,0.14460255,0.0114339447021484,14.832504208882654,0,0,0,0
29.507907485961937,41.275333,0.15840888,0.0056571807,-0.18076727,12393.9,-0.1527517,3.2003692e-05,0.15751274,0.056571807,0.0105171871185302,14.82529443105065,0,0,0,0
29.437518374125176,41.528267,0.12892734,0.043386843,-0.15285577,12672.1,-0.085540496,0.0018824183,0.12333359,0.43386843,0.0114339447021484,14.832504208882654,0,0,0,0
29.437518374125176,42.529747,0.15233068,0.0097841555,-0.16625345,12191.9,-0.14254652,9.57297e-05,0.15084025,0.097841555,0.0114339447021484,14.832504208882654,0,0,0,0
28.71447588602703,43.62693,0.11469679,0.051733065,-0.14369887,13747.4,-0.06296373,0.00267631,0.10876318,0.51733065,0.0101193030675252,15.129899597167991,0,0,0,0
29.53638579050701,43.64573,0.11877521,0.04815261,-0.15919286,12855.65,-0.0706226,0.0023186738,0.11305587,0.4815260999999999,0.0099408562978108,14.67159852981571,0,0,0,0
29.0171795845032,43.66282,0.12590633,0.03038431,-0.16101739,12607.65,-0.09552202,0.00092320633,0.12208075,0.3038431,0.0095214568244086,14.8354873021444,0,0,0,0
28.967117881774925,43.440647,0.12211177,0.050916787,-0.16092493,12597.2,-0.071194984,0.0025925192,0.11589423,0.50916787,0.0105637062920464,14.902815755208335,0,0,0,0
28.87584997812908,43.6594,0.15119895,0.010690501,-0.18073592,12197.75,-0.14050846,0.00011428681,0.14958256,0.10690501,0.0109853935241699,15.018158531188988,0,0,0,0
28.71447588602703,43.362034,0.121799305,0.04063918,-0.16479042,12751.8,-0.08116013,0.0016515428,0.11684948,0.4063917999999999,0.0101193030675252,15.129899597167991,0,0,0,0
28.71447588602703,42.775845,0.23486273,-0.048656993,-0.25115895,12251.1,-0.28351972,0.0023675028,0.24629045,-0.48656993,0.0101193030675252,15.129899597167991,0,0,0,0
28.711374537150107,42.290485,0.1843226,0.0026477634,-0.20053963,12325.7,-0.18167484,7.010651e-06,0.18383455,0.026477634,0.0099601470099555,15.083465194702171,0,0,0,0
29.437518374125176,41.48212,0.13355853,0.024898224,-0.16790333,12257.65,-0.10866031,0.00061992154,0.13023317,0.24898224,0.0114339447021484,14.832504208882654,0,0,0,0
29.0171795845032,42.38448,0.11546042,0.042571343,-0.15276031,12402.35,-0.072889075,0.0018123194,0.11054511,0.4257134299999999,0.0095214568244086,14.8354873021444,0,0,0,0
29.3144397099813,43.83885,0.09011959,0.069998614,-0.1242513,12101.85,-0.020120982,0.0048998054,0.08381134,0.69998614,0.011785807079739,14.98104512956408,0,0,0,0
28.863900438944512,43.932842,0.11518343,0.039526355,-0.14957647,12096.6,-0.07565708,0.0015623326,0.110630654,0.39526355,0.0106722672780354,15.035710430145286,0,0,0,0
29.425578371683784,41.747017,0.12924126,0.024264479,-0.17391613,12228.3,-0.10497678,0.0005887649,0.1261053,0.24264479,0.0115013901392618,14.729311084747335,0,0,0,0
29.498190180460654,39.374912,0.10846241,-0.034594517,-0.11273867,11358.0,-0.14305693,0.0011967805,0.11221461,-0.3459451699999999,0.0103383498390515,14.389676666259788,0,0,0,0
29.48794962565105,36.01329,0.17064494,-0.07193752,-0.16298215,10542.25,-0.24258247,0.0051750066,0.18292072,-0.7193752,0.0105528926849365,14.545388793945335,0,0,0,0
29.40596796671552,36.165394,0.1677791,-0.06646059,-0.1753335,11008.45,-0.2342397,0.0044170097,0.1789298,-0.6646059,0.011005474726359,14.555287297566757,0,0,0,0
29.21082426706954,36.944702,0.16661887,-0.079535976,-0.16204856,10380.6,-0.24615484,0.006325972,0.17987107,-0.79535976,0.0117545138465033,14.92827011744184,0,0,0,0
28.711374537150107,40.48064,0.12765434,0.03382734,-0.16502915,11999.0,-0.093827,0.0011442888,0.12333613,0.3382733999999999,0.0099601470099555,15.083465194702171,0,0,0,0
29.63563849131268,41.789745,0.12834829,0.028074058,-0.1679135,12240.6,-0.100274235,0.00078815274,0.12474503,0.28074058,0.0094514126247829,14.539032554626488,0,0,0,0
29.587538973490425,42.81515,0.12307899,0.03804184,-0.1630318,12582.2,-0.08503714,0.0014471817,0.11839683,0.3804184,0.011531532605489,14.80689392089846,0,0,0,0
29.43544333775841,42.979214,0.10708022,0.05362803,-0.15283068,12724.75,-0.053452194,0.0028759656,0.10133772,0.5362803,0.0112120342254638,14.495665486653678,0,0,0,0
29.489220873514853,43.09372,0.11172286,0.054551095,-0.15818389,12748.45,-0.057171762,0.002975822,0.10562825,0.54551095,0.0117224762174818,14.637499321831626,0,0,0,0
29.63563849131268,43.606422,0.12020167,0.046522968,-0.16575244,12815.25,-0.0736787,0.0021643867,0.11460953,0.46522968,0.0094514126247829,14.539032554626488,0,0,0,0
29.234214401245158,44.137924,0.13272592,0.03217662,-0.17205416,12677.55,-0.10054931,0.0010353349,0.12845525,0.3217662,0.0105792490641276,15.068183570437984,0,0,0,0
29.437518374125176,43.406467,0.13561112,0.03209815,-0.179315,12742.35,-0.10351297,0.0010302912,0.13125825,0.3209815,0.0114339447021484,14.832504208882654,0,0,0,0
29.478845055898063,42.25801,0.1207233,0.023163099,-0.15675506,13807.0,-0.097560205,0.0005365291,0.11792698,0.2316309899999999,0.0112010693550109,14.937810198466025,0,0,0,0
29.63563849131268,42.65963,0.10223947,0.045078866,-0.14086793,13231.15,-0.0571606,0.0020321042,0.09763063,0.45078866,0.0094514126247829,14.539032554626488,0,0,0,0
29.383197085062704,43.009975,0.09817403,0.04237253,-0.14000697,13366.4,-0.0558015,0.001795431,0.094014145,0.4237252999999999,0.0116676606072319,14.912640349070244,0,0,0,0
29.507907485961937,43.339817,0.109814115,0.055001043,-0.1476003,13023.65,-0.054813072,0.0030251148,0.10377423,0.5500104299999999,0.0105171871185302,14.82529443105065,0,0,0,0
29.63563849131268,43.187714,0.13251974,0.027356489,-0.16626538,12648.0,-0.10516325,0.00074837747,0.12889446,0.27356489,0.0094514126247829,14.539032554626488,0,0,0,0
28.967117881774925,43.07834,0.16918309,-0.016388046,-0.18912293,11992.25,-0.18557113,0.00026856802,0.17195567,-0.16388046,0.0105637062920464,14.902815755208335,0,0,0,0
29.383197085062704,42.863003,0.13370098,0.040444,-0.17384492,12410.2,-0.09325699,0.0016357172,0.12829359,0.40444,0.0116676606072319,14.912640349070244,0,0,0,0
29.425578371683784,42.36568,0.19093916,-0.017146425,-0.20969647,12185.85,-0.20808558,0.0002939999,0.19421308,-0.1714642499999999,0.0115013901392618,14.729311084747335,0,0,0,0
28.887657101949088,42.05806,0.16510653,-0.0070815603,-0.18820406,12396.75,-0.1721881,5.01485e-05,0.16627575,-0.070815603,0.0088965702056884,14.813097466362876,0,0,0,0
29.53638579050701,42.293903,0.19719784,-0.017791448,-0.21488734,11396.75,-0.21498929,0.00031653562,0.20070627,-0.17791448,0.0099408562978108,14.67159852981571,0,0,0,0
28.967117881774925,42.31954,0.19717944,-0.032442633,-0.21078518,11673.25,-0.22962207,0.0010525244,0.20357645,-0.32442633,0.0105637062920464,14.902815755208335,0,0,0,0
29.489220873514853,42.341755,0.18272127,-0.043259572,-0.19242868,11505.2,-0.22598085,0.0018713907,0.19062571,-0.43259572,0.0117224762174818,14.637499321831626,0,0,0,0
29.43544333775841,42.28023,0.13808444,-0.015581114,-0.15623996,12093.55,-0.15366556,0.00024277113,0.14023595,-0.15581114,0.0112120342254638,14.495665486653678,0,0,0,0
29.383197085062704,42.42037,0.22250412,-0.042655054,-0.23854965,12379.4,-0.2651592,0.0018194537,0.23199505,-0.42655054,0.0116676606072319,14.912640349070244,0,0,0,0
28.71447588602703,42.948452,0.14889665,0.0155859245,-0.18687946,13904.55,-0.13331072,0.00024292104,0.14657596,0.155859245,0.0101193030675252,15.129899597167991,0,0,0,0
29.40596796671552,43.01852,0.10437606,0.043594707,-0.15288213,14969.15,-0.060781356,0.0019004984,0.09982582,0.43594707,0.011005474726359,14.555287297566757,0,0,0,0
29.43544333775841,43.813213,0.098144464,0.04481056,-0.14116271,13819.95,-0.0533339,0.0020079864,0.09374656,0.4481056,0.0112120342254638,14.495665486653678,0,0,0,0
29.426291084289588,43.842266,0.13136135,0.028720781,-0.16379295,12193.3,-0.10264058,0.0008248833,0.12758856,0.28720781,0.0109315586090087,14.32123548719621,0,0,0,0
28.967117881774925,43.215057,0.1351332,0.038638704,-0.16195081,11853.65,-0.096494496,0.0014929496,0.12991183,0.38638704,0.0105637062920464,14.902815755208335,0,0,0,0
28.81987374623617,43.139862,0.1419991,0.041062497,-0.17527473,12496.65,-0.1009366,0.0016861287,0.13616826,0.41062497,0.0110777473449707,15.02515818277996,0,0,0,0
28.863900438944512,42.475056,0.16785493,0.00822639,-0.17821822,10835.2,-0.15962854,6.76735e-05,0.16647409,0.0822639,0.0106722672780354,15.035710430145286,0,0,0,0
29.214689826965355,42.60665,0.15706925,0.01756459,-0.16998498,11216.8,-0.13950466,0.0003085148,0.15431039,0.1756459,0.0111927111943562,15.171249326070182,0,0,0,0
29.48794962565105,42.427204,0.14101611,0.03191601,-0.16504292,11931.7,-0.109100096,0.0010186319,0.13651544,0.3191601,0.0105528926849365,14.545388793945335,0,0,0,0
29.425578371683784,41.95039,0.12606563,0.035518575,-0.15914693,12621.15,-0.09054704,0.0012615693,0.12158795,0.3551857499999999,0.0115013901392618,14.729311084747335,0,0,0,0
28.967117881774925,42.353718,0.1184229,0.031684406,-0.15176211,12120.1,-0.0867385,0.0010039015,0.114670746,0.31684406,0.0105637062920464,14.902815755208335,0,0,0,0
29.383197085062704,43.61326,0.11150829,0.015132853,-0.14829886,12862.1,-0.096375436,0.00022900323,0.10982085,0.15132853,0.0116676606072319,14.912640349070244,0,0,0,0
29.507907485961937,43.597878,0.10149273,0.026073122,-0.13965595,12868.1,-0.07541961,0.00067980774,0.0988465,0.26073122,0.0105171871185302,14.82529443105065,0,0,0,0
28.711374537150107,42.31783,0.106128946,0.00862842,-0.14131962,13002.35,-0.097500525,7.444962e-05,0.10521322,0.0862841999999999,0.0099601470099555,15.083465194702171,0,0,0,0
28.87584997812908,41.567574,0.18471819,-0.046667982,-0.20074518,11900.55,-0.23138617,0.0021779006,0.19333862,-0.4666798199999999,0.0109853935241699,15.018158531188988,0,0,0,0
29.507907485961937,42.85104,0.1332963,0.030289063,-0.16763206,12461.85,-0.103007235,0.0009174274,0.12925889,0.30289063,0.0105171871185302,14.82529443105065,0,0,0,0
29.63563849131268,43.11252,0.1353995,0.029913327,-0.16873474,12719.1,-0.105486184,0.00089480716,0.13134927,0.29913327,0.0094514126247829,14.539032554626488,0,0,0,0
29.25716981887821,41.839306,0.15372778,0.02186675,-0.17064738,11508.8,-0.13186105,0.00047815475,0.15036626,0.2186675,0.0098183250427246,14.7552871068319,0,0,0,0
28.71447588602703,41.600044,0.1308105,0.03946933,-0.1567221,12018.15,-0.091341175,0.001557828,0.1256475,0.3946932999999999,0.0101193030675252,15.129899597167991,0,0,0,0
28.711374537150107,42.40328,0.12867852,0.03396111,-0.16307193,11817.65,-0.0947174,0.0011533569,0.124308445,0.3396111,0.0099601470099555,15.083465194702171,0,0,0,0
29.13729852040612,42.563927,0.16165426,0.012246489,-0.18620391,11784.8,-0.14940777,0.00014997649,0.15967457,0.1224648899999999,0.0113369719187418,14.88310012817385,0,0,0,0
28.77436933517457,42.910854,0.12594506,0.0475459,-0.1644125,12093.85,-0.07839917,0.0022606126,0.119956896,0.475459,0.0096894741058349,14.974113559722907,0,0,0,0
29.425578371683784,43.444065,0.11715708,0.038203098,-0.16021381,12477.1,-0.07895398,0.0014594768,0.112681314,0.3820309799999999,0.0115013901392618,14.729311084747335,0,0,0,0
29.383197085062704,43.782448,0.12780611,0.052266616,-0.17264558,12832.7,-0.0755395,0.0027317991,0.12112612,0.52266616,0.0116676606072319,14.912640349070244,0,0,0,0
29.425578371683784,43.05783,0.11982512,0.050709646,-0.16096276,12470.35,-0.06911547,0.0025714685,0.113748826,0.50709646,0.0115013901392618,14.729311084747335,0,0,0,0
28.81987374623617,41.943554,0.18595679,-0.01689991,-0.20996697,12090.6,-0.2028567,0.00028560695,0.18909945,-0.1689991,0.0110777473449707,15.02515818277996,0,0,0,0
28.81987374623617,42.181107,0.18585534,-0.023439126,-0.20180234,11863.75,-0.20929447,0.00054939266,0.19021164,-0.23439126,0.0110777473449707,15.02515818277996,0,0,0,0
28.81987374623617,42.1606,0.17584774,-0.013855863,-0.19755891,12025.6,-0.18970361,0.00019198496,0.17828427,-0.13855863,0.0110777473449707,15.02515818277996,0,0,0,0
28.967117881774925,41.577827,0.17522308,-0.0036020263,-0.1995746,12175.65,-0.17882511,1.2974594e-05,0.17585424,-0.036020263,0.0105637062920464,14.902815755208335,0,0,0,0
28.87584997812908,40.91644,0.16197301,-0.002143076,-0.18919106,12218.7,-0.1641161,4.592774e-06,0.16232014,-0.02143076,0.0109853935241699,15.018158531188988,0,0,0,0
29.426291084289588,40.255054,0.18590757,-0.003136194,-0.20313753,11625.0,-0.18904376,9.835713e-06,0.18649061,-0.03136194,0.0109315586090087,14.32123548719621,0,0,0,0
29.234214401245158,39.83122,0.17852859,-0.050840765,-0.18921536,11239.45,-0.22936936,0.0025847834,0.18760513,-0.50840765,0.0105792490641276,15.068183570437984,0,0,0,0
29.425578371683784,42.121292,0.20359054,-0.05313718,-0.2089749,11760.7,-0.25672773,0.0028235596,0.21440877,-0.5313718,0.0115013901392618,14.729311084747335,0,0,0,0
28.81987374623617,44.558342,0.10912184,0.018144602,-0.13547057,13078.65,-0.09097724,0.00032922655,0.10714187,0.1814460199999999,0.0110777473449707,15.02515818277996,0,0,0,0
29.63563849131268,46.010998,0.081539296,0.048918393,-0.10636627,13878.1,-0.032620903,0.0023930094,0.07755052,0.48918393,0.0094514126247829,14.539032554626488,0,0,0,0
28.71447588602703,44.332752,0.12205423,0.009646027,-0.14371622,13387.3,-0.1124082,9.304585e-05,0.120876886,0.09646027,0.0101193030675252,15.129899597167991,0,0,0,0
29.48794962565105,43.273163,0.14168555,0.009416297,-0.15834585,13760.15,-0.13226925,8.866664e-05,0.1403514,0.09416297,0.0105528926849365,14.545388793945335,0,0,0,0
29.507907485961937,43.27829,0.22200023,-0.034252413,-0.22851168,12053.55,-0.25625265,0.0011732279,0.22960427,-0.34252413,0.0105171871185302,14.82529443105065,0,0,0,0
29.426291084289588,43.794415,0.1433037,0.035172567,-0.15705529,13143.2,-0.10813114,0.0012371093,0.13826334,0.35172567,0.0109315586090087,14.32123548719621,0,0,0,0
29.489220873514853,43.93968,0.09578101,0.025860246,-0.118802264,12925.35,-0.06992077,0.0006687523,0.09330409,0.25860246,0.0117224762174818,14.637499321831626,0,0,0,0
28.87584997812908,43.220184,0.08463961,0.04254994,-0.11184024,12763.9,-0.042089663,0.0018104976,0.0810382,0.4254994,0.0109853935241699,15.018158531188988,0,0,0,0
29.498190180460654,42.7861,0.12198833,0.006700337,-0.14234269,11367.25,-0.11528799,4.489451e-05,0.12117096,0.0670033699999999,0.0103383498390515,14.389676666259788,0,0,0,0
29.21082426706954,43.343235,0.12744236,0.049231734,-0.16277935,12509.5,-0.07821063,0.0024237637,0.12116815,0.49231734,0.0117545138465033,14.92827011744184,0,0,0,0
29.507907485961937,43.348362,0.10574493,0.05138085,-0.1464693,12550.9,-0.054364078,0.002639992,0.10031167,0.5138085,0.0105171871185302,14.82529443105065,0,0,0,0
28.887657101949088,43.01852,0.106400535,0.0661133,-0.14536911,12484.35,-0.040287234,0.004370969,0.09936605,0.661133,0.0088965702056884,14.813097466362876,0,0,0,0
29.214689826965355,42.545128,0.110764116,0.052274194,-0.14696857,12757.15,-0.058489922,0.0027325912,0.10497401,0.5227419400000001,0.0111927111943562,15.171249326070182,0,0,0,0
29.437518374125176,42.69039,0.10393374,0.05587219,-0.14351794,12590.1,-0.048061542,0.0031217018,0.098126724,0.5587219,0.0114339447021484,14.832504208882654,0,0,0,0
28.81987374623617,43.67649,0.06560551,0.0816376,-0.09395118,13586.75,0.016032094,0.006664698,0.06024963,0.816376,0.0110777473449707,15.02515818277996,0,0,0,0
28.81987374623617,44.724113,0.027652446,0.13016297,-0.060743928,15422.15,0.10251053,0.016942399,0.024053121,1.3016297,0.0110777473449707,15.02515818277996,0,0,0,0
28.77436933517457,44.189194,0.07000713,0.06487841,-0.09803269,13792.7,-0.0051287157,0.004209209,0.06546518,0.6487841,0.0096894741058349,14.974113559722907,0,0,0,0
29.587538973490425,43.115936,0.035187285,0.11615176,-0.06437877,14976.0,0.080964476,0.013491232,0.031100221,1.1615176,0.011531532605489,14.80689392089846,0,0,0,0
29.214689826965355,42.087112,0.09408492,0.049897734,-0.119514756,13865.1,-0.044187184,0.0024897838,0.08939029,0.49897734,0.0111927111943562,15.171249326070182,0,0,0,0
29.383197085062704,40.215744,0.11290757,0.061137706,-0.1321272,13693.95,-0.051769864,0.0037378191,0.10600466,0.61137706,0.0116676606072319,14.912640349070244,0,0,0,0
28.81987374623617,40.374683,0.14136073,0.035575036,-0.17400266,12264.1,-0.10578569,0.0012655831,0.13633181,0.35575036,0.0110777473449707,15.02515818277996,0,0,0,0
29.234214401245158,41.059998,0.10229699,0.032190654,-0.13442051,13241.75,-0.07010634,0.0010362382,0.099003986,0.3219065399999999,0.0105792490641276,15.068183570437984,0,0,0,0
29.25716981887821,41.254826,0.1003487,0.03984948,-0.13601975,12805.05,-0.06049922,0.0015879811,0.09634986,0.3984948,0.0098183250427246,14.7552871068319,0,0,0,0
29.478845055898063,41.340275,0.10578737,0.04787347,-0.13514297,12289.05,-0.057913896,0.0022918691,0.10072296,0.4787347,0.0112010693550109,14.937810198466025,0,0,0,0
29.507907485961937,40.84979,0.09649224,0.040535666,-0.13391091,13095.75,-0.055956576,0.0016431402,0.09258086,0.40535666,0.0105171871185302,14.82529443105065,0,0,0,0
28.77436933517457,40.31145,0.10375494,0.047600847,-0.13875413,12640.9,-0.056154095,0.0022658405,0.09881612,0.47600847,0.0096894741058349,14.974113559722907,0,0,0,0
29.383197085062704,40.354176,0.16087729,0.015717737,-0.17775954,11893.95,-0.14515956,0.00024704725,0.15834866,0.1571773699999999,0.0116676606072319,14.912640349070244,0,0,0,0
29.21082426706954,39.81242,0.17958961,-0.033024862,-0.1855601,12166.4,-0.21261446,0.0010906415,0.18552053,-0.33024862,0.0117545138465033,14.92827011744184,0,0,0,0
29.63563849131268,40.926693,0.14875078,-0.014592706,-0.16594385,12576.45,-0.16334347,0.00021294708,0.15092145,-0.14592706,0.0094514126247829,14.539032554626488,0,0,0,0
29.21082426706954,42.603233,0.16974543,-0.013408086,-0.18753476,12103.15,-0.18315351,0.00017977678,0.17202139,-0.13408086,0.0117545138465033,14.92827011744184,0,0,0,0
28.81987374623617,42.64254,0.15963906,-0.0069569475,-0.17753074,12589.5,-0.166596,4.839912e-05,0.16074966,-0.069569475,0.0110777473449707,15.02515818277996,0,0,0,0
29.425578371683784,42.476765,0.13965769,0.00080885837,-0.16192855,13271.0,-0.13884884,6.542519e-07,0.13954473,0.0080885837,0.0115013901392618,14.729311084747335,0,0,0,0
29.13729852040612,43.187714,0.18491532,-0.031329717,-0.19693153,12656.8,-0.21624503,0.0009815511,0.19070865,-0.31329717,0.0113369719187418,14.88310012817385,0,0,0,0
29.437518374125176,43.013393,0.18968299,-0.027259806,-0.20495465,12358.1,-0.21694279,0.00074309704,0.19485371,-0.27259806,0.0114339447021484,14.832504208882654,0,0,0,0
28.887657101949088,42.7297,0.08847499,0.015091516,-0.11437643,12802.05,-0.07338347,0.00022775384,0.08713977,0.15091516,0.0088965702056884,14.813097466362876,0,0,0,0
29.587538973490425,43.136444,0.08698478,0.01797868,-0.11401875,13201.75,-0.06900611,0.00032323287,0.085420914,0.1797868,0.011531532605489,14.80689392089846,0,0,0,0
29.426291084289588,42.9006,0.10638802,0.0015118889,-0.1272953,12897.65,-0.10487613,2.2858083e-06,0.106227174,0.015118889,0.0109315586090087,14.32123548719621,0,0,0,0
29.437518374125176,42.828823,0.1632711,-0.023408322,-0.17678288,12516.55,-0.18667942,0.0005479496,0.16709301,-0.2340832199999999,0.0114339447021484,14.832504208882654,0,0,0,0
29.25716981887821,43.07492,0.14977363,0.006209207,-0.16631643,12622.65,-0.14356442,3.855425e-05,0.14884365,0.06209207,0.0098183250427246,14.7552871068319,0,0,0,0
29.48794962565105,42.980923,0.20554408,-0.03227514,-0.20896618,12524.35,-0.23781922,0.0010416846,0.21217804,-0.3227514,0.0105528926849365,14.545388793945335,0,0,0,0
28.863900438944512,43.358616,0.1507842,-0.027566034,-0.16731557,12734.1,-0.17835023,0.0007598862,0.15494072,-0.27566034,0.0106722672780354,15.035710430145286,0,0,0,0
29.478845055898063,43.280003,0.07277545,0.037362237,-0.09673498,13143.7,-0.03541322,0.0013959366,0.0700564,0.37362237,0.0112010693550109,14.937810198466025,0,0,0,0
29.383197085062704,43.546608,0.08424707,-0.008554745,-0.10931147,13585.1,-0.09280181,7.318368e-05,0.08496778,-0.08554745,0.0116676606072319,14.912640349070244,0,0,0,0
29.21082426706954,44.56005,0.049546607,0.0026652936,-0.07260586,14298.25,-0.046881314,7.1037903e-06,0.04941455,0.026652936,0.0117545138465033,14.92827011744184,0,0,0,0
29.489220873514853,45.708504,0.045037974,0.06281184,-0.0732263,13367.75,0.017773867,0.0039453274,0.042209055,0.6281184,0.0117224762174818,14.637499321831626,0,0,0,0
29.40596796671552,45.26245,0.07426906,0.032568913,-0.10393318,12952.75,-0.041700143,0.0010607342,0.071850196,0.32568913,0.011005474726359,14.555287297566757,0,0,0,0
29.383197085062704,45.325687,0.10677978,0.021488095,-0.1286065,12960.9,-0.085291676,0.00046173824,0.10448528,0.21488095,0.0116676606072319,14.912640349070244,0,0,0,0
28.967117881774925,45.028316,0.110514686,0.021590961,-0.12911338,12442.9,-0.08892372,0.00046616964,0.10812856,0.2159096099999999,0.0105637062920464,14.902815755208335,0,0,0,0
28.967117881774925,44.9873,0.15641919,-0.017831398,-0.16550238,12295.2,-0.17425059,0.00031795877,0.15920836,-0.1783139799999999,0.0105637062920464,14.902815755208335,0,0,0,0
29.437518374125176,45.13257,0.0654504,0.01612515,-0.09385243,13722.9,-0.04932525,0.0002600205,0.064395,0.1612515,0.0114339447021484,14.832504208882654,0,0,0,0
29.507907485961937,44.74462,0.0755654,0.020594029,-0.10391248,12847.45,-0.05497137,0.000424114,0.0740092,0.20594029,0.0105171871185302,14.82529443105065,0,0,0,0
28.711374537150107,42.11104,0.14850459,-0.03108748,-0.16224973,11448.0,-0.17959207,0.00096643146,0.15312122,-0.3108748,0.0099601470099555,15.083465194702171,0,0,0,0
28.77436933517457,41.502632,0.17304842,-0.059221182,-0.1724541,10820.5,-0.23226961,0.0035071482,0.18329656,-0.5922118199999999,0.0096894741058349,14.974113559722907,0,0,0,0
28.87584997812908,44.030254,0.12430795,-0.016560148,-0.14400609,12332.1,-0.1408681,0.00027423853,0.12636651,-0.16560148,0.0109853935241699,15.018158531188988,0,0,0,0
29.53638579050701,44.949703,0.062433176,0.007933537,-0.07956155,11955.3,-0.054499637,6.2941006e-05,0.06193786,0.0793353699999999,0.0099408562978108,14.67159852981571,0,0,0,0
29.63563849131268,44.24559,0.0954719,0.033401974,-0.13501547,14192.8,-0.06206993,0.0011156918,0.09228295,0.33401974,0.0094514126247829,14.539032554626488,0,0,0,0
29.507907485961937,43.09372,0.16054863,-0.013685054,-0.1834547,12445.3,-0.17423368,0.0001872807,0.16274574,-0.13685054,0.0105171871185302,14.82529443105065,0,0,0,0
29.48794962565105,42.5776,0.19881265,-0.029158916,-0.20549637,11966.3,-0.22797157,0.00085024245,0.20460981,-0.29158916,0.0105528926849365,14.545388793945335,0,0,0,0
28.87584997812908,41.369328,0.20601334,-0.034969542,-0.20731124,11933.45,-0.24098289,0.0012228688,0.21321754,-0.34969542,0.0109853935241699,15.018158531188988,0,0,0,0
29.234214401245158,41.355656,0.19825514,-0.04422527,-0.20338048,11912.2,-0.24248041,0.0019558747,0.20702302,-0.4422526999999999,0.0105792490641276,15.068183570437984,0,0,0,0
28.967117881774925,42.389606,0.20449089,-0.044860654,-0.21120645,11776.25,-0.24935155,0.0020124782,0.21366449,-0.44860654,0.0105637062920464,14.902815755208335,0,0,0,0
29.21082426706954,42.91769,0.18830505,-0.031060124,-0.20095052,12034.9,-0.21936518,0.0009647313,0.19415383,-0.31060124,0.0117545138465033,14.92827011744184,0,0,0,0
29.437518374125176,42.17427,0.14961237,0.017131742,-0.17042316,11962.05,-0.13248062,0.0002934966,0.14704925,0.17131742,0.0114339447021484,14.832504208882654,0,0,0,0
29.425578371683784,42.164017,0.14978196,0.0054253894,-0.17098115,12072.95,-0.14435656,2.9434852e-05,0.14896932,0.054253894,0.0115013901392618,14.729311084747335,0,0,0,0
29.21082426706954,41.875195,0.14885397,-0.006284178,-0.16956949,12188.65,-0.15513815,3.949089e-05,0.1497894,-0.06284178,0.0117545138465033,14.92827011744184,0,0,0,0
29.587538973490425,41.955517,0.16885023,-0.02389456,-0.18401907,12188.4,-0.19274478,0.00057095,0.17288482,-0.2389455999999999,0.011531532605489,14.80689392089846,0,0,0,0
29.425578371683784,40.340504,0.21631546,-0.037454445,-0.22138746,11728.5,-0.2537699,0.0014028354,0.22441743,-0.37454445,0.0115013901392618,14.729311084747335,0,0,0,0
29.25716981887821,39.800457,0.21150182,-0.045456585,-0.21725813,11669.3,-0.2569584,0.002066301,0.22111596,-0.45456585,0.0098183250427246,14.7552871068319,0,0,0,0
29.437518374125176,40.677177,0.22866553,-0.056334686,-0.23125573,11584.55,-0.2850002,0.003173597,0.24154733,-0.56334686,0.0114339447021484,14.832504208882654,0,0,0,0
29.425578371683784,40.642998,0.25527206,-0.06681833,-0.2483959,11453.55,-0.3220904,0.0044646887,0.2723289,-0.6681832999999999,0.0115013901392618,14.729311084747335,0,0,0,0
29.25716981887821,40.68743,0.23917718,-0.060926896,-0.23788898,11434.3,-0.30010408,0.0037120867,0.25374952,-0.60926896,0.0098183250427246,14.7552871068319,0,0,0,0
29.25716981887821,41.169373,0.1709642,-0.025577545,-0.18646552,12589.15,-0.19654174,0.00065421086,0.17533703,-0.25577545,0.0098183250427246,14.7552871068319,0,0,0,0
29.21082426706954,40.819027,0.11445489,0.03044112,-0.15160276,13073.2,-0.08401377,0.0009266618,0.11097076,0.3044112,0.0117545138465033,14.92827011744184,0,0,0,0
29.0171795845032,40.319996,0.12631543,0.024203368,-0.15372191,12444.1,-0.10211206,0.000585803,0.12325817,0.24203368,0.0095214568244086,14.8354873021444,0,0,0,0
29.507907485961937,40.547295,0.1351611,0.017405251,-0.1620359,12344.0,-0.11775585,0.00030294276,0.1328086,0.17405251,0.0105171871185302,14.82529443105065,0,0,0,0
28.77436933517457,40.32854,0.21723029,-0.018310415,-0.22201179,11538.5,-0.23554072,0.0003352713,0.22120787,-0.18310415,0.0096894741058349,14.974113559722907,0,0,0,0
28.711374537150107,39.55607,0.23417208,-0.035791002,-0.23603173,11509.95,-0.2699631,0.0012809958,0.24255332,-0.35791002,0.0099601470099555,15.083465194702171,0,0,0,0
29.383197085062704,39.057037,0.26164836,-0.08808384,-0.25437832,11146.95,-0.34973222,0.007758763,0.28469536,-0.8808384,0.0116676606072319,14.912640349070244,0,0,0,0
29.507907485961937,38.906643,0.28966376,-0.11421589,-0.2747639,10777.0,-0.40387964,0.013045269,0.32274798,-1.1421589,0.0105171871185302,14.82529443105065,0,0,0,0
28.81987374623617,40.91644,0.19950773,-0.021713737,-0.2097163,11557.6,-0.22122148,0.00047148642,0.2038398,-0.21713737,0.0110777473449707,15.02515818277996,0,0,0,0
29.48794962565105,41.661568,0.15166517,0.023540461,-0.18522874,11967.1,-0.1281247,0.00055415335,0.14809489,0.23540461,0.0105528926849365,14.545388793945335,0,0,0,0
29.507907485961937,41.788036,0.2011725,-0.0052608442,-0.20998822,12031.45,-0.20643334,2.7676482e-05,0.20223084,-0.052608442,0.0105171871185302,14.82529443105065,0,0,0,0
29.426291084289588,42.128128,0.2090116,-0.01737581,-0.21415327,11988.15,-0.22638741,0.0003019188,0.21264336,-0.1737580999999999,0.0109315586090087,14.32123548719621,0,0,0,0
29.437518374125176,42.164017,0.1994759,-0.017208468,-0.2067328,12158.75,-0.21668437,0.00029613136,0.20290858,-0.17208468,0.0114339447021484,14.832504208882654,0,0,0,0
28.775239880879724,42.015335,0.2050585,-0.014498522,-0.20944892,12081.25,-0.21955703,0.00021020713,0.20803155,-0.14498522,0.0100396521886189,15.071497853597007,0,0,0,0
28.887657101949088,41.7624,0.20347357,-0.012871638,-0.20801598,12092.45,-0.2163452,0.00016567907,0.20609261,-0.12871638,0.0088965702056884,14.813097466362876,0,0,0,0
29.507907485961937,41.93501,0.19514042,-0.00975263,-0.20250571,12175.35,-0.20489305,9.511379e-05,0.19704355,-0.0975263,0.0105171871185302,14.82529443105065,0,0,0,0
29.426291084289588,42.07515,0.20690235,-0.020048093,-0.21226981,12059.4,-0.22695045,0.00040192602,0.21105036,-0.20048093,0.0109315586090087,14.32123548719621,0,0,0,0
28.87584997812908,42.02388,0.19935985,-0.01939447,-0.20639756,11865.75,-0.21875432,0.0003761455,0.20322633,-0.1939447,0.0109853935241699,15.018158531188988,0,0,0,0
29.478845055898063,41.78462,0.21129814,-0.021821829,-0.21123461,11651.35,-0.23311996,0.00047619216,0.21590905,-0.21821829,0.0112010693550109,14.937810198466025,0,0,0,0
28.87584997812908,41.69233,0.21099378,-0.017265422,-0.21062087,11900.15,-0.2282592,0.0002980948,0.21463668,-0.17265422,0.0109853935241699,15.018158531188988,0,0,0,0
29.48794962565105,42.457966,0.1967758,-0.017443208,-0.20134114,12048.25,-0.21421899,0.0003042655,0.20020819,-0.17443208,0.0105528926849365,14.545388793945335,0,0,0,0
29.40596796671552,43.509007,0.0988307,0.05364479,-0.13285397,12600.35,-0.045185912,0.0028777635,0.09352895,0.5364479,0.011005474726359,14.555287297566757,0,0,0,0
29.478845055898063,41.79658,0.16295339,-0.013779051,-0.1778554,12779.25,-0.17673245,0.00018986224,0.16519874,-0.13779051,0.0112010693550109,14.937810198466025,0,0,0,0
28.77436933517457,40.82757,0.17502166,-0.040371846,-0.18899138,12404.0,-0.21539351,0.001629886,0.18208762,-0.40371846,0.0096894741058349,14.974113559722907,0,0,0,0
28.87584997812908,40.719902,0.10087366,0.03203813,-0.12705198,12451.9,-0.06883552,0.0010264418,0.09764185,0.3203813,0.0109853935241699,15.018158531188988,0,0,0,0
29.43544333775841,39.954266,0.117299035,0.024014605,-0.14258628,12758.75,-0.09328443,0.0005767013,0.11448215,0.24014605,0.0112120342254638,14.495665486653678,0,0,0,0
28.77436933517457,39.44498,0.19729525,-0.030951656,-0.2029659,11601.25,-0.2282469,0.0009580051,0.20340186,-0.30951656,0.0096894741058349,14.974113559722907,0,0,0,0
28.863900438944512,40.583183,0.12634426,0.016316459,-0.1566693,12410.5,-0.11002781,0.00026622682,0.12428278,0.16316459,0.0106722672780354,15.035710430145286,0,0,0,0
28.87584997812908,41.355656,0.10211067,0.044525154,-0.12945303,12208.1,-0.057585515,0.0019824891,0.097564176,0.44525154,0.0109853935241699,15.018158531188988,0,0,0,0
29.21082426706954,41.135193,0.103617415,0.006025564,-0.12673981,12090.8,-0.09759185,3.630742e-05,0.102993056,0.06025564,0.0117545138465033,14.92827011744184,0,0,0,0
29.234214401245158,40.18669,0.26952356,-0.111158974,-0.2546209,11865.0,-0.38068253,0.0123563185,0.2994835,-1.11158974,0.0105792490641276,15.068183570437984,0,0,0,0
29.507907485961937,40.36614,0.20494336,-0.04809929,-0.21188833,12223.5,-0.25304264,0.0023135417,0.21480098,-0.4809929,0.0105171871185302,14.82529443105065,0,0,0,0
28.967117881774925,40.00383,0.16759281,-0.013284024,-0.18679072,12180.8,-0.18087684,0.00017646528,0.16981912,-0.13284024,0.0105637062920464,14.902815755208335,0,0,0,0
29.425578371683784,39.316807,0.25381202,-0.09631964,-0.25988635,11603.3,-0.35013166,0.009277472,0.2782591,-0.9631964,0.0115013901392618,14.729311084747335,0,0,0,0
28.81987374623617,39.925213,0.17719889,-0.023036955,-0.18885702,11742.95,-0.20023584,0.00053070125,0.18128102,-0.23036955,0.0110777473449707,15.02515818277996,0,0,0,0
29.437518374125176,40.22771,0.14036137,0.0024256068,-0.16351399,11662.95,-0.13793576,5.8835685e-06,0.1400209,0.024256068,0.0114339447021484,14.832504208882654,0,0,0,0
29.0171795845032,41.065125,0.09926218,0.03289732,-0.12654275,11735.25,-0.06636486,0.0010822336,0.095996715,0.3289732,0.0095214568244086,14.8354873021444,0,0,0,0
28.81987374623617,41.979443,0.14178722,0.021468662,-0.17042646,12258.7,-0.120318554,0.00046090342,0.13874324,0.21468662,0.0110777473449707,15.02515818277996,0,0,0,0
28.967117881774925,40.702812,0.236787,-0.07745007,-0.22933762,11737.75,-0.3142371,0.0059985123,0.25512618,-0.7745006999999999,0.0105637062920464,14.902815755208335,0,0,0,0
29.43544333775841,41.811962,0.11992678,0.038035918,-0.14720464,12167.3,-0.081890866,0.0014467312,0.11536526,0.38035918,0.0112120342254638,14.495665486653678,0,0,0,0
29.234214401245158,42.93478,0.117746,0.045715652,-0.14903274,12227.3,-0.07203035,0.002089921,0.11236317,0.45715652,0.0105792490641276,15.068183570437984,0,0,0,0
29.48794962565105,42.087112,0.143941,0.00486562,-0.16591138,11981.5,-0.13907538,2.3674256e-05,0.14324063,0.0486562,0.0105528926849365,14.545388793945335,0,0,0,0
28.711374537150107,41.729927,0.1625233,0.009853249,-0.17598307,11901.7,-0.15267004,9.708652e-05,0.16092192,0.09853249,0.0099601470099555,15.083465194702171,0,0,0,0
28.967117881774925,39.422764,0.1673493,-0.008126517,-0.20274818,12030.5,-0.1754758,6.6040266e-05,0.16870925,-0.08126517,0.0105637062920464,14.902815755208335,0,0,0,0
29.43544333775841,38.72891,0.20220022,-0.047746886,-0.21064204,11993.95,-0.2499471,0.002279765,0.21185465,-0.47746886,0.0112120342254638,14.495665486653678,0,0,0,0
28.967117881774925,38.282856,0.25825223,-0.0903279,-0.24993978,11323.3,-0.34858012,0.008159131,0.2815796,-0.903279,0.0105637062920464,14.902815755208335,0,0,0,0
28.711374537150107,38.250385,0.21368334,-0.071632884,-0.20800477,11630.45,-0.28531623,0.00513127,0.2289901,-0.71632884,0.0099601470099555,15.083465194702171,0,0,0,0
29.507907485961937,38.286274,0.20047253,-0.0582055,-0.20531794,11572.1,-0.25867802,0.00338788,0.21214113,-0.582055,0.0105171871185302,14.82529443105065,0,0,0,0
29.13729852040612,39.20401,0.12429359,0.030380009,-0.1562522,12384.6,-0.093913585,0.0009229449,0.12051755,0.3038000899999999,0.0113369719187418,14.88310012817385,0,0,0,0
29.507907485961937,39.67228,0.14280805,0.019737909,-0.17151716,12228.5,-0.123070136,0.00038958504,0.13998932,0.19737909,0.0105171871185302,14.82529443105065,0,0,0,0
28.887657101949088,40.306324,0.10852537,0.051624555,-0.14217924,12328.85,-0.056900818,0.0026650946,0.1029228,0.51624555,0.0088965702056884,14.813097466362876,0,0,0,0
29.383197085062704,40.200363,0.13736968,0.02581939,-0.162243,11614.4,-0.11155029,0.0006666409,0.13382287,0.2581939,0.0116676606072319,14.912640349070244,0,0,0,0
29.0171795845032,41.07538,0.11338172,0.05039517,-0.14611103,12212.6,-0.06298655,0.002539673,0.10766783,0.5039517,0.0095214568244086,14.8354873021444,0,0,0,0
29.43544333775841,42.74166,0.100584894,0.047061242,-0.13873248,12725.95,-0.053523652,0.0022147605,0.09585124,0.47061242,0.0112120342254638,14.495665486653678,0,0,0,0
29.21082426706954,41.629097,0.15899202,-0.005465306,-0.18234594,11923.9,-0.16445734,2.9869569e-05,0.15986097,-0.0546530599999999,0.0117545138465033,14.92827011744184,0,0,0,0
29.426291084289588,41.371037,0.13527861,0.019947885,-0.16523628,12179.1,-0.115330726,0.00039791808,0.13258009,0.1994788499999999,0.0109315586090087,14.32123548719621,0,0,0,0
29.63563849131268,41.44623,0.107381746,0.0344962,-0.14549464,12472.45,-0.07288554,0.0011899878,0.10367748,0.344962,0.0094514126247829,14.539032554626488,0,0,0,0
29.214689826965355,41.38471,0.110817306,0.03799313,-0.13462415,12614.7,-0.07282418,0.0014434779,0.10660701,0.3799312999999999,0.0111927111943562,15.171249326070182,0,0,0,0
29.21082426706954,41.374454,0.15809649,0.009539843,-0.18381107,12033.7,-0.14855665,9.10086e-05,0.15658827,0.0953984299999999,0.0117545138465033,14.92827011744184,0,0,0,0
28.81987374623617,40.889095,0.19396442,-0.017543355,-0.20620646,12121.95,-0.21150778,0.0003077693,0.19736722,-0.17543355,0.0110777473449707,15.02515818277996,0,0,0,0
29.587538973490425,40.774593,0.10684502,0.037366908,-0.1392618,12891.1,-0.06947811,0.001396286,0.10285255,0.37366908,0.011531532605489,14.80689392089846,0,0,0,0
28.967117881774925,40.23113,0.13266586,0.028173165,-0.15832733,12324.95,-0.10449269,0.00079372723,0.12892824,0.28173165,0.0105637062920464,14.902815755208335,0,0,0,0
28.967117881774925,39.01773,0.15435025,-0.0003077965,-0.1807728,11681.35,-0.15465805,9.4738674e-08,0.15439777,-0.003077965,0.0105637062920464,14.902815755208335,0,0,0,0
29.214689826965355,36.866085,0.19186006,-0.04473017,-0.19850421,11927.7,-0.23659024,0.0020007882,0.200442,-0.4473017,0.0111927111943562,15.171249326070182,0,0,0,0
28.967117881774925,35.792828,0.1536861,-0.10818996,-0.13186027,10210.75,-0.26187608,0.011705069,0.1703134,-1.0818996,0.0105637062920464,14.902815755208335,0,0,0,0
29.478845055898063,38.522118,0.100080766,0.032280985,-0.13275841,12337.3,-0.067799784,0.001042062,0.09685006,0.3228098499999999,0.0112010693550109,14.937810198466025,0,0,0,0
29.0171795845032,40.771175,0.09040018,0.042618055,-0.12339618,12332.15,-0.04778213,0.0018162986,0.0865475,0.42618055,0.0095214568244086,14.8354873021444,0,0,0,0
29.507907485961937,40.996765,0.094090484,0.045881685,-0.12832725,12707.25,-0.048208795,0.0021051292,0.089773454,0.45881685,0.0105171871185302,14.82529443105065,0,0,0,0
29.21082426706954,41.10785,0.09230899,0.04868529,-0.12923677,12898.65,-0.043623697,0.0023702576,0.0878149,0.4868529,0.0117545138465033,14.92827011744184,0,0,0,0
29.478845055898063,41.24286,0.09617461,0.052591387,-0.13466,13192.4,-0.043583225,0.0027658541,0.09111666,0.52591387,0.0112010693550109,14.937810198466025,0,0,0,0
29.507907485961937,40.767757,0.11572813,0.03509614,-0.14812435,12320.55,-0.08063199,0.001231739,0.11166652,0.3509614,0.0105171871185302,14.82529443105065,0,0,0,0
29.507907485961937,39.029694,0.180252,-0.027736675,-0.19282347,11442.75,-0.20798868,0.00076932315,0.1852516,-0.27736675,0.0105171871185302,14.82529443105065,0,0,0,0
29.425578371683784,38.505028,0.09508242,-0.05149932,-0.09039587,9993.95,-0.14658174,0.00265218,0.099979095,-0.5149932,0.0115013901392618,14.729311084747335,0,0,0,0
29.425578371683784,40.50457,0.13293684,-0.05172775,-0.13582532,10650.8,-0.18466458,0.00267576,0.13981336,-0.5172775000000001,0.0115013901392618,14.729311084747335,0,0,0,0
29.478845055898063,43.40476,0.092745274,0.02258289,-0.11519616,13324.4,-0.070162386,0.00050998694,0.09065082,0.2258289,0.0112010693550109,14.937810198466025,0,0,0,0
28.775239880879724,42.83395,0.11600728,0.020144178,-0.14149778,13040.2,-0.095863104,0.0004057879,0.11367041,0.20144178,0.0100396521886189,15.071497853597007,0,0,0,0
29.13729852040612,39.65177,0.24377343,-0.059801634,-0.24731773,11497.85,-0.30357507,0.0035762354,0.25835148,-0.59801634,0.0113369719187418,14.88310012817385,0,0,0,0
29.0171795845032,39.489418,0.14351475,-0.014736842,-0.16570109,11915.0,-0.15825158,0.00021717451,0.1456297,-0.14736842,0.0095214568244086,14.8354873021444,0,0,0,0
28.863900438944512,39.557777,0.11865272,0.023346998,-0.15567115,12443.85,-0.09530572,0.00054508226,0.11588253,0.23346998,0.0106722672780354,15.035710430145286,0,0,0,0
28.81987374623617,39.884197,0.123696506,0.027056128,-0.15431221,11966.65,-0.09664038,0.00073203404,0.12034976,0.27056128,0.0110777473449707,15.02515818277996,0,0,0,0
29.0171795845032,40.405445,0.10281364,0.046822477,-0.124934815,11996.45,-0.055991158,0.0021923445,0.09799965,0.46822477,0.0095214568244086,14.8354873021444,0,0,0,0
29.425578371683784,40.458424,0.097937115,0.043918062,-0.13646558,11856.25,-0.05401905,0.0019287962,0.0936359,0.43918062,0.0115013901392618,14.729311084747335,0,0,0,0
29.507907485961937,39.920086,0.11474837,0.016685138,-0.14969586,12212.6,-0.09806324,0.0002783938,0.11283378,0.16685138,0.0105171871185302,14.82529443105065,0,0,0,0
29.234214401245158,39.77995,0.1115388,0.022961106,-0.14849229,12191.15,-0.088577695,0.0005272124,0.10897774,0.2296110599999999,0.0105792490641276,15.068183570437984,0,0,0,0
28.71447588602703,40.36101,0.09611336,0.042497296,-0.13429995,12263.05,-0.053616066,0.0018060202,0.092028804,0.4249729599999999,0.0101193030675252,15.129899597167991,0,0,0,0
28.87584997812908,39.800457,0.14357202,0.0050896564,-0.16686565,11758.5,-0.13848236,2.5904601e-05,0.1428413,0.050896564,0.0109853935241699,15.018158531188988,0,0,0,0
28.81987374623617,39.48771,0.1353806,-0.0062481402,-0.1662069,11936.0,-0.14162873,3.903926e-05,0.13622648,-0.062481402,0.0110777473449707,15.02515818277996,0,0,0,0
29.383197085062704,39.475746,0.1472801,-0.039931808,-0.16894843,11648.9,-0.1872119,0.0015945493,0.15316126,-0.39931808,0.0116676606072319,14.912640349070244,0,0,0,0
28.967117881774925,39.716713,0.16223668,-0.011315289,-0.1859453,11995.45,-0.17355196,0.00012803577,0.16407242,-0.1131528899999999,0.0105637062920464,14.902815755208335,0,0,0,0
28.967117881774925,39.561195,0.12421392,0.03145091,-0.16003904,12032.85,-0.092763014,0.0009891596,0.12030728,0.3145091,0.0105637062920464,14.902815755208335,0,0,0,0
28.863900438944512,38.94253,0.1924052,-0.041311413,-0.20176138,11382.45,-0.2337166,0.0017066329,0.20035373,-0.4131141299999999,0.0106722672780354,15.035710430145286,0,0,0,0
28.967117881774925,37.78895,0.16002199,-0.036890175,-0.15942852,11236.95,-0.19691217,0.0013608851,0.16592523,-0.36890175,0.0105637062920464,14.902815755208335,0,0,0,0
29.21082426706954,39.256992,0.16156302,-0.048392568,-0.16719839,11277.9,-0.20995559,0.0023418404,0.16938148,-0.4839256799999999,0.0117545138465033,14.92827011744184,0,0,0,0
28.887657101949088,41.35053,0.114748254,0.021150686,-0.1468085,12028.5,-0.09359757,0.0004473515,0.11232125,0.21150686,0.0088965702056884,14.813097466362876,0,0,0,0
28.967117881774925,41.653023,0.07766056,0.062416077,-0.110570535,12150.85,-0.015244484,0.0038957666,0.072813295,0.62416077,0.0105637062920464,14.902815755208335,0,0,0,0
29.48794962565105,41.856396,0.11710603,0.0330771,-0.14203013,12232.65,-0.08402893,0.0010940945,0.1132325,0.330771,0.0105528926849365,14.545388793945335,0,0,0,0
29.214689826965355,41.7436,0.12425592,0.0011819615,-0.14336762,12647.15,-0.12307395,1.3970329e-06,0.12410905,0.011819615,0.0111927111943562,15.171249326070182,0,0,0,0
29.234214401245158,41.678658,0.13824339,0.013422717,-0.15678221,12229.5,-0.12482067,0.00018016934,0.13638778,0.13422717,0.0105792490641276,15.068183570437984,0,0,0,0
29.426291084289588,41.59321,0.12613645,0.040514782,-0.15645733,11899.4,-0.08562166,0.0016414477,0.121026054,0.40514782,0.0109315586090087,14.32123548719621,0,0,0,0
28.887657101949088,41.470158,0.10461009,0.049459886,-0.14181927,11910.25,-0.055150203,0.0024462803,0.09943609,0.49459886,0.0088965702056884,14.813097466362876,0,0,0,0
28.711374537150107,41.514595,0.1386693,0.023970185,-0.17705141,12635.0,-0.11469912,0.0005745698,0.13534537,0.23970185,0.0099601470099555,15.083465194702171,0,0,0,0
28.967117881774925,42.62887,0.12151264,0.030125657,-0.15861613,12581.15,-0.09138698,0.0009075552,0.11785199,0.30125657,0.0105637062920464,14.902815755208335,0,0,0,0
29.48794962565105,42.796352,0.13244767,0.009122215,-0.15654428,13214.15,-0.12332546,8.321481e-05,0.13123946,0.09122215,0.0105528926849365,14.545388793945335,0,0,0,0
29.25716981887821,42.17256,0.1845264,-0.017811997,-0.19582132,12310.8,-0.2023384,0.00031726726,0.18781318,-0.17811997,0.0098183250427246,14.7552871068319,0,0,0,0
29.13729852040612,40.822445,0.23387673,-0.037309375,-0.22864985,11784.9,-0.2711861,0.0013919895,0.24260253,-0.37309375,0.0113369719187418,14.88310012817385,0,0,0,0
29.25716981887821,40.584892,0.1854858,-0.010156838,-0.1960257,12134.2,-0.19564262,0.00010316135,0.18736973,-0.10156838,0.0098183250427246,14.7552871068319,0,0,0,0
28.967117881774925,41.453068,0.13477232,0.015285908,-0.15495986,12536.25,-0.11948641,0.000233659,0.1327122,0.15285908,0.0105637062920464,14.902815755208335,0,0,0,0
29.0171795845032,41.215515,0.15536097,-0.00047199256,-0.17209518,11982.9,-0.15583296,2.2277699e-07,0.1554343,-0.0047199256,0.0095214568244086,14.8354873021444,0,0,0,0
29.214689826965355,39.978195,0.18136717,-0.016140625,-0.19585557,11832.95,-0.1975078,0.00026051974,0.18429455,-0.1614062499999999,0.0111927111943562,15.171249326070182,0,0,0,0
28.71447588602703,39.465492,0.21834245,-0.038799547,-0.22065333,11507.3,-0.257142,0.0015054047,0.22681403,-0.3879954699999999,0.0101193030675252,15.129899597167991,0,0,0,0
29.48794962565105,41.271915,0.2504705,-0.056998793,-0.2436371,11733.4,-0.30746928,0.0032488625,0.26474702,-0.56998793,0.0105528926849365,14.545388793945335,0,0,0,0
29.40596796671552,41.960644,0.22934179,-0.04881191,-0.23184264,11882.75,-0.2781537,0.0023826025,0.2405364,-0.4881191,0.011005474726359,14.555287297566757,0,0,0,0
29.25716981887821,42.100784,0.24376108,-0.060351904,-0.23888166,11519.85,-0.30411297,0.0036423525,0.25847253,-0.60351904,0.0098183250427246,14.7552871068319,0,0,0,0
29.21082426706954,41.57099,0.16450967,-0.016892845,-0.17613558,12339.2,-0.1814025,0.00028536818,0.1672887,-0.16892845,0.0117545138465033,14.92827011744184,0,0,0,0
28.81987374623617,35.876568,-0.011211644,-0.037966188,0.015712958,10093.4,-0.026754545,0.0014414315,-0.011637308,-0.37966188,0.0110777473449707,15.02515818277996,0,0,0,0
29.48794962565105,37.70692,0.18386644,-0.025024384,-0.18415074,11285.3,-0.20889083,0.00062621984,0.18846759,-0.25024384,0.0105528926849365,14.545388793945335,0,0,0,0
28.81987374623617,39.197174,0.24826956,-0.07919198,-0.24376838,11220.7,-0.32746154,0.0062713698,0.2679305,-0.7919198,0.0110777473449707,15.02515818277996,0,0,0,0
29.48794962565105,39.646645,0.23004909,-0.058234416,-0.23160371,11356.7,-0.2882835,0.0033912472,0.24344586,-0.58234416,0.0105528926849365,14.545388793945335,0,0,0,0
29.63563849131268,40.969418,0.17886151,-0.031111242,-0.18926577,12216.6,-0.20997275,0.0009679094,0.18442611,-0.31111242,0.0094514126247829,14.539032554626488,0,0,0,0
29.214689826965355,41.647896,0.15671803,-0.0005164548,-0.16875586,12673.15,-0.15723448,2.6672558e-07,0.15679896,-0.005164548,0.0111927111943562,15.171249326070182,0,0,0,0
29.3144397099813,41.83418,0.2077001,-0.046712827,-0.21632653,12136.45,-0.25441292,0.0021820883,0.21740235,-0.46712827,0.011785807079739,14.98104512956408,0,0,0,0
29.3144397099813,41.45136,0.20853496,-0.04443017,-0.2247774,12120.35,-0.25296512,0.0019740402,0.2178002,-0.4443016999999999,0.011785807079739,14.98104512956408,0,0,0,0
29.437518374125176,41.54023,0.1635259,-0.009193173,-0.18359792,12454.25,-0.17271908,8.451442e-05,0.16502921,-0.09193173,0.0114339447021484,14.832504208882654,0,0,0,0
29.43544333775841,41.738472,0.23004112,-0.032776423,-0.23065756,11569.8,-0.26281753,0.001074294,0.23758103,-0.32776423,0.0112120342254638,14.495665486653678,0,0,0,0
28.81987374623617,41.85127,0.16363445,-0.016644739,-0.17746907,11972.75,-0.1802792,0.00027704734,0.16635811,-0.1664473899999999,0.0110777473449707,15.02515818277996,0,0,0,0
29.214689826965355,41.511177,0.20488642,-0.014114316,-0.2061775,12005.55,-0.21900074,0.00019921392,0.20777825,-0.14114316,0.0111927111943562,15.171249326070182,0,0,0,0
29.425578371683784,41.91621,0.15107773,0.015200612,-0.175947,12796.0,-0.13587712,0.0002310586,0.14878125,0.15200612,0.0115013901392618,14.729311084747335,0,0,0,0
29.21082426706954,42.081985,0.16211359,-0.009681449,-0.18878174,12602.0,-0.17179504,9.373046e-05,0.16368309,-0.09681449,0.0117545138465033,14.92827011744184,0,0,0,0
29.13729852040612,42.011917,0.18553896,-0.02240963,-0.20350404,12567.6,-0.2079486,0.0005021914,0.18969683,-0.2240963,0.0113369719187418,14.88310012817385,0,0,0,0
29.21082426706954,42.05464,0.12106287,0.006604261,-0.15872325,13013.2,-0.114458606,4.3616266e-05,0.12026333,0.06604261,0.0117545138465033,14.92827011744184,0,0,0,0
28.863900438944512,42.804897,0.17368057,-0.02866435,-0.19081357,12222.25,-0.20234492,0.000821645,0.178659,-0.2866435,0.0106722672780354,15.035710430145286,0,0,0,0
29.234214401245158,43.649147,0.1235111,0.013810357,-0.14526585,13036.25,-0.10970074,0.00019072596,0.12180536,0.13810357,0.0105792490641276,15.068183570437984,0,0,0,0
28.71447588602703,43.42185,0.10974513,0.027502846,-0.13591488,12982.3,-0.08224228,0.0007564066,0.106726825,0.27502846,0.0101193030675252,15.129899597167991,0,0,0,0
29.489220873514853,43.372288,0.095915236,0.036490723,-0.1495585,14408.75,-0.059424512,0.0013315729,0.09241522,0.36490723,0.0117224762174818,14.637499321831626,0,0,0,0
29.21082426706954,43.380833,0.15057445,0.013881443,-0.18005942,12588.6,-0.136693,0.00019269447,0.14848426,0.13881443,0.0117545138465033,14.92827011744184,0,0,0,0
28.81987374623617,43.843975,0.13868342,0.010164626,-0.17566627,12347.25,-0.1285188,0.00010331962,0.13727376,0.1016462599999999,0.0110777473449707,15.02515818277996,0,0,0,0
29.25716981887821,44.568596,0.13485883,0.029307606,-0.17259955,12245.55,-0.10555123,0.00085893576,0.13090645,0.2930760599999999,0.0098183250427246,14.7552871068319,0,0,0,0
28.887657101949088,43.037323,0.1733624,-0.0013436296,-0.19269799,11899.2,-0.17470603,1.8053404e-06,0.17359534,-0.013436296,0.0088965702056884,14.813097466362876,0,0,0,0
29.498190180460654,42.775845,0.15683056,-0.0063949693,-0.1792535,11927.7,-0.16322553,4.089563e-05,0.15783349,-0.063949693,0.0103383498390515,14.389676666259788,0,0,0,0
29.53638579050701,43.341526,0.17009789,-0.012576786,-0.191807,11666.85,-0.18267468,0.00015817554,0.17223717,-0.12576786,0.0099408562978108,14.67159852981571,0,0,0,0
28.863900438944512,44.16356,0.1536781,0.0048393663,-0.17885526,11901.95,-0.14883874,2.3419465e-05,0.1529344,0.048393663,0.0106722672780354,15.035710430145286,0,0,0,0
29.507907485961937,44.481434,0.12622875,0.03243874,-0.16415711,12400.35,-0.09379002,0.0010522718,0.12213405,0.3243874,0.0105171871185302,14.82529443105065,0,0,0,0
29.425578371683784,43.268036,0.09683632,0.04176206,-0.1420165,13473.7,-0.05507426,0.0017440697,0.092792235,0.4176205999999999,0.0115013901392618,14.729311084747335,0,0,0,0
28.87584997812908,42.28365,0.11165502,0.03613314,-0.14593984,13213.0,-0.07552188,0.0013056038,0.107620575,0.3613314,0.0109853935241699,15.018158531188988,0,0,0,0
29.40596796671552,42.26485,0.20912154,-0.031677008,-0.21656151,11694.85,-0.24079855,0.0010034329,0.21574588,-0.31677008,0.011005474726359,14.555287297566757,0,0,0,0
29.214689826965355,42.74166,0.11372883,0.04656009,-0.14697942,12557.55,-0.067168735,0.0021678421,0.108433604,0.4656009,0.0111927111943562,15.171249326070182,0,0,0,0
29.383197085062704,42.34859,0.17983651,0.01554091,-0.20068797,11870.4,-0.1642956,0.00024151988,0.1770417,0.1554091,0.0116676606072319,14.912640349070244,0,0,0,0
29.0171795845032,42.030716,0.17574814,-0.0071420106,-0.19819486,11848.7,-0.18289015,5.1008312e-05,0.17700334,-0.071420106,0.0095214568244086,14.8354873021444,0,0,0,0
29.214689826965355,42.044388,0.19481012,-0.032072492,-0.21087603,11750.25,-0.22688262,0.0010286447,0.20105816,-0.32072492,0.0111927111943562,15.171249326070182,0,0,0,0
28.967117881774925,42.08882,0.15758489,0.017272046,-0.1823777,12018.45,-0.14031284,0.00029832358,0.15486307,0.17272046,0.0105637062920464,14.902815755208335,0,0,0,0
28.863900438944512,42.030716,0.12599398,0.014182776,-0.16363375,12104.25,-0.111811206,0.00020115115,0.124207035,0.14182776,0.0106722672780354,15.035710430145286,0,0,0,0
28.77436933517457,41.921337,0.2344788,-0.054973558,-0.2461405,11659.9,-0.28945237,0.0030220922,0.24736893,-0.54973558,0.0096894741058349,14.974113559722907,0,0,0,0
29.63563849131268,42.439167,0.120422594,0.00866917,-0.1452658,12630.15,-0.11175343,7.51545e-05,0.119378634,0.0866917,0.0094514126247829,14.539032554626488,0,0,0,0
29.53638579050701,43.671364,0.16266684,-0.008703233,-0.1975643,12199.15,-0.17137007,7.574626e-05,0.16408257,-0.0870323299999999,0.0099408562978108,14.67159852981571,0,0,0,0
29.478845055898063,43.90208,0.16389196,-0.003742334,-0.19173522,12462.45,-0.1676343,1.4005063e-05,0.1645053,-0.03742334,0.0112010693550109,14.937810198466025,0,0,0,0
29.40596796671552,43.649147,0.1294099,0.038762826,-0.18371549,12970.95,-0.09064708,0.0015025566,0.124393605,0.38762826,0.011005474726359,14.555287297566757,0,0,0,0
29.21082426706954,42.309284,0.15551898,0.0074520283,-0.19589737,12404.45,-0.14806694,5.5532728e-05,0.15436004,0.0745202829999999,0.0117545138465033,14.92827011744184,0,0,0,0
29.21082426706954,40.91302,0.17056856,-0.025807148,-0.19201262,11714.2,-0.19637571,0.0006660089,0.17497045,-0.2580714799999999,0.0117545138465033,14.92827011744184,0,0,0,0
29.21082426706954,40.90106,0.2224475,-0.043981027,-0.22547235,11344.35,-0.26642853,0.0019343309,0.23223098,-0.43981027,0.0117545138465033,14.92827011744184,0,0,0,0
28.967117881774925,40.924984,0.20440888,-0.044871114,-0.21725161,11524.6,-0.24928,0.002013417,0.21358094,-0.4487111399999999,0.0105637062920464,14.902815755208335,0,0,0,0
28.863900438944512,41.048035,0.17844886,-0.016754955,-0.20502962,11798.75,-0.19520381,0.0002807285,0.18143876,-0.16754955,0.0106722672780354,15.035710430145286,0,0,0,0
29.25716981887821,41.03949,0.19568937,-0.006566442,-0.21362595,11833.3,-0.2022558,4.311816e-05,0.19697434,-0.06566442,0.0098183250427246,14.7552871068319,0,0,0,0
29.0171795845032,41.227478,0.19006935,-0.0076984414,-0.21164472,11838.45,-0.19776778,5.9266e-05,0.19153258,-0.076984414,0.0095214568244086,14.8354873021444,0,0,0,0
28.87584997812908,41.152283,0.1611788,0.018503169,-0.1965402,12310.55,-0.14267562,0.00034236725,0.15819648,0.18503169,0.0109853935241699,15.018158531188988,0,0,0,0
29.53638579050701,41.647896,0.16900326,0.02200063,-0.19979669,11985.15,-0.14700264,0.00048402767,0.16528508,0.2200063,0.0099408562978108,14.67159852981571,0,0,0,0
29.0171795845032,42.032425,0.19525653,-0.007860817,-0.21675418,11767.1,-0.20311736,6.1792445e-05,0.19679141,-0.07860817,0.0095214568244086,14.8354873021444,0,0,0,0
29.25716981887821,41.167664,0.17649269,-0.0047682235,-0.20059937,11935.05,-0.18126091,2.2735956e-05,0.17733423,-0.047682235,0.0098183250427246,14.7552871068319,0,0,0,0
29.383197085062704,40.648125,0.1852013,-0.014254401,-0.21181726,12072.85,-0.19945571,0.00020318797,0.18784124,-0.14254401,0.0116676606072319,14.912640349070244,0,0,0,0
29.507907485961937,41.143738,0.17166033,-0.00929216,-0.2010757,11824.9,-0.1809525,8.634425e-05,0.17325543,-0.0929216,0.0105171871185302,14.82529443105065,0,0,0,0
28.77436933517457,41.44794,0.16026038,0.0046797395,-0.19939801,12187.55,-0.15558064,2.189996e-05,0.1595104,0.046797395,0.0096894741058349,14.974113559722907,0,0,0,0
28.967117881774925,41.059998,0.20175596,-0.034185003,-0.20851202,11349.7,-0.23594096,0.0011686145,0.20865299,-0.3418500299999999,0.0105637062920464,14.902815755208335,0,0,0,0
29.489220873514853,40.77801,0.19184694,-0.021821322,-0.20612833,11736.0,-0.21366826,0.00047617007,0.1960333,-0.21821322,0.0117224762174818,14.637499321831626,0,0,0,0
29.63563849131268,41.74018,0.18544693,-0.02738382,-0.21248487,11787.15,-0.21283075,0.0007498736,0.19052517,-0.2738382,0.0094514126247829,14.539032554626488,0,0,0,0
29.25716981887821,42.1606,0.15055679,-0.003924277,-0.1801742,11582.75,-0.15448107,1.5399952e-05,0.1511476,-0.03924277,0.0098183250427246,14.7552871068319,0,0,0,0
29.425578371683784,42.136673,0.17477208,0.0024398325,-0.19938433,11571.1,-0.17233226,5.952783e-06,0.17434567,0.024398325,0.0115013901392618,14.729311084747335,0,0,0,0
29.43544333775841,41.21039,0.2237703,-0.042689025,-0.23335247,11540.95,-0.26645935,0.001822353,0.23332284,-0.4268902499999999,0.0112120342254638,14.495665486653678,0,0,0,0
29.587538973490425,41.21039,0.1728344,-0.001474745,-0.18707892,11563.15,-0.17430915,2.1748729e-06,0.17308928,-0.0147474499999999,0.011531532605489,14.80689392089846,0,0,0,0
28.81987374623617,41.17621,0.15762939,0.026561689,-0.18348527,12101.5,-0.1310677,0.0007055233,0.15344249,0.26561689,0.0110777473449707,15.02515818277996,0,0,0,0
29.48794962565105,40.501152,0.17791238,0.0058109295,-0.19790846,11670.7,-0.17210145,3.37669e-05,0.17687854,0.058109295,0.0105528926849365,14.545388793945335,0,0,0,0
29.383197085062704,40.68914,0.19055146,0.007701439,-0.21277423,11659.75,-0.18285002,5.9312162e-05,0.18908393,0.07701439,0.0116676606072319,14.912640349070244,0,0,0,0
28.967117881774925,41.101013,0.17294747,-0.0018821228,-0.20439686,11705.3,-0.17482959,3.5423861e-06,0.17327297,-0.018821228,0.0105637062920464,14.902815755208335,0,0,0,0
29.426291084289588,38.5187,0.20885831,-0.07464395,-0.21334417,10999.25,-0.28350225,0.0055717193,0.22444832,-0.7464395,0.0109315586090087,14.32123548719621,0,0,0,0
29.40596796671552,38.045303,0.1852703,-0.049735893,-0.19699398,11230.2,-0.2350062,0.002473659,0.19448489,-0.49735893,0.011005474726359,14.555287297566757,0,0,0,0
29.63563849131268,40.007248,0.14771038,-0.0026626834,-0.17024179,11267.2,-0.15037306,7.089883e-06,0.14810368,-0.026626834,0.0094514126247829,14.539032554626488,0,0,0,0
28.863900438944512,41.213806,0.16610877,-0.02403793,-0.18049154,11568.9,-0.1901467,0.00057782204,0.17010169,-0.2403793,0.0106722672780354,15.035710430145286,0,0,0,0
29.383197085062704,42.321247,0.14341497,0.011766833,-0.16751215,12061.25,-0.13164814,0.00013845836,0.14172743,0.11766833,0.0116676606072319,14.912640349070244,0,0,0,0
29.13729852040612,42.89889,0.14936586,0.00063359883,-0.16846283,12108.95,-0.14873226,4.014475e-07,0.14927122,0.0063359883,0.0113369719187418,14.88310012817385,0,0,0,0
29.437518374125176,43.14157,0.12869586,0.011405677,-0.15393575,12144.15,-0.11729019,0.00013008947,0.127228,0.11405677,0.0114339447021484,14.832504208882654,0,0,0,0
28.863900438944512,42.98434,0.14241892,0.013218613,-0.16683096,12211.9,-0.12920031,0.00017473173,0.14053634,0.13218613,0.0106722672780354,15.035710430145286,0,0,0,0
29.43544333775841,42.43233,0.1390199,0.01382598,-0.16569242,12270.65,-0.12519394,0.00019115771,0.13709782,0.1382598,0.0112120342254638,14.495665486653678,0,0,0,0
29.40596796671552,42.222122,0.14817208,0.010956176,-0.16884196,12336.3,-0.1372159,0.000120037774,0.14654867,0.10956176,0.011005474726359,14.555287297566757,0,0,0,0
29.383197085062704,42.145218,0.16218755,-0.0037671332,-0.18740574,12320.7,-0.16595468,1.4191292e-05,0.16279854,-0.037671332,0.0116676606072319,14.912640349070244,0,0,0,0
29.426291084289588,41.442814,0.16607103,-0.0040883073,-0.18764177,11959.75,-0.17015934,1.6714257e-05,0.16674998,-0.040883073,0.0109315586090087,14.32123548719621,0,0,0,0
29.0171795845032,41.00702,0.17542785,-0.023614815,-0.20688209,11909.2,-0.19904266,0.0005576595,0.17957056,-0.23614815,0.0095214568244086,14.8354873021444,0,0,0,0
29.214689826965355,40.872005,0.18687102,-0.024829967,-0.20361097,11914.35,-0.21170099,0.0006165273,0.19151102,-0.24829967,0.0111927111943562,15.171249326070182,0,0,0,0
29.25716981887821,41.357365,0.19355851,-0.033549145,-0.20955864,11632.6,-0.22710766,0.0011255452,0.20005223,-0.33549145,0.0098183250427246,14.7552871068319,0,0,0,0
28.887657101949088,41.46503,0.15869561,0.004276664,-0.19712763,12097.65,-0.15441895,1.8289855e-05,0.15801693,0.04276664,0.0088965702056884,14.813097466362876,0,0,0,0
29.437518374125176,41.03607,0.15102303,-0.00014668779,-0.18717788,12206.6,-0.15116972,2.1517307e-08,0.15104517,-0.0014668779,0.0114339447021484,14.832504208882654,0,0,0,0
28.967117881774925,40.91302,0.2101575,-0.030323533,-0.21441258,11231.4,-0.24048102,0.00091951666,0.2165302,-0.30323533,0.0105637062920464,14.902815755208335,0,0,0,0
29.214689826965355,40.97967,0.18460926,0.0038442495,-0.20582376,11769.65,-0.180765,1.4778256e-05,0.18389957,0.038442495,0.0111927111943562,15.171249326070182,0,0,0,0
29.43544333775841,40.96258,0.18576433,-0.025068682,-0.19482552,11411.4,-0.21083301,0.0006284388,0.1904212,-0.25068682,0.0112120342254638,14.495665486653678,0,0,0,0
29.13729852040612,40.239674,0.20887081,-0.036373094,-0.21661998,11315.25,-0.2452439,0.0013230018,0.21646808,-0.36373094,0.0113369719187418,14.88310012817385,0,0,0,0
29.383197085062704,40.318287,0.18604365,0.008816733,-0.20893325,11533.05,-0.17722692,7.7734774e-05,0.18440334,0.08816733,0.0116676606072319,14.912640349070244,0,0,0,0
28.81987374623617,40.302906,0.15373611,0.012634984,-0.18509708,12137.5,-0.14110114,0.00015964283,0.15179367,0.12634984,0.0110777473449707,15.02515818277996,0,0,0,0
29.507907485961937,39.851727,0.19134764,-0.01858306,-0.20726326,11724.85,-0.2099307,0.00034533013,0.19490346,-0.1858305999999999,0.0105171871185302,14.82529443105065,0,0,0,0
29.234214401245158,40.526787,0.18314862,0.02573333,-0.20466676,11941.25,-0.15741529,0.0006622042,0.1784356,0.2573333,0.0105792490641276,15.068183570437984,0,0,0,0
29.507907485961937,40.771175,0.19136971,-0.0017844927,-0.20238456,11582.35,-0.1931542,3.1844145e-06,0.1917112,-0.017844927,0.0105171871185302,14.82529443105065,0,0,0,0
29.0171795845032,40.41228,0.17531319,-0.00084218616,-0.20318301,11765.5,-0.17615537,7.092775e-07,0.17546083,-0.0084218616,0.0095214568244086,14.8354873021444,0,0,0,0
28.711374537150107,40.694267,0.14222622,0.01612384,-0.17750889,12256.75,-0.12610239,0.00025997823,0.13993299,0.1612384,0.0099601470099555,15.083465194702171,0,0,0,0
29.25716981887821,40.02263,0.14137441,0.019720688,-0.16747998,11584.9,-0.12165372,0.00038890555,0.13858642,0.19720688,0.0098183250427246,14.7552871068319,0,0,0,0
29.3144397099813,40.149094,0.18607333,-0.018857727,-0.20195544,11712.0,-0.20493107,0.00035561383,0.18958226,-0.18857727,0.011785807079739,14.98104512956408,0,0,0,0
28.77436933517457,40.359303,0.20294261,-0.029844271,-0.21495888,11550.9,-0.2327869,0.00089068053,0.20899929,-0.29844271,0.0096894741058349,14.974113559722907,0,0,0,0
29.25716981887821,40.894222,0.17454907,-0.013150282,-0.18988504,11407.85,-0.18769936,0.00017292993,0.17684445,-0.13150282,0.0098183250427246,14.7552871068319,0,0,0,0
29.478845055898063,41.181335,0.1400904,0.022173893,-0.1701273,11455.4,-0.11791651,0.0004916815,0.13698405,0.22173893,0.0112010693550109,14.937810198466025,0,0,0,0
29.48794962565105,40.451588,0.1661779,-0.00015456168,-0.19443558,12479.55,-0.16633245,2.3889312e-08,0.16620357,-0.0015456168,0.0105528926849365,14.545388793945335,0,0,0,0
29.234214401245158,39.89445,0.19382583,-0.04593001,-0.20692763,11644.9,-0.23975584,0.0021095658,0.20272824,-0.4593001,0.0105792490641276,15.068183570437984,0,0,0,0
28.87584997812908,40.44817,0.12015934,0.02591433,-0.14448966,11243.8,-0.09424502,0.0006715525,0.11704549,0.2591432999999999,0.0109853935241699,15.018158531188988,0,0,0,0
29.0171795845032,41.0224,0.14216436,0.024052093,-0.16443321,11617.0,-0.11811228,0.0005785031,0.13874502,0.24052093,0.0095214568244086,14.8354873021444,0,0,0,0
29.40596796671552,41.704292,0.12521514,0.020782625,-0.16325623,11773.8,-0.10443252,0.0004319175,0.12261285,0.20782625,0.011005474726359,14.555287297566757,0,0,0,0
29.437518374125176,40.545586,0.16724646,0.0074627986,-0.19221543,11658.95,-0.15978366,5.5693363e-05,0.16599834,0.074627986,0.0114339447021484,14.832504208882654,0,0,0,0
28.967117881774925,40.03459,0.18228032,-0.023522556,-0.20462011,11501.65,-0.20580287,0.0005533107,0.18656802,-0.23522556,0.0105637062920464,14.902815755208335,0,0,0,0
29.0171795845032,40.212326,0.13066067,0.017663697,-0.16558065,12133.55,-0.112996966,0.00031200622,0.12835272,0.17663697,0.0095214568244086,14.8354873021444,0,0,0,0
29.437518374125176,41.44965,0.118772395,0.06435063,-0.16242318,12458.1,-0.054421764,0.0041410034,0.11112931,0.6435063000000001,0.0114339447021484,14.832504208882654,0,0,0,0
29.3144397099813,42.22383,0.14993127,0.0112137105,-0.18635775,12013.3,-0.13871756,0.0001257473,0.14824998,0.112137105,0.011785807079739,14.98104512956408,0,0,0,0
28.967117881774925,42.17769,0.1614839,-0.008720887,-0.1979392,11965.1,-0.17020479,7.6053875e-05,0.1628922,-0.08720887,0.0105637062920464,14.902815755208335,0,0,0,0
29.21082426706954,42.28536,0.14330317,0.029716793,-0.17532356,12399.95,-0.11358638,0.0008830878,0.13904466,0.2971679299999999,0.0117545138465033,14.92827011744184,0,0,0,0
28.71447588602703,43.05612,0.12580828,0.034477506,-0.1527366,11965.2,-0.09133078,0.0011886983,0.12147073,0.3447750599999999,0.0101193030675252,15.129899597167991,0,0,0,0
29.63563849131268,42.686974,0.13789847,0.032787126,-0.17166896,12182.15,-0.10511135,0.0010749955,0.13337718,0.32787126,0.0094514126247829,14.539032554626488,0,0,0,0
29.507907485961937,42.117874,0.14310867,0.020960882,-0.16744587,11967.6,-0.12214778,0.0004393586,0.14010899,0.20960882,0.0105171871185302,14.82529443105065,0,0,0,0
28.71447588602703,41.929882,0.15390404,0.020155083,-0.18224823,12126.9,-0.13374895,0.0004062274,0.15080209,0.20155083,0.0101193030675252,15.129899597167991,0,0,0,0
29.437518374125176,42.11104,0.12245793,0.050242007,-0.15300733,12126.05,-0.07221593,0.002524259,0.1163054,0.50242007,0.0114339447021484,14.832504208882654,0,0,0,0
29.498190180460654,41.601753,0.15380876,0.017899286,-0.17272678,11645.45,-0.13590947,0.00032038442,0.1510557,0.17899286,0.0103383498390515,14.389676666259788,0,0,0,0
29.507907485961937,41.567574,0.121660225,0.036338378,-0.15979563,11765.75,-0.08532185,0.0013204776,0.1172393,0.36338378,0.0105171871185302,14.82529443105065,0,0,0,0
28.77436933517457,40.86517,0.16649866,0.0119982315,-0.18729274,11515.4,-0.15450044,0.00014395756,0.16450098,0.1199823149999999,0.0096894741058349,14.974113559722907,0,0,0,0
28.81987374623617,40.3969,0.15497465,0.00927423,-0.1743753,11795.65,-0.14570042,8.601135e-05,0.1535374,0.0927423,0.0110777473449707,15.02515818277996,0,0,0,0
29.13729852040612,42.360554,0.18311526,-0.009621667,-0.20585941,11678.5,-0.19273692,9.257647e-05,0.18487713,-0.09621667,0.0113369719187418,14.88310012817385,0,0,0,0
29.48794962565105,42.152054,0.17975959,0.0035978034,-0.20556201,11793.95,-0.17616178,1.294419e-05,0.17911285,0.035978034,0.0105528926849365,14.545388793945335,0,0,0,0
29.437518374125176,41.454777,0.14198059,0.019163972,-0.18094963,11894.65,-0.12281661,0.0003672578,0.13925967,0.19163972,0.0114339447021484,14.832504208882654,0,0,0,0
29.3144397099813,41.130066,0.18465337,0.017414417,-0.21012431,11599.25,-0.16723895,0.0003032619,0.18143775,0.17414417,0.011785807079739,14.98104512956408,0,0,0,0
29.53638579050701,40.805355,0.20972875,-0.017211456,-0.22575247,11646.85,-0.2269402,0.00029623418,0.21333848,-0.17211456,0.0099408562978108,14.67159852981571,0,0,0,0
29.383197085062704,40.634453,0.16044179,-0.0014582739,-0.17907146,11974.8,-0.16190006,2.1265625e-06,0.16067575,-0.014582739,0.0116676606072319,14.912640349070244,0,0,0,0
29.234214401245158,40.784847,0.14518742,0.0088239005,-0.16506149,11609.05,-0.13636352,7.7861216e-05,0.14390631,0.088239005,0.0105792490641276,15.068183570437984,0,0,0,0
29.21082426706954,40.084152,0.15105972,0.03187801,-0.16935962,11563.2,-0.11918171,0.0010162075,0.14624423,0.3187801,0.0117545138465033,14.92827011744184,0,0,0,0
29.40596796671552,40.34563,0.21114479,-0.007088854,-0.22217055,11348.55,-0.21823364,5.025185e-05,0.21264157,-0.07088854,0.011005474726359,14.555287297566757,0,0,0,0
29.3144397099813,40.738705,0.20143782,-0.025936954,-0.21072936,11300.2,-0.22737476,0.00067272555,0.20666249,-0.25936954,0.011785807079739,14.98104512956408,0,0,0,0
29.21082426706954,40.88397,0.12900013,0.03681844,-0.16219239,11678.95,-0.09218168,0.0013555976,0.124250546,0.3681844,0.0117545138465033,14.92827011744184,0,0,0,0
28.81987374623617,41.051453,0.2199985,-0.03843265,-0.21730171,10781.6,-0.25843114,0.0014770686,0.22845362,-0.3843265,0.0110777473449707,15.02515818277996,0,0,0,0
29.48794962565105,39.952557,0.17901257,0.007933952,-0.21112263,11600.7,-0.1710786,6.29476e-05,0.17759228,0.07933952,0.0105528926849365,14.545388793945335,0,0,0,0
29.383197085062704,39.18692,0.21827234,-0.015999302,-0.23199888,11420.3,-0.23427165,0.0002559777,0.22176455,-0.1599930199999999,0.0116676606072319,14.912640349070244,0,0,0,0
29.234214401245158,38.39394,0.18742037,-0.009347925,-0.2080775,12082.8,-0.1967683,8.7383705e-05,0.18917236,-0.09347925,0.0105792490641276,15.068183570437984,0,0,0,0
29.478845055898063,38.458885,0.13769369,0.029080702,-0.17593047,12270.1,-0.108612984,0.0008456873,0.13368946,0.29080702,0.0112010693550109,14.937810198466025,0,0,0,0
29.48794962565105,38.56826,0.1624564,0.0053059994,-0.17617282,11854.5,-0.1571504,2.815363e-05,0.1615944,0.053059994,0.0105528926849365,14.545388793945335,0,0,0,0
28.81987374623617,39.00235,0.1945152,-0.027521834,-0.20813042,11628.9,-0.22203703,0.00075745134,0.1998686,-0.27521834,0.0110777473449707,15.02515818277996,0,0,0,0
29.507907485961937,40.660088,0.17005578,0.0069971187,-0.1927396,11869.5,-0.16305865,4.895967e-05,0.16886587,0.069971187,0.0105171871185302,14.82529443105065,0,0,0,0
29.234214401245158,39.89445,0.21423556,-0.024572782,-0.21306996,10977.3,-0.23880835,0.00060382165,0.21949992,-0.24572782,0.0105792490641276,15.068183570437984,0,0,0,0
28.87584997812908,38.530663,0.2341867,-0.05598096,-0.228754,11196.8,-0.29016766,0.0031338683,0.24729669,-0.5598096,0.0109853935241699,15.018158531188988,0,0,0,0
29.383197085062704,39.08438,0.21222423,-0.047077566,-0.21892501,11124.6,-0.2593018,0.0022162974,0.22221524,-0.47077566,0.0116676606072319,14.912640349070244,0,0,0,0
29.21082426706954,40.08586,0.17452458,-0.00390935,-0.1975036,11886.1,-0.17843392,1.5283018e-05,0.17520685,-0.0390934999999999,0.0117545138465033,14.92827011744184,0,0,0,0
29.425578371683784,39.73039,0.18439573,-0.009714286,-0.20944558,12071.0,-0.19411002,9.4367344e-05,0.18618701,-0.09714286,0.0115013901392618,14.729311084747335,0,0,0,0
29.489220873514853,38.92715,0.1634001,-0.009342884,-0.1769619,11655.8,-0.17274298,8.728948e-05,0.16492672,-0.0934288399999999,0.0117224762174818,14.637499321831626,0,0,0,0
29.43544333775841,39.836346,0.21203399,-0.018526167,-0.22393562,11415.8,-0.23056015,0.00034321885,0.21596216,-0.18526167,0.0112120342254638,14.495665486653678,0,0,0,0
29.25716981887821,40.318287,0.14661804,0.04939663,-0.17782092,12563.6,-0.097221404,0.002440027,0.1393756,0.4939662999999999,0.0098183250427246,14.7552871068319,0,0,0,0
29.40596796671552,40.468678,0.18751472,-0.010301609,-0.20362732,12123.7,-0.19781633,0.00010612313,0.18944642,-0.10301609,0.011005474726359,14.555287297566757,0,0,0,0
29.40596796671552,39.98674,0.19372244,-0.038792044,-0.20812364,11504.1,-0.23251449,0.0015048228,0.20123734,-0.38792044,0.011005474726359,14.555287297566757,0,0,0,0
29.498190180460654,39.576576,0.19001797,-0.03446353,-0.210796,12550.8,-0.2244815,0.0011877348,0.19656666,-0.3446353,0.0103383498390515,14.389676666259788,0,0,0,0
29.426291084289588,39.532143,0.22193973,-0.027800746,-0.22856168,11769.3,-0.24974047,0.00077288155,0.22810982,-0.27800746,0.0109315586090087,14.32123548719621,0,0,0,0
29.234214401245158,40.50628,0.18708639,-0.01618608,-0.20041074,11686.5,-0.20327246,0.0002619892,0.19011457,-0.1618607999999999,0.0105792490641276,15.068183570437984,0,0,0,0
28.967117881774925,40.526787,0.20992228,-0.023125825,-0.2153515,11167.0,-0.2330481,0.0005348038,0.2147769,-0.23125825,0.0105637062920464,14.902815755208335,0,0,0,0
29.478845055898063,41.565865,0.18640949,-0.016773332,-0.20739086,11496.7,-0.20318282,0.0002813447,0.1895362,-0.16773332,0.0112010693550109,14.937810198466025,0,0,0,0
29.234214401245158,40.759212,0.19672307,-0.03524804,-0.20021622,11379.7,-0.23197111,0.0012424245,0.20365718,-0.3524804,0.0105792490641276,15.068183570437984,0,0,0,0
29.425578371683784,41.733345,0.1473487,0.0075643873,-0.16830984,12060.0,-0.1397843,5.7219957e-05,0.1462341,0.075643873,0.0115013901392618,14.729311084747335,0,0,0,0
29.21082426706954,42.717735,0.17765845,-0.01463443,-0.201309,12074.3,-0.19229288,0.00021416655,0.1802584,-0.1463443,0.0117545138465033,14.92827011744184,0,0,0,0
29.214689826965355,42.26314,0.18804933,-0.027273841,-0.19075021,11620.0,-0.21532318,0.0007438624,0.19317816,-0.27273841,0.0111927111943562,15.171249326070182,0,0,0,0
28.887657101949088,41.979443,0.15418327,0.01336739,-0.19279465,12351.2,-0.14081588,0.00017868713,0.15212224,0.1336739,0.0088965702056884,14.813097466362876,0,0,0,0
29.48794962565105,41.27875,0.2096678,-0.03106593,-0.21000737,11554.7,-0.24073373,0.000965092,0.21618132,-0.3106592999999999,0.0105528926849365,14.545388793945335,0,0,0,0
29.0171795845032,40.44817,0.2072028,-0.025625851,-0.22248872,11508.5,-0.23282866,0.0006566842,0.21251257,-0.25625851,0.0095214568244086,14.8354873021444,0,0,0,0
29.489220873514853,40.516533,0.18094122,-0.02674854,-0.21342349,11676.8,-0.20768976,0.0007154844,0.18578114,-0.2674854,0.0117224762174818,14.637499321831626,0,0,0,0
29.43544333775841,39.405674,0.20302092,-0.026652781,-0.21088797,12251.0,-0.22967368,0.0007103708,0.20843197,-0.26652781,0.0112120342254638,14.495665486653678,0,0,0,0
29.507907485961937,38.797268,0.17088187,0.0009849276,-0.19202279,11768.5,-0.16989695,9.700824e-07,0.17071356,0.009849276,0.0105171871185302,14.82529443105065,0,0,0,0
29.48794962565105,39.81242,0.19997163,-0.041593548,-0.20407146,11491.8,-0.24156517,0.0017300232,0.20828916,-0.41593548,0.0105528926849365,14.545388793945335,0,0,0,0
29.425578371683784,39.983322,0.16485974,0.0115286205,-0.18878363,12160.2,-0.15333112,0.00013290909,0.16295913,0.115286205,0.0115013901392618,14.729311084747335,0,0,0,0
29.53638579050701,42.447712,0.18247841,0.03590099,-0.21165192,12356.4,-0.14657742,0.0012888813,0.17592725,0.3590099,0.0099408562978108,14.67159852981571,0,0,0,0
28.87584997812908,42.123,0.17742963,0.028482853,-0.2075277,12083.3,-0.14894678,0.0008112729,0.17237593,0.2848285299999999,0.0109853935241699,15.018158531188988,0,0,0,0
28.967117881774925,41.65473,0.21045011,-0.051656615,-0.24124435,11937.2,-0.26210675,0.0026684057,0.22132125,-0.5165661500000001,0.0105637062920464,14.902815755208335,0,0,0,0
29.489220873514853,41.91792,0.182904,-0.0021910858,-0.2018393,12007.9,-0.18509509,4.800857e-06,0.18330476,-0.021910858,0.0117224762174818,14.637499321831626,0,0,0,0
28.967117881774925,41.20697,0.1254304,0.050123163,-0.16055728,12883.7,-0.075307235,0.0025123314,0.11914343,0.5012316299999999,0.0105637062920464,14.902815755208335,0,0,0,0
28.967117881774925,40.335377,0.14845511,0.052444853,-0.17053688,12137.7,-0.09601026,0.0027504624,0.1406694,0.52444853,0.0105637062920464,14.902815755208335,0,0,0,0
29.53638579050701,39.938885,0.20144948,-0.021843208,-0.20675643,11585.0,-0.2232927,0.00047712572,0.20584978,-0.21843208,0.0099408562978108,14.67159852981571,0,0,0,0
29.437518374125176,40.44475,0.15701002,0.038735393,-0.17734604,12645.7,-0.11827463,0.0015004309,0.15092818,0.38735393,0.0114339447021484,14.832504208882654,0,0,0,0
28.77436933517457,42.201614,0.12676516,0.04515808,-0.16044739,12923.5,-0.08160707,0.0020392523,0.12104069,0.4515808,0.0096894741058349,14.974113559722907,0,0,0,0
29.425578371683784,42.81686,0.14734966,0.02883677,-0.18115108,11885.3,-0.11851289,0.00083155924,0.14310057,0.2883677,0.0115013901392618,14.729311084747335,0,0,0,0
29.43544333775841,41.84956,0.13185853,0.026149841,-0.15148613,12625.2,-0.10570869,0.00068381417,0.12841044,0.26149841,0.0112120342254638,14.495665486653678,0,0,0,0
29.214689826965355,40.437916,0.19178176,-0.017720925,-0.20553277,11834.2,-0.20950268,0.00031403117,0.19518031,-0.1772092499999999,0.0111927111943562,15.171249326070182,0,0,0,0
28.711374537150107,39.665443,0.12801877,0.021577787,-0.15754144,12790.7,-0.106440976,0.00046560084,0.1252564,0.21577787,0.0099601470099555,15.083465194702171,0,0,0,0
29.40596796671552,40.372974,0.1290607,0.01461971,-0.15623155,12481.8,-0.114440985,0.00021373593,0.12717387,0.1461971,0.011005474726359,14.555287297566757,0,0,0,0
29.43544333775841,40.666924,0.13204344,0.02002572,-0.14820795,12101.5,-0.11201771,0.0004010295,0.12939917,0.2002572,0.0112120342254638,14.495665486653678,0,0,0,0
29.234214401245158,40.27727,0.10517081,0.060317088,-0.13584612,12498.7,-0.044853725,0.003638151,0.09882721,0.60317088,0.0105792490641276,15.068183570437984,0,0,0,0
29.383197085062704,41.1933,0.108564615,0.0727721,-0.14274009,12911.0,-0.035792515,0.005295778,0.10066414,0.7277210000000001,0.0116676606072319,14.912640349070244,0,0,0,0
29.234214401245158,40.960873,0.1238424,0.0469247,-0.15186773,12862.3,-0.0769177,0.0022019276,0.11803113,0.4692469999999999,0.0105792490641276,15.068183570437984,0,0,0,0
28.87584997812908,41.408634,0.1058971,0.05953403,-0.13546358,12451.8,-0.046363067,0.0035443008,0.09959262,0.5953403,0.0109853935241699,15.018158531188988,0,0,0,0
28.87584997812908,42.006786,0.11792615,0.04706641,-0.13835597,12547.2,-0.07085974,0.002215247,0.11237579,0.4706641,0.0109853935241699,15.018158531188988,0,0,0,0
29.587538973490425,42.07515,0.1501768,0.0121476045,-0.16782388,12597.2,-0.13802919,0.00014756431,0.1483525,0.121476045,0.011531532605489,14.80689392089846,0,0,0,0
28.967117881774925,43.758522,0.14584458,0.023088405,-0.18647917,12587.25,-0.122756176,0.0005330745,0.14247726,0.23088405,0.0105637062920464,14.902815755208335,0,0,0,0
29.13729852040612,43.397923,0.1222363,0.052358337,-0.16019417,12531.65,-0.06987796,0.0027413953,0.11583621,0.52358337,0.0113369719187418,14.88310012817385,0,0,0,0
29.25716981887821,43.673073,0.14838883,0.0134709915,-0.17630583,12359.35,-0.13491784,0.00018146762,0.1463899,0.1347099149999999,0.0098183250427246,14.7552871068319,0,0,0,0
29.43544333775841,43.532932,0.15804265,0.00335469,-0.18711735,12324.55,-0.15468797,1.1253946e-05,0.15751247,0.0335469,0.0112120342254638,14.495665486653678,0,0,0,0
28.81987374623617,43.862774,0.12872998,0.030270623,-0.16307408,12195.9,-0.09845936,0.00091631064,0.12483325,0.30270623,0.0110777473449707,15.02515818277996,0,0,0,0
29.21082426706954,43.965313,0.125,0.048233785,-0.16225165,12151.0,-0.076766215,0.002326498,0.118970774,0.48233785,0.0117545138465033,14.92827011744184,0,0,0,0
29.63563849131268,42.29732,0.11821515,0.045550723,-0.15575959,12326.05,-0.07266443,0.0020748684,0.11283037,0.45550723,0.0094514126247829,14.539032554626488,0,0,0,0
28.87584997812908,41.735054,0.10444302,0.06409017,-0.13704112,12140.2,-0.04035285,0.00410755,0.09774925,0.6409017,0.0109853935241699,15.018158531188988,0,0,0,0
29.48794962565105,42.21016,0.10753496,0.047955733,-0.14489566,12007.0,-0.059579223,0.0022997523,0.10237804,0.47955733,0.0105528926849365,14.545388793945335,0,0,0,0
28.81987374623617,42.20674,0.1132858,0.030853698,-0.14980087,12445.4,-0.082432106,0.00095195073,0.10979052,0.3085369799999999,0.0110777473449707,15.02515818277996,0,0,0,0
29.3144397099813,42.48189,0.14149004,0.0178165,-0.1776198,12361.2,-0.12367354,0.00031742768,0.13896918,0.178165,0.011785807079739,14.98104512956408,0,0,0,0
28.775239880879724,42.18965,0.13421275,0.019287856,-0.16529112,12427.7,-0.11492489,0.00037202137,0.13162407,0.1928785599999999,0.0100396521886189,15.071497853597007,0,0,0,0
29.43544333775841,41.018982,0.1505845,0.009539598,-0.17904685,12328.0,-0.1410449,9.100393e-05,0.14914799,0.0953959799999999,0.0112120342254638,14.495665486653678,0,0,0,0
28.87584997812908,40.258472,0.111378305,0.0432453,-0.14159614,12177.15,-0.068133004,0.001870156,0.10656171,0.432453,0.0109853935241699,15.018158531188988,0,0,0,0
29.13729852040612,37.49671,0.25722504,-0.072832026,-0.24686076,11223.0,-0.33005705,0.0053045037,0.27595925,-0.7283202599999999,0.0113369719187418,14.88310012817385,0,0,0,0
29.383197085062704,36.766964,0.19928211,-0.052596837,-0.2011504,11948.55,-0.25187895,0.0027664274,0.20976372,-0.52596837,0.0116676606072319,14.912640349070244,0,0,0,0
29.437518374125176,36.1295,0.19041164,-0.08515428,-0.19520517,11074.55,-0.27556592,0.0072512515,0.20662601,-0.8515428,0.0114339447021484,14.832504208882654,0,0,0,0
28.81987374623617,39.12198,0.16277312,0.0068929894,-0.1787473,11064.2,-0.15588012,4.75133e-05,0.16165112,0.0689298939999999,0.0110777473449707,15.02515818277996,0,0,0,0
28.967117881774925,40.84808,0.113881454,0.037823137,-0.14882341,11825.7,-0.07605831,0.0014305897,0.109574094,0.37823137,0.0105637062920464,14.902815755208335,0,0,0,0
29.234214401245158,41.887157,0.12667769,0.03424167,-0.17044035,12524.95,-0.09243603,0.0011724919,0.122340046,0.3424167,0.0105792490641276,15.068183570437984,0,0,0,0
29.48794962565105,42.04097,0.12894213,0.032240484,-0.17218497,12500.95,-0.096701644,0.0010394488,0.12478497,0.32240484,0.0105528926849365,14.545388793945335,0,0,0,0
28.87584997812908,42.604942,0.12454664,0.05286543,-0.15637325,12256.65,-0.07168121,0.002794754,0.11796243,0.5286543,0.0109853935241699,15.018158531188988,0,0,0,0
29.234214401245158,43.163788,0.09899289,0.060551092,-0.14291719,12714.2,-0.0384418,0.003666435,0.092998765,0.60551092,0.0105792490641276,15.068183570437984,0,0,0,0
29.489220873514853,43.681618,0.12963827,0.02587965,-0.17005348,12524.9,-0.10375862,0.00066975626,0.12628327,0.2587965,0.0117224762174818,14.637499321831626,0,0,0,0
28.81987374623617,43.068085,0.2255496,-0.05281632,-0.23341066,11367.35,-0.2783659,0.0027895637,0.2374623,-0.5281632,0.0110777473449707,15.02515818277996,0,0,0,0
29.507907485961937,43.527805,0.12841718,0.017482098,-0.16399944,13670.55,-0.110935085,0.00030562375,0.12617218,0.17482098,0.0105171871185302,14.82529443105065,0,0,0,0
28.967117881774925,44.09691,0.07710586,0.051704735,-0.12672068,14288.65,-0.025401127,0.0026733794,0.073119126,0.51704735,0.0105637062920464,14.902815755208335,0,0,0,0
28.87584997812908,44.69506,0.11086638,0.03736827,-0.14822343,13498.45,-0.073498115,0.0013963876,0.1067235,0.3736827,0.0109853935241699,15.018158531188988,0,0,0,0
29.21082426706954,44.36864,0.10773951,0.054530967,-0.1441955,12827.6,-0.053208537,0.0029736261,0.10186437,0.54530967,0.0117545138465033,14.92827011744184,0,0,0,0
28.863900438944512,43.54148,0.1255544,0.043639064,-0.1596256,12813.65,-0.08191534,0.0019043678,0.12007532,0.43639064,0.0106722672780354,15.035710430145286,0,0,0,0
29.234214401245158,43.638893,0.15076058,0.013541816,-0.17945904,12410.65,-0.13721876,0.00018338078,0.14871901,0.13541816,0.0105792490641276,15.068183570437984,0,0,0,0
29.507907485961937,43.167206,0.12041438,0.04560306,-0.16683453,12769.6,-0.074811324,0.0020796391,0.11492312,0.4560306,0.0105171871185302,14.82529443105065,0,0,0,0
29.21082426706954,42.473347,0.16399214,0.015427278,-0.18770358,12003.1,-0.14856486,0.00023800092,0.16146217,0.15427278,0.0117545138465033,14.92827011744184,0,0,0,0
29.507907485961937,42.31783,0.17201017,-0.0054747197,-0.19189991,12052.85,-0.17748488,2.9972556e-05,0.17295188,-0.054747197,0.0105171871185302,14.82529443105065,0,0,0,0
29.214689826965355,42.181107,0.17275217,-0.0006536948,-0.19929989,12503.6,-0.17340586,4.2731685e-07,0.1728651,-0.006536948,0.0111927111943562,15.171249326070182,0,0,0,0
28.711374537150107,42.343464,0.14240414,0.020650951,-0.17244637,12271.25,-0.12175319,0.00042646177,0.13946337,0.20650951,0.0099601470099555,15.083465194702171,0,0,0,0
29.13729852040612,41.803417,0.13253261,-0.013196436,-0.1523706,12397.45,-0.14572905,0.00017414591,0.13428158,-0.13196436,0.0113369719187418,14.88310012817385,0,0,0,0
29.53638579050701,41.86323,0.19829938,-0.053119346,-0.21308142,12040.45,-0.25141874,0.0028216648,0.20883292,-0.53119346,0.0099408562978108,14.67159852981571,0,0,0,0
29.21082426706954,41.805126,0.19537397,-0.037387386,-0.21284334,12427.95,-0.23276135,0.0013978167,0.20267849,-0.37387386,0.0117545138465033,14.92827011744184,0,0,0,0
28.967117881774925,42.569054,0.1651532,-0.0007760197,-0.19252712,13346.85,-0.16592923,6.022065e-07,0.16528137,-0.007760197,0.0105637062920464,14.902815755208335,0,0,0,0
29.21082426706954,43.60813,0.0973839,0.05199311,-0.14761513,15008.25,-0.045390796,0.0027032834,0.09232061,0.5199311,0.0117545138465033,14.92827011744184,0,0,0,0
29.53638579050701,44.542957,0.09336408,0.05609619,-0.13709588,14078.8,-0.037267894,0.0031467823,0.08812671,0.5609619,0.0099408562978108,14.67159852981571,0,0,0,0
29.507907485961937,44.42333,0.12992254,0.034755945,-0.15884031,12339.65,-0.0951666,0.0012079758,0.12540697,0.34755945,0.0105171871185302,14.82529443105065,0,0,0,0
29.383197085062704,43.6594,0.13489626,0.015108811,-0.16186704,11886.15,-0.119787455,0.00022827617,0.13285814,0.15108811,0.0116676606072319,14.912640349070244,0,0,0,0
29.48794962565105,42.514362,0.1119468,0.016483696,-0.13824098,11653.95,-0.0954631,0.00027171226,0.1101015,0.1648369599999999,0.0105528926849365,14.545388793945335,0,0,0,0
29.426291084289588,41.025818,0.15301004,0.022769287,-0.17856678,11484.3,-0.13024074,0.00051844044,0.1495261,0.22769287,0.0109315586090087,14.32123548719621,0,0,0,0
29.214689826965355,41.05316,0.15760112,0.020116504,-0.18258001,11346.0,-0.13748461,0.00040467377,0.15443073,0.20116504,0.0111927111943562,15.171249326070182,0,0,0,0
29.234214401245158,41.98286,0.16382487,0.001905293,-0.18097508,11562.6,-0.16191958,3.6301415e-06,0.16351274,0.01905293,0.0105792490641276,15.068183570437984,0,0,0,0
29.587538973490425,42.601524,0.104263745,0.04042987,-0.1386922,12289.4,-0.06383387,0.0016345745,0.10004837,0.4042987,0.011531532605489,14.80689392089846,0,0,0,0
29.25716981887821,42.668175,0.10508639,0.02164639,-0.14460483,13125.15,-0.083440006,0.00046856617,0.10281166,0.2164639,0.0098183250427246,14.7552871068319,0,0,0,0
29.13729852040612,42.586143,0.12549126,0.014155563,-0.15789473,12478.0,-0.111335695,0.00020037996,0.12371486,0.14155563,0.0113369719187418,14.88310012817385,0,0,0,0
28.71447588602703,42.31441,0.20721471,-0.052337777,-0.2095522,10779.15,-0.25955248,0.0027392427,0.21805987,-0.52337777,0.0101193030675252,15.129899597167991,0,0,0,0
29.13729852040612,42.490437,0.13506903,0.015374208,-0.16394962,11889.55,-0.11969482,0.00023636628,0.13299245,0.15374208,0.0113369719187418,14.88310012817385,0,0,0,0
29.383197085062704,42.413532,0.120393455,0.030328112,-0.14970647,12467.1,-0.090065345,0.0009197943,0.11674215,0.30328112,0.0116676606072319,14.912640349070244,0,0,0,0
29.234214401245158,41.1557,0.116670474,0.032783642,-0.14400515,11325.2,-0.08388683,0.0010747671,0.11284559,0.32783642,0.0105792490641276,15.068183570437984,0,0,0,0
28.71447588602703,41.54023,0.1251758,0.027284665,-0.14986585,11450.35,-0.097891144,0.00074445293,0.12176043,0.2728466499999999,0.0101193030675252,15.129899597167991,0,0,0,0
29.234214401245158,41.895702,0.11751701,0.040968783,-0.14488445,12424.3,-0.076548226,0.0016784413,0.11270248,0.40968783,0.0105792490641276,15.068183570437984,0,0,0,0
29.507907485961937,41.454777,0.129387,0.03977095,-0.15408191,12166.65,-0.08961605,0.0015817283,0.12424116,0.3977095,0.0105171871185302,14.82529443105065,0,0,0,0
29.234214401245158,41.936718,0.12470028,0.043502156,-0.16446291,12395.85,-0.081198126,0.0018924375,0.11927555,0.43502156,0.0105792490641276,15.068183570437984,0,0,0,0
29.214689826965355,42.05977,0.13741307,0.02997954,-0.17083646,12080.5,-0.107433535,0.0008987728,0.1332935,0.2997954,0.0111927111943562,15.171249326070182,0,0,0,0
29.489220873514853,42.88693,0.13570017,0.041818365,-0.17065996,12215.95,-0.09388179,0.0017487757,0.1300254,0.41818365,0.0117224762174818,14.637499321831626,0,0,0,0
29.40596796671552,43.362034,0.12900451,0.02212922,-0.1714168,12643.0,-0.10687528,0.0004897024,0.12614973,0.2212922,0.011005474726359,14.555287297566757,0,0,0,0
29.437518374125176,42.51607,0.14775293,0.0320878,-0.17865233,12190.7,-0.11566512,0.0010296268,0.14301185,0.320878,0.0114339447021484,14.832504208882654,0,0,0,0
28.711374537150107,42.04097,0.1534711,0.010498033,-0.18513727,12803.2,-0.14297307,0.000110208704,0.15185995,0.10498033,0.0099601470099555,15.083465194702171,0,0,0,0
28.87584997812908,41.989697,0.1497636,0.0042532333,-0.17726071,12516.8,-0.14551038,1.8089993e-05,0.14912662,0.042532333,0.0109853935241699,15.018158531188988,0,0,0,0
29.3144397099813,41.974316,0.2048592,-0.032281406,-0.2144845,12413.4,-0.2371406,0.0010420891,0.21147233,-0.32281406,0.011785807079739,14.98104512956408,0,0,0,0
29.53638579050701,42.203323,0.18790257,-0.008815894,-0.21187459,12369.9,-0.19671845,7.771998e-05,0.1895591,-0.0881589399999999,0.0099408562978108,14.67159852981571,0,0,0,0
29.507907485961937,41.923046,0.15538336,0.018265301,-0.18504575,12212.6,-0.13711806,0.00033362125,0.15254524,0.18265301,0.0105171871185302,14.82529443105065,0,0,0,0
29.507907485961937,41.352238,0.16074364,0.01513479,-0.185772,12117.7,-0.14560884,0.00022906186,0.15831082,0.1513479,0.0105171871185302,14.82529443105065,0,0,0,0
29.13729852040612,40.268726,0.19587411,-0.016135557,-0.21008404,11525.65,-0.21200967,0.0002603562,0.19903465,-0.1613555699999999,0.0113369719187418,14.88310012817385,0,0,0,0
29.426291084289588,39.737225,0.21736553,-0.057748824,-0.22404544,11507.25,-0.27511436,0.003334927,0.22991814,-0.57748824,0.0109315586090087,14.32123548719621,0,0,0,0
29.25716981887821,40.750668,0.29665244,-0.10177687,-0.2788315,11106.55,-0.3984293,0.010358532,0.3268448,-1.0177687,0.0098183250427246,14.7552871068319,0,0,0,0
29.63563849131268,42.92111,0.15195458,0.005682741,-0.1616686,12419.7,-0.14627184,3.229354e-05,0.15109107,0.0568274099999999,0.0094514126247829,14.539032554626488,0,0,0,0
29.437518374125176,44.64379,0.08331009,0.046382297,-0.10722013,13514.35,-0.03692779,0.0021513174,0.07944597,0.46382297,0.0114339447021484,14.832504208882654,0,0,0,0
29.214689826965355,43.01852,0.105286725,0.0025021369,-0.1285099,12687.7,-0.10278459,6.260689e-06,0.10502328,0.025021369,0.0111927111943562,15.171249326070182,0,0,0,0
29.426291084289588,42.358845,0.20248212,-0.01986755,-0.19913368,11943.05,-0.22234967,0.00039471954,0.20650494,-0.1986755,0.0109315586090087,14.32123548719621,0,0,0,0
29.507907485961937,43.59617,0.17560054,-0.0108112935,-0.18944399,11981.75,-0.18641184,0.000116884075,0.17749901,-0.108112935,0.0105171871185302,14.82529443105065,0,0,0,0
28.863900438944512,44.36864,0.09768832,0.0434578,-0.12472099,12163.3,-0.054230522,0.0018885802,0.093443,0.4345779999999999,0.0106722672780354,15.035710430145286,0,0,0,0
29.425578371683784,43.83714,0.08296661,0.025174355,-0.11082452,12984.25,-0.057792258,0.00063374813,0.08087798,0.25174355,0.0115013901392618,14.729311084747335,0,0,0,0
29.53638579050701,42.28023,0.09576007,0.027945705,-0.121998586,13594.9,-0.067814365,0.00078096247,0.093083985,0.27945705,0.0099408562978108,14.67159852981571,0,0,0,0
29.507907485961937,42.064896,0.14416064,0.016970795,-0.17394234,12113.5,-0.12718984,0.00028800787,0.14171413,0.16970795,0.0105171871185302,14.82529443105065,0,0,0,0
28.863900438944512,42.736534,0.10694887,0.043084033,-0.14514709,12598.35,-0.063864835,0.0018562339,0.10234108,0.43084033,0.0106722672780354,15.035710430145286,0,0,0,0
29.498190180460654,42.861294,0.11051731,0.053314872,-0.14683019,12291.1,-0.057202436,0.0028424757,0.10462509,0.53314872,0.0103383498390515,14.389676666259788,0,0,0,0
29.21082426706954,42.722862,0.11102449,0.055348214,-0.15328185,12562.15,-0.055676274,0.0030634247,0.10487948,0.55348214,0.0117545138465033,14.92827011744184,0,0,0,0
28.711374537150107,42.26314,0.11985012,0.04761077,-0.15679099,12472.15,-0.072239354,0.0022667856,0.11414397,0.4761076999999999,0.0099601470099555,15.083465194702171,0,0,0,0
29.234214401245158,42.134964,0.12995473,0.032957852,-0.16771029,12487.35,-0.09699687,0.00108622,0.1256717,0.32957852,0.0105792490641276,15.068183570437984,0,0,0,0
29.214689826965355,41.760693,0.13692947,0.03030853,-0.16661511,11894.8,-0.10662093,0.000918607,0.13277933,0.3030853,0.0111927111943562,15.171249326070182,0,0,0,0
29.425578371683784,41.88545,0.116946116,0.030140247,-0.15165903,12136.1,-0.086805865,0.0009084345,0.11342133,0.30140247,0.0115013901392618,14.729311084747335,0,0,0,0
28.87584997812908,42.765587,0.09190351,0.036843464,-0.12378751,13410.4,-0.05506004,0.001357441,0.088517465,0.36843464,0.0109853935241699,15.018158531188988,0,0,0,0
29.25716981887821,43.01681,0.11830963,0.03353561,-0.14479809,13345.25,-0.084774025,0.0011246372,0.11434205,0.3353561,0.0098183250427246,14.7552871068319,0,0,0,0
28.87584997812908,40.86175,0.1534539,0.0050210035,-0.17766804,12689.95,-0.1484329,2.5210475e-05,0.1526834,0.050210035,0.0109853935241699,15.018158531188988,0,0,0,0
29.383197085062704,40.032883,0.10559267,0.03275078,-0.13170587,13405.8,-0.07284188,0.0010726139,0.10213443,0.3275078,0.0116676606072319,14.912640349070244,0,0,0,0
28.87584997812908,40.63616,0.0799244,0.042340744,-0.10933053,13758.6,-0.037583657,0.0017927384,0.07654034,0.4234074399999999,0.0109853935241699,15.018158531188988,0,0,0,0
28.71447588602703,42.505817,0.08001885,0.055122655,-0.117351666,13917.2,-0.024896195,0.0030385072,0.075608,0.55122655,0.0101193030675252,15.129899597167991,0,0,0,0
29.383197085062704,43.015102,0.08362352,0.074209094,-0.11550178,13456.85,-0.00941443,0.0055069895,0.077417895,0.74209094,0.0116676606072319,14.912640349070244,0,0,0,0
29.21082426706954,42.663048,0.13548031,0.038086906,-0.16234979,12344.55,-0.09739341,0.0014506124,0.1303203,0.38086906,0.0117545138465033,14.92827011744184,0,0,0,0
29.40596796671552,42.26827,0.13238674,0.031893525,-0.15169853,12629.8,-0.10049322,0.0010171969,0.12816447,0.31893525,0.011005474726359,14.555287297566757,0,0,0,0
28.967117881774925,41.962353,0.101002656,0.02592952,-0.12159095,12842.05,-0.07507314,0.00067234004,0.09838371,0.2592952,0.0105637062920464,14.902815755208335,0,0,0,0
28.967117881774925,42.579308,0.11869741,0.013727036,-0.1452748,12958.4,-0.10497037,0.00018843153,0.117068045,0.13727036,0.0105637062920464,14.902815755208335,0,0,0,0
29.25716981887821,41.905956,0.13756576,0.010635009,-0.1555363,11987.9,-0.12693076,0.000113103415,0.13610275,0.10635009,0.0098183250427246,14.7552871068319,0,0,0,0
28.87584997812908,40.969418,0.116540805,0.022309965,-0.13328372,11888.6,-0.09423084,0.0004977345,0.11394078,0.22309965,0.0109853935241699,15.018158531188988,0,0,0,0
29.25716981887821,41.10614,0.23437859,-0.05773714,-0.2357321,11255.95,-0.29211572,0.0033335774,0.24791093,-0.5773714,0.0098183250427246,14.7552871068319,0,0,0,0
29.43544333775841,40.72161,0.2294648,-0.07938681,-0.23774794,12142.85,-0.3088516,0.0063022655,0.24768128,-0.7938681000000001,0.0112120342254638,14.495665486653678,0,0,0,0
29.507907485961937,40.53704,0.19741708,-0.031671535,-0.20480572,11334.05,-0.2290886,0.0010030862,0.20366958,-0.31671535,0.0105171871185302,14.82529443105065,0,0,0,0
29.234214401245158,41.196716,0.15811522,-0.013245132,-0.17212734,12332.05,-0.17136034,0.00017543351,0.16020948,-0.1324513199999999,0.0105792490641276,15.068183570437984,0,0,0,0
29.214689826965355,41.96748,0.1367348,-0.0020738158,-0.16373473,12402.95,-0.13880861,4.300712e-06,0.13701837,-0.020738158,0.0111927111943562,15.171249326070182,0,0,0,0
29.425578371683784,41.435978,0.1999801,-0.027159793,-0.21246858,12186.05,-0.22713989,0.00073765434,0.20541151,-0.27159793,0.0115013901392618,14.729311084747335,0,0,0,0
29.13729852040612,42.218704,0.18274596,-0.025291631,-0.19652121,12257.85,-0.2080376,0.00063966657,0.18736792,-0.25291631,0.0113369719187418,14.88310012817385,0,0,0,0
29.21082426706954,42.276814,0.14206128,-0.02361317,-0.15534951,11872.65,-0.16567445,0.0005575818,0.1454158,-0.2361317,0.0117545138465033,14.92827011744184,0,0,0,0
29.21082426706954,42.454548,0.19060673,-0.043584704,-0.19698387,11914.85,-0.23419145,0.0018996266,0.19891427,-0.43584704,0.0117545138465033,14.92827011744184,0,0,0,0
28.77436933517457,43.030487,0.14253823,0.0058706715,-0.1673532,12619.1,-0.13666756,3.446478e-05,0.14170144,0.058706715,0.0096894741058349,14.974113559722907,0,0,0,0
29.507907485961937,42.977505,0.17134374,-0.022490336,-0.19536452,12227.85,-0.19383408,0.0005058152,0.17519732,-0.22490336,0.0105171871185302,14.82529443105065,0,0,0,0
29.498190180460654,43.218475,0.09383941,0.0047146617,-0.120445445,13774.6,-0.08912475,2.2228036e-05,0.093396984,0.047146617,0.0103383498390515,14.389676666259788,0,0,0,0
29.13729852040612,43.066376,0.09986101,0.0049411207,-0.12350504,13359.55,-0.09491989,2.4414674e-05,0.09936758,0.049411207,0.0113369719187418,14.88310012817385,0,0,0,0
29.40596796671552,44.009747,0.09406324,-0.00079796446,-0.116219714,13314.45,-0.0948612,6.3674725e-07,0.094138294,-0.0079796446,0.011005474726359,14.555287297566757,0,0,0,0
28.81987374623617,45.602547,0.044875327,0.032296814,-0.067742415,14093.2,-0.012578516,0.0010430841,0.043426,0.32296814,0.0110777473449707,15.02515818277996,0,0,0,0
29.0171795845032,46.470722,0.04999181,0.029184146,-0.0827309,13763.6,-0.020807663,0.0008517144,0.04853284,0.29184146,0.0095214568244086,14.8354873021444,0,0,0,0
29.425578371683784,46.00416,0.117459215,0.040002387,-0.12676747,12711.2,-0.07745683,0.0016001909,0.112760566,0.40002387,0.0115013901392618,14.729311084747335,0,0,0,0
29.25716981887821,45.739265,0.11410517,0.018288292,-0.12842771,12065.2,-0.09581688,0.00033446166,0.112018384,0.18288292,0.0098183250427246,14.7552871068319,0,0,0,0
28.71447588602703,45.412846,0.115929544,-6.053452e-05,-0.14160836,12740.85,-0.11599008,3.664428e-09,0.11593656,-0.0006053452,0.0101193030675252,15.129899597167991,0,0,0,0
28.863900438944512,45.68116,0.17417102,-0.031528782,-0.18218748,12265.3,-0.2056998,0.000994064,0.17966242,-0.31528782,0.0106722672780354,15.035710430145286,0,0,0,0
29.214689826965355,44.756584,0.09765271,0.009241795,-0.124698915,12537.2,-0.088410914,8.5410786e-05,0.09675023,0.09241795,0.0111927111943562,15.171249326070182,0,0,0,0
29.425578371683784,43.17746,0.21835183,-0.054880876,-0.22197165,11293.7,-0.2732327,0.0030119105,0.23033518,-0.54880876,0.0115013901392618,14.729311084747335,0,0,0,0
29.63563849131268,41.617134,0.20217626,-0.094299175,-0.18990496,10270.05,-0.29647544,0.008892335,0.22124131,-0.94299175,0.0094514126247829,14.539032554626488,0,0,0,0
29.25716981887821,42.54171,0.14413781,-0.017378528,-0.14896052,11378.85,-0.16151634,0.0003020132,0.14664271,-0.17378528,0.0098183250427246,14.7552871068319,0,0,0,0
29.40596796671552,44.288315,0.23303506,-0.08262944,-0.22644104,10478.0,-0.3156645,0.0068276245,0.2522906,-0.8262944,0.011005474726359,14.555287297566757,0,0,0,0
29.21082426706954,44.028545,0.16131115,-0.04786866,-0.1632587,10572.55,-0.2091798,0.0022914088,0.16903289,-0.4786866,0.0117545138465033,14.92827011744184,0,0,0,0
29.426291084289588,42.9006,0.23220995,-0.036232334,-0.22284056,10904.55,-0.26844227,0.001312782,0.24062346,-0.36232334,0.0109315586090087,14.32123548719621,0,0,0,0
29.63563849131268,42.362263,0.22704054,-0.035399854,-0.2208925,11165.7,-0.26244038,0.0012531496,0.23507774,-0.35399854,0.0094514126247829,14.539032554626488,0,0,0,0
29.40596796671552,42.4648,0.256856,-0.04884981,-0.25055596,11083.6,-0.30570582,0.0023863039,0.26940337,-0.4884981,0.011005474726359,14.555287297566757,0,0,0,0
29.383197085062704,42.72799,0.16858634,-0.0074741137,-0.18759046,11770.35,-0.17606047,5.5862372e-05,0.16984639,-0.074741137,0.0116676606072319,14.912640349070244,0,0,0,0
29.234214401245158,42.569054,0.20707567,-0.043286297,-0.21025038,11759.85,-0.25036198,0.0018737036,0.21603921,-0.43286297,0.0105792490641276,15.068183570437984,0,0,0,0
29.25716981887821,42.616905,0.18110728,-0.01693698,-0.1883764,11929.5,-0.19804427,0.0002868613,0.1841747,-0.1693698,0.0098183250427246,14.7552871068319,0,0,0,0
28.77436933517457,43.16208,0.15429848,-0.008654106,-0.17826492,12140.1,-0.16295259,7.4893556e-05,0.1556338,-0.08654106,0.0096894741058349,14.974113559722907,0,0,0,0
29.0171795845032,42.222122,0.17133193,-0.012818025,-0.18671213,12033.1,-0.18414995,0.00016430179,0.17352806,-0.12818025,0.0095214568244086,14.8354873021444,0,0,0,0
29.507907485961937,41.7248,0.20617197,-0.02904091,-0.21113934,11277.75,-0.23521288,0.00084337447,0.2121594,-0.2904091,0.0105171871185302,14.82529443105065,0,0,0,0
29.53638579050701,41.717964,0.18115854,-0.03974997,-0.19256604,12000.65,-0.22090852,0.0015800601,0.18835959,-0.3974997,0.0099408562978108,14.67159852981571,0,0,0,0
29.21082426706954,41.48041,0.15763947,-0.0009182455,-0.17811723,11789.0,-0.15855773,8.4317486e-07,0.15778422,-0.0091824549999999,0.0117545138465033,14.92827011744184,0,0,0,0
28.711374537150107,39.60563,0.21695599,-0.08257909,-0.21664926,11255.3,-0.2995351,0.006819307,0.23487201,-0.8257908999999999,0.0099601470099555,15.083465194702171,0,0,0,0
29.48794962565105,38.609276,0.25261074,-0.10426206,-0.24145007,10887.65,-0.3568728,0.010870578,0.27894846,-1.0426206,0.0105528926849365,14.545388793945335,0,0,0,0
28.967117881774925,40.48064,0.14250144,0.015442732,-0.16787353,12020.85,-0.12705871,0.00023847797,0.14030084,0.15442732,0.0105637062920464,14.902815755208335,0,0,0,0
29.425578371683784,41.461613,0.1473952,0.0071563316,-0.17448285,12110.15,-0.14023887,5.121308e-05,0.14634039,0.071563316,0.0115013901392618,14.729311084747335,0,0,0,0
29.426291084289588,41.700874,0.16489846,-0.026816335,-0.18168858,12161.35,-0.19171478,0.0007191158,0.16932042,-0.26816335,0.0109315586090087,14.32123548719621,0,0,0,0
29.214689826965355,41.818798,0.21636994,-0.048658058,-0.22673275,11889.0,-0.265028,0.0023676066,0.22689807,-0.48658058,0.0111927111943562,15.171249326070182,0,0,0,0
29.437518374125176,41.89912,0.21415935,-0.05428054,-0.21611902,11568.75,-0.2684399,0.0029463773,0.22578403,-0.5428054,0.0114339447021484,14.832504208882654,0,0,0,0
29.234214401245158,41.294132,0.1983841,-0.018292593,-0.20521298,11703.8,-0.2166767,0.00033461893,0.20201306,-0.18292593,0.0105792490641276,15.068183570437984,0,0,0,0
29.13729852040612,41.359074,0.12912002,0.028508838,-0.15261781,12255.4,-0.10061118,0.0008127538,0.12543896,0.28508838,0.0113369719187418,14.88310012817385,0,0,0,0
29.40596796671552,40.26531,0.15301658,-0.0020026912,-0.1604124,11823.65,-0.15501927,4.0107716e-06,0.15332302,-0.020026912,0.011005474726359,14.555287297566757,0,0,0,0
28.87584997812908,39.27921,0.15453711,0.0005298261,-0.16455743,11778.45,-0.15400729,2.8071568e-07,0.15445523,0.005298261,0.0109853935241699,15.018158531188988,0,0,0,0
29.3144397099813,37.353153,0.15476754,-0.09118813,-0.13800463,9741.45,-0.24595568,0.008315275,0.1688805,-0.9118813,0.011785807079739,14.98104512956408,0,0,0,0
29.425578371683784,37.182255,0.18778226,-0.09514805,-0.17029235,9778.85,-0.2829303,0.009053152,0.20564938,-0.9514805,0.0115013901392618,14.729311084747335,0,0,0,0
29.3144397099813,39.855145,0.18624313,-0.018734314,-0.19911373,11799.3,-0.20497744,0.0003509745,0.18973227,-0.18734314,0.011785807079739,14.98104512956408,0,0,0,0
29.507907485961937,41.147156,0.17897244,-0.005980722,-0.19072165,12177.1,-0.18495317,3.576904e-05,0.18004282,-0.05980722,0.0105171871185302,14.82529443105065,0,0,0,0
29.53638579050701,41.96919,0.19689642,-0.009164529,-0.20176402,12021.85,-0.20606095,8.39886e-05,0.19870088,-0.0916452899999999,0.0099408562978108,14.67159852981571,0,0,0,0
29.63563849131268,42.05977,0.20046125,-0.0072996854,-0.20602416,12061.85,-0.20776094,5.328541e-05,0.20192456,-0.072996854,0.0094514126247829,14.539032554626488,0,0,0,0
29.21082426706954,42.07515,0.19973001,-0.020043328,-0.20344634,12151.8,-0.21977334,0.00040173504,0.20373325,-0.20043328,0.0117545138465033,14.92827011744184,0,0,0,0
28.967117881774925,41.979443,0.21533512,-0.020469425,-0.21612184,11903.45,-0.23580454,0.00041899734,0.2197429,-0.20469425,0.0105637062920464,14.902815755208335,0,0,0,0
29.48794962565105,41.970898,0.19948545,-0.011011293,-0.20623614,12211.05,-0.21049675,0.00012124857,0.20168205,-0.11011293,0.0105528926849365,14.545388793945335,0,0,0,0
28.87584997812908,42.034134,0.19512443,-0.011693895,-0.20224796,12095.4,-0.20681833,0.00013674719,0.19740619,-0.1169389499999999,0.0109853935241699,15.018158531188988,0,0,0,0
28.967117881774925,42.218704,0.19559972,-0.009214555,-0.20292659,12132.15,-0.20481429,8.490803e-05,0.19740209,-0.0921455499999999,0.0105637062920464,14.902815755208335,0,0,0,0
29.426291084289588,42.379353,0.19045262,-0.0176007,-0.20182015,12009.05,-0.20805332,0.00030978466,0.19380471,-0.176007,0.0109315586090087,14.32123548719621,0,0,0,0
29.234214401245158,42.123,0.21852773,-0.023800762,-0.21652442,11554.2,-0.2423285,0.0005664763,0.22372887,-0.23800762,0.0105792490641276,15.068183570437984,0,0,0,0
29.383197085062704,41.562447,0.21098162,-0.0076526627,-0.21363224,11888.75,-0.21863429,5.8563248e-05,0.2125962,-0.076526627,0.0116676606072319,14.912640349070244,0,0,0,0
29.383197085062704,41.714546,0.18282767,-0.0030131827,-0.1928948,12102.7,-0.18584085,9.07927e-06,0.18337855,-0.030131827,0.0116676606072319,14.912640349070244,0,0,0,0
28.775239880879724,42.305866,0.123835966,0.020309364,-0.16273692,12460.5,-0.10352661,0.00041247025,0.12132094,0.20309364,0.0100396521886189,15.071497853597007,0,0,0,0
29.426291084289588,42.31954,0.15708178,-0.0032823398,-0.17861323,12338.35,-0.16036412,1.0773755e-05,0.15759738,-0.032823398,0.0109315586090087,14.32123548719621,0,0,0,0
29.21082426706954,41.924755,0.14193958,0.004580838,-0.1582908,12377.35,-0.13735874,2.098408e-05,0.14128938,0.04580838,0.0117545138465033,14.92827011744184,0,0,0,0
28.87584997812908,40.788265,0.13229339,0.023311617,-0.15646185,12094.7,-0.10898177,0.00054343144,0.12920941,0.23311617,0.0109853935241699,15.018158531188988,0,0,0,0
29.214689826965355,40.22087,0.078789026,0.047085874,-0.10071403,11867.45,-0.031703148,0.0022170795,0.07507917,0.47085874,0.0111927111943562,15.171249326070182,0,0,0,0
29.0171795845032,40.026047,0.1210832,0.029257108,-0.14658675,12167.25,-0.09182609,0.00085597835,0.11754066,0.29257108,0.0095214568244086,14.8354873021444,0,0,0,0
29.383197085062704,39.643227,0.16352783,-0.005414536,-0.17887774,11996.25,-0.16894236,2.9317203e-05,0.16441326,-0.05414536,0.0116676606072319,14.912640349070244,0,0,0,0
28.87584997812908,40.10295,0.17167531,-0.0039235577,-0.191466,11864.1,-0.17559887,1.5394306e-05,0.17234889,-0.039235577,0.0109853935241699,15.018158531188988,0,0,0,0
29.478845055898063,40.559258,0.15317456,0.0058491686,-0.17453302,12138.05,-0.1473254,3.4212775e-05,0.15227862,0.058491686,0.0112010693550109,14.937810198466025,0,0,0,0
29.0171795845032,39.098053,0.22499959,-0.052416436,-0.23191945,12053.45,-0.27741602,0.0027474829,0.23679326,-0.52416436,0.0095214568244086,14.8354873021444,0,0,0,0
29.507907485961937,39.01773,0.1358245,0.0205592,-0.16930254,12207.65,-0.11526531,0.00042268063,0.13303207,0.205592,0.0105171871185302,14.82529443105065,0,0,0,0
29.383197085062704,39.383457,0.14453475,0.009772794,-0.16624713,11795.5,-0.13476196,9.550751e-05,0.14312224,0.09772794,0.0116676606072319,14.912640349070244,0,0,0,0
29.43544333775841,39.53727,0.22274247,-0.054007303,-0.22570662,11662.05,-0.2767498,0.002916789,0.23477219,-0.54007303,0.0112120342254638,14.495665486653678,0,0,0,0
29.234214401245158,40.40032,0.16026191,-0.0031709694,-0.17807125,11673.0,-0.16343288,1.0055047e-05,0.1607701,-0.031709694,0.0105792490641276,15.068183570437984,0,0,0,0
29.383197085062704,40.50628,0.15007354,-0.0104174875,-0.16607556,11775.2,-0.16049103,0.000108524044,0.15163694,-0.104174875,0.0116676606072319,14.912640349070244,0,0,0,0
29.234214401245158,40.996765,0.1420242,-0.006220407,-0.15387891,12172.95,-0.1482446,3.869346e-05,0.14290765,-0.06220407,0.0105792490641276,15.068183570437984,0,0,0,0
28.87584997812908,41.444523,0.1672226,-0.019877559,-0.18163301,11808.85,-0.18710016,0.0003951173,0.17054658,-0.19877559,0.0109853935241699,15.018158531188988,0,0,0,0
29.214689826965355,40.771175,0.2636302,-0.096323065,-0.25180316,11556.8,-0.35995328,0.009278133,0.28902388,-0.96323065,0.0111927111943562,15.171249326070182,0,0,0,0
29.48794962565105,40.76605,0.16969623,-0.005648871,-0.18134934,12005.65,-0.17534511,3.190974e-05,0.17065482,-0.05648871,0.0105528926849365,14.545388793945335,0,0,0,0
28.967117881774925,41.603462,0.1411148,0.013415113,-0.16524221,12093.5,-0.12769969,0.00017996527,0.13922173,0.13415113,0.0105637062920464,14.902815755208335,0,0,0,0
29.383197085062704,41.38129,0.20789182,-0.062714174,-0.21087809,11929.25,-0.270606,0.0039330674,0.2209296,-0.62714174,0.0116676606072319,14.912640349070244,0,0,0,0
28.81987374623617,40.969418,0.19840369,-0.030104093,-0.1987955,11932.4,-0.22850779,0.0009062564,0.20437644,-0.30104093,0.0110777473449707,15.02515818277996,0,0,0,0
29.48794962565105,38.2914,0.21912828,-0.056965914,-0.2119252,11183.4,-0.2760942,0.0032451155,0.23161113,-0.56965914,0.0105528926849365,14.545388793945335,0,0,0,0
29.48794962565105,37.973526,0.26488924,-0.10707295,-0.25573426,11090.4,-0.3719622,0.011464616,0.2932517,-1.0707295,0.0105528926849365,14.545388793945335,0,0,0,0
29.214689826965355,38.146133,0.20815098,-0.04411655,-0.21053818,11737.65,-0.25226754,0.0019462698,0.21733388,-0.4411655,0.0111927111943562,15.171249326070182,0,0,0,0
29.40596796671552,37.92396,0.22705281,-0.07154027,-0.22089358,11723.45,-0.29859307,0.0051180096,0.24329622,-0.7154027000000001,0.011005474726359,14.555287297566757,0,0,0,0
29.53638579050701,37.472786,0.2691864,-0.11866804,-0.26430428,11526.55,-0.38785446,0.014082104,0.30113024,-1.1866804,0.0099408562978108,14.67159852981571,0,0,0,0
29.489220873514853,38.322163,0.2746575,-0.11025024,-0.2657067,11336.6,-0.38490772,0.012155117,0.30493855,-1.1025024,0.0117224762174818,14.637499321831626,0,0,0,0
29.437518374125176,39.574867,0.26095867,-0.079809435,-0.25783893,11310.35,-0.34076813,0.006369546,0.28178564,-0.79809435,0.0114339447021484,14.832504208882654,0,0,0,0
29.53638579050701,41.943554,0.08878195,0.0652636,-0.12783557,12479.6,-0.023518352,0.004259337,0.08298772,0.652636,0.0099408562978108,14.67159852981571,0,0,0,0
29.587538973490425,42.288776,0.09241599,0.05276867,-0.12549174,12090.75,-0.039647322,0.0027845323,0.08753932,0.5276867,0.011531532605489,14.80689392089846,0,0,0,0
29.234214401245158,42.791225,0.09190877,0.06186761,-0.12688534,12310.5,-0.030041156,0.0038276012,0.08622259,0.6186761000000001,0.0105792490641276,15.068183570437984,0,0,0,0
29.507907485961937,43.580788,0.098535605,0.054418433,-0.13466752,12542.8,-0.044117175,0.0029613657,0.09317345,0.54418433,0.0105171871185302,14.82529443105065,0,0,0,0
29.21082426706954,44.09691,0.090699054,0.05853716,-0.12589215,12817.15,-0.0321619,0.0034265989,0.08538979,0.5853716,0.0117545138465033,14.92827011744184,0,0,0,0
29.53638579050701,42.57247,0.10397744,0.034006808,-0.12667541,12272.15,-0.06997064,0.0011564629,0.1004415,0.34006808,0.0099408562978108,14.67159852981571,0,0,0,0
29.13729852040612,39.83122,0.1694368,-0.023161525,-0.17998564,11470.85,-0.19259831,0.0005364562,0.17336121,-0.23161525,0.0113369719187418,14.88310012817385,0,0,0,0
28.775239880879724,41.012146,0.16199912,-0.019558536,-0.17690694,11830.85,-0.18155766,0.00038253632,0.16516759,-0.19558536,0.0100396521886189,15.071497853597007,0,0,0,0
29.214689826965355,42.705772,0.1688766,-0.012761829,-0.18656106,11879.3,-0.18163843,0.0001628643,0.17103177,-0.12761829,0.0111927111943562,15.171249326070182,0,0,0,0
29.63563849131268,42.639122,0.12113771,0.00612344,-0.14119762,12238.75,-0.11501427,3.7496513e-05,0.12039593,0.0612344,0.0094514126247829,14.539032554626488,0,0,0,0
29.214689826965355,42.43404,0.11548713,0.010791814,-0.1391172,12339.6,-0.10469531,0.000116463256,0.11424081,0.10791814,0.0111927111943562,15.171249326070182,0,0,0,0
29.53638579050701,42.423786,0.1706035,-0.010289408,-0.18689473,12067.95,-0.1808929,0.00010587192,0.1723589,-0.10289408,0.0099408562978108,14.67159852981571,0,0,0,0
28.863900438944512,41.680367,0.16353695,-0.0108363265,-0.18275611,12181.15,-0.17437328,0.00011742598,0.16530909,-0.108363265,0.0106722672780354,15.035710430145286,0,0,0,0
28.81987374623617,38.334126,0.19775395,-0.04114588,-0.20504743,11666.75,-0.23889983,0.0016929836,0.20589072,-0.4114588,0.0110777473449707,15.02515818277996,0,0,0,0
28.967117881774925,37.247196,0.25680724,-0.10113774,-0.24684164,10953.3,-0.357945,0.0102288425,0.28278014,-1.0113774,0.0105637062920464,14.902815755208335,0,0,0,0
28.887657101949088,39.785076,0.124524444,0.015023593,-0.1591557,13245.5,-0.10950085,0.00022570833,0.12265363,0.15023593,0.0088965702056884,14.813097466362876,0,0,0,0
29.507907485961937,41.078796,0.101676546,0.039847847,-0.13713612,14294.1,-0.0618287,0.0015878511,0.09762496,0.39847847,0.0105171871185302,14.82529443105065,0,0,0,0
29.63563849131268,41.976025,0.07468376,0.041584894,-0.11560808,12652.0,-0.03309887,0.0017293033,0.07157805,0.4158489399999999,0.0094514126247829,14.539032554626488,0,0,0,0
28.87584997812908,41.717964,0.09319258,0.03922914,-0.13190173,12754.45,-0.05396344,0.0015389255,0.08953671,0.3922914,0.0109853935241699,15.018158531188988,0,0,0,0
29.48794962565105,42.651085,0.06583182,0.053609144,-0.09732601,12782.1,-0.012222674,0.0028739404,0.06230263,0.53609144,0.0105528926849365,14.545388793945335,0,0,0,0
28.967117881774925,40.836117,0.13410369,-0.020919537,-0.14870253,11740.05,-0.15502322,0.000437627,0.13690907,-0.20919537,0.0105637062920464,14.902815755208335,0,0,0,0
28.81987374623617,40.318287,0.1629162,-0.023816917,-0.17806163,11841.8,-0.18673311,0.00056724553,0.16679636,-0.2381691699999999,0.0110777473449707,15.02515818277996,0,0,0,0
29.478845055898063,41.253117,0.088940315,0.019713318,-0.11278965,12819.5,-0.069226995,0.0003886149,0.08718701,0.19713318,0.0112010693550109,14.937810198466025,0,0,0,0
29.383197085062704,42.680138,0.09719134,0.0125998445,-0.12011643,12955.85,-0.0845915,0.00015875607,0.09596675,0.125998445,0.0116676606072319,14.912640349070244,0,0,0,0
29.507907485961937,42.76046,0.16886677,-0.015415681,-0.18217544,12049.45,-0.18428244,0.00023764322,0.17146996,-0.15415681,0.0105171871185302,14.82529443105065,0,0,0,0
29.21082426706954,41.99995,0.17242675,-0.008415456,-0.18926127,12133.8,-0.1808422,7.08199e-05,0.17387779,-0.08415456,0.0117545138465033,14.92827011744184,0,0,0,0
29.53638579050701,39.87907,0.29141882,-0.13793005,-0.26423106,11919.35,-0.42934886,0.0190247,0.33161423,-1.3793005,0.0099408562978108,14.67159852981571,0,0,0,0
29.383197085062704,39.809002,0.14806706,-0.017772192,-0.17138201,11701.8,-0.16583924,0.00031585078,0.15069853,-0.1777219199999999,0.0116676606072319,14.912640349070244,0,0,0,0
29.40596796671552,39.952557,0.2155988,-0.06632676,-0.22840507,11806.4,-0.28192556,0.0043992386,0.22989878,-0.6632676,0.011005474726359,14.555287297566757,0,0,0,0
28.967117881774925,39.56974,0.11094241,0.04087916,-0.14903952,12079.4,-0.07006325,0.0016711059,0.10640718,0.4087916,0.0105637062920464,14.902815755208335,0,0,0,0
29.0171795845032,40.287525,0.11343237,0.03324524,-0.15713798,12240.25,-0.080187134,0.001105246,0.10966128,0.3324524,0.0095214568244086,14.8354873021444,0,0,0,0
29.43544333775841,40.62249,0.103299685,0.044310655,-0.154116,12196.25,-0.058989026,0.0019634343,0.098722406,0.44310655,0.0112120342254638,14.495665486653678,0,0,0,0
29.234214401245158,40.940365,0.10630637,0.019515188,-0.14810291,12352.35,-0.08679118,0.0003808426,0.10423178,0.19515188,0.0105792490641276,15.068183570437984,0,0,0,0
29.425578371683784,41.277042,0.1087604,0.01638448,-0.14885692,12461.3,-0.09237592,0.00026845123,0.10697842,0.1638448,0.0115013901392618,14.729311084747335,0,0,0,0
29.426291084289588,40.87884,0.098443456,0.03502582,-0.14714672,12415.75,-0.063417636,0.001226808,0.09499539,0.3502581999999999,0.0109315586090087,14.32123548719621,0,0,0,0
29.63563849131268,40.029465,0.17953989,-0.032886874,-0.1917271,11687.8,-0.21242677,0.0010815465,0.1854444,-0.32886874,0.0094514126247829,14.539032554626488,0,0,0,0
29.426291084289588,39.209137,0.20915301,-0.077187076,-0.21200636,11374.25,-0.2863401,0.005957844,0.22529691,-0.7718707599999999,0.0109315586090087,14.32123548719621,0,0,0,0
28.967117881774925,39.386875,0.19737202,-0.06368325,-0.19820066,11314.05,-0.26105526,0.0040555564,0.2099413,-0.6368324999999999,0.0105637062920464,14.902815755208335,0,0,0,0
29.63563849131268,39.629555,0.1281226,0.01400526,-0.15816885,12145.0,-0.11411733,0.0001961473,0.1263282,0.1400526,0.0094514126247829,14.539032554626488,0,0,0,0
28.775239880879724,40.097824,0.09546863,0.04436072,-0.13832791,12376.5,-0.051107917,0.0019678734,0.09123358,0.4436072,0.0100396521886189,15.071497853597007,0,0,0,0
28.967117881774925,40.36101,0.09872567,0.055807937,-0.13365121,12337.5,-0.042917732,0.0031145257,0.093215995,0.55807937,0.0105637062920464,14.902815755208335,0,0,0,0
29.48794962565105,39.8654,0.14747539,-0.023901677,-0.16460927,11903.4,-0.17137706,0.00057129015,0.1510003,-0.23901677,0.0105528926849365,14.545388793945335,0,0,0,0
28.87584997812908,40.24309,0.11926342,0.011843902,-0.14275223,11985.6,-0.10741951,0.000140278,0.11785087,0.11843902,0.0109853935241699,15.018158531188988,0,0,0,0
29.426291084289588,40.408863,0.11244389,0.03472529,-0.14631908,11820.45,-0.0777186,0.0012058456,0.10853924,0.3472529,0.0109315586090087,14.32123548719621,0,0,0,0
28.71447588602703,39.91325,0.19508074,-0.047863275,-0.19930726,11333.45,-0.24294402,0.002290893,0.20441794,-0.4786327499999999,0.0101193030675252,15.129899597167991,0,0,0,0
29.40596796671552,40.142258,0.11085626,0.03827941,-0.15417048,12032.85,-0.07257684,0.0014653134,0.10661274,0.3827941,0.011005474726359,14.555287297566757,0,0,0,0
29.48794962565105,40.892513,0.13253792,0.01598701,-0.15368283,11895.7,-0.1165509,0.0002555845,0.13041903,0.1598701,0.0105528926849365,14.545388793945335,0,0,0,0
29.437518374125176,41.318058,0.11200677,0.03654164,-0.14350738,11957.85,-0.07546513,0.0013352914,0.10791385,0.3654164,0.0114339447021484,14.832504208882654,0,0,0,0
29.234214401245158,41.371037,0.13347676,0.016348153,-0.15563086,12170.45,-0.11712861,0.00026726213,0.13129467,0.16348153,0.0105792490641276,15.068183570437984,0,0,0,0
29.25716981887821,41.3454,0.119917616,0.0014232153,-0.13726994,12610.25,-0.1184944,2.0255416e-06,0.119746946,0.0142321529999999,0.0098183250427246,14.7552871068319,0,0,0,0
28.967117881774925,41.940136,0.15033884,0.011833712,-0.17410925,12289.75,-0.13850513,0.00014003675,0.14855978,0.1183371199999999,0.0105637062920464,14.902815755208335,0,0,0,0
29.437518374125176,42.247757,0.13136074,0.035321333,-0.16822496,12375.15,-0.096039414,0.0012475966,0.1267209,0.35321333,0.0114339447021484,14.832504208882654,0,0,0,0
28.87584997812908,41.62397,0.16130894,0.013523645,-0.18422237,12257.1,-0.14778529,0.00018288897,0.15912746,0.13523645,0.0109853935241699,15.018158531188988,0,0,0,0
29.489220873514853,42.34688,0.15737063,0.024664104,-0.18271106,12010.05,-0.13270652,0.00060831796,0.15348922,0.2466410399999999,0.0117224762174818,14.637499321831626,0,0,0,0
29.3144397099813,42.10762,0.1315268,0.04596828,-0.1614514,11788.4,-0.08555851,0.002113083,0.12548073,0.4596828,0.011785807079739,14.98104512956408,0,0,0,0
28.77436933517457,41.958935,0.11792118,0.047019906,-0.14760278,12375.25,-0.070901275,0.0022108715,0.11237653,0.47019906,0.0096894741058349,14.974113559722907,0,0,0,0
29.437518374125176,40.805355,0.1161106,0.02752919,-0.13896506,12703.9,-0.08858141,0.00075785624,0.11291417,0.2752919,0.0114339447021484,14.832504208882654,0,0,0,0
28.81987374623617,40.836117,0.15758428,0.0020547844,-0.17136313,12269.9,-0.1555295,4.222139e-06,0.15726048,0.020547844,0.0110777473449707,15.02515818277996,0,0,0,0
29.43544333775841,40.837826,0.17103165,-0.0029106403,-0.18433082,11898.75,-0.1739423,8.471828e-06,0.17152947,-0.029106403,0.0112120342254638,14.495665486653678,0,0,0,0
29.507907485961937,40.716484,0.21883349,-0.04305481,-0.22356711,11604.2,-0.2618883,0.0018537169,0.22825533,-0.4305481,0.0105171871185302,14.82529443105065,0,0,0,0
28.711374537150107,40.507988,0.24600145,-0.061206367,-0.24505916,11691.75,-0.30720782,0.0037462192,0.2610583,-0.61206367,0.0099601470099555,15.083465194702171,0,0,0,0
29.234214401245158,40.391773,0.28033864,-0.098704346,-0.27380043,11472.1,-0.37904298,0.009742548,0.30800927,-0.98704346,0.0105792490641276,15.068183570437984,0,0,0,0
29.234214401245158,40.472095,0.31337607,-0.12231122,-0.2929269,10959.4,-0.43568727,0.014960034,0.35170546,-1.2231122,0.0105792490641276,15.068183570437984,0,1,0,0
29.21082426706954,40.309742,0.07340691,0.024769412,-0.09377376,12920.8,-0.048637502,0.0006135238,0.071588665,0.24769412,0.0117545138465033,14.92827011744184,0,0,0,0
29.21082426706954,35.743267,0.0003137747,-0.03426418,0.0021668994,10177.15,-0.034577955,0.0011740341,0.00032452596,-0.3426418,0.0117545138465033,14.92827011744184,0,0,0,0
29.425578371683784,37.628304,0.1754318,-0.029979002,-0.18227497,11312.45,-0.20541081,0.00089874055,0.18069108,-0.29979002,0.0115013901392618,14.729311084747335,0,0,0,0
28.967117881774925,39.67228,0.19570617,-0.022150574,-0.20213658,11313.95,-0.21785675,0.0004906479,0.20004117,-0.22150574,0.0105637062920464,14.902815755208335,0,0,0,0
29.3144397099813,39.648354,0.16297773,-0.021506732,-0.17470218,11685.05,-0.18448445,0.00046253955,0.16648284,-0.21506732,0.011785807079739,14.98104512956408,0,0,0,0
29.437518374125176,40.318287,0.20801415,-0.04588603,-0.21310475,11341.15,-0.25390017,0.0021055276,0.21755908,-0.4588603,0.0114339447021484,14.832504208882654,0,0,0,0
29.437518374125176,41.013855,0.18892746,-0.03804834,-0.20007007,11812.1,-0.2269758,0.001447676,0.19611584,-0.3804834,0.0114339447021484,14.832504208882654,0,0,0,0
29.214689826965355,40.774593,0.21488968,-0.05753141,-0.22756019,12078.6,-0.2724211,0.0033098632,0.22725259,-0.5753140999999999,0.0111927111943562,15.171249326070182,0,0,0,0
28.81987374623617,39.891033,0.21264414,-0.04883078,-0.21809681,12371.35,-0.26147494,0.0023844454,0.22302772,-0.4883077999999999,0.0110777473449707,15.02515818277996,0,0,0,0
29.437518374125176,39.954266,0.19084121,-0.03770244,-0.20857085,12256.8,-0.22854365,0.001421474,0.19803639,-0.3770244,0.0114339447021484,14.832504208882654,0,0,0,0
29.214689826965355,40.451588,0.25793067,-0.06939763,-0.25631213,11619.4,-0.3273283,0.00481603,0.27583045,-0.6939763,0.0111927111943562,15.171249326070182,0,0,0,0
29.234214401245158,40.998474,0.2497607,-0.058287136,-0.25117218,11458.1,-0.30804783,0.0033973902,0.26431853,-0.5828713600000001,0.0105792490641276,15.068183570437984,0,0,0,0
29.507907485961937,41.152283,0.2278419,-0.050394658,-0.22719903,11839.85,-0.27823657,0.0025396214,0.23932391,-0.50394658,0.0105171871185302,14.82529443105065,0,0,0,0
28.81987374623617,41.164246,0.2056569,-0.022279616,-0.21382354,12076.2,-0.22793652,0.0004963813,0.21023886,-0.22279616,0.0110777473449707,15.02515818277996,0,0,0,0
28.77436933517457,41.12494,0.16009648,-0.002040729,-0.19362187,12411.6,-0.16213721,4.164575e-06,0.1604232,-0.0204072899999999,0.0096894741058349,14.974113559722907,0,0,0,0
29.0171795845032,41.586372,0.12390163,0.027709262,-0.1611914,12640.25,-0.09619237,0.00076780317,0.1204684,0.27709262,0.0095214568244086,14.8354873021444,0,0,0,0
29.21082426706954,43.04416,0.17454621,-0.01430613,-0.19636615,11775.0,-0.18885234,0.00020466535,0.17704329,-0.1430613,0.0117545138465033,14.92827011744184,0,0,0,0
29.48794962565105,44.94116,0.12012465,0.04824437,-0.17067982,13089.05,-0.07188029,0.0023275192,0.114329316,0.4824437,0.0105528926849365,14.545388793945335,0,0,0,0
29.40596796671552,45.0813,0.1422149,0.019944567,-0.18552443,12374.65,-0.12227033,0.00039778574,0.13937849,0.19944567,0.011005474726359,14.555287297566757,0,0,0,0
29.0171795845032,44.26439,0.1579434,0.0007824126,-0.17830524,11743.3,-0.15716098,6.1216946e-07,0.15781982,0.007824126,0.0095214568244086,14.8354873021444,0,0,0,0
28.81987374623617,43.088593,0.1255604,0.021945773,-0.16971579,13908.5,-0.103614636,0.0004816169,0.12280489,0.21945773,0.0110777473449707,15.02515818277996,0,0,0,0
29.425578371683784,42.839077,0.17857018,-0.0046546212,-0.19520912,11805.5,-0.1832248,2.1665499e-05,0.17940135,-0.046546212,0.0115013901392618,14.729311084747335,0,0,0,0
29.43544333775841,44.33788,0.14892289,0.014388382,-0.17542677,12017.7,-0.13453451,0.00020702554,0.14678012,0.14388382,0.0112120342254638,14.495665486653678,0,0,0,0
29.21082426706954,43.223602,0.10508649,0.044215016,-0.14493062,12493.6,-0.06087147,0.0019549676,0.100440085,0.44215016,0.0117545138465033,14.92827011744184,0,0,0,0
28.81987374623617,42.59127,0.12355324,0.034905385,-0.15882199,12489.75,-0.08864785,0.001218386,0.11924056,0.34905385,0.0110777473449707,15.02515818277996,0,0,0,0
29.478845055898063,43.295383,0.15743606,0.005331237,-0.18741469,12418.1,-0.15210481,2.8422088e-05,0.15659672,0.05331237,0.0112010693550109,14.937810198466025,0,0,0,0
29.21082426706954,43.890118,0.10978787,0.063613765,-0.17251548,13358.5,-0.0461741,0.004046711,0.10280385,0.63613765,0.0117545138465033,14.92827011744184,0,0,0,0
29.437518374125176,44.136215,0.16002628,0.0005805684,-0.1977804,12121.45,-0.15944572,3.3705965e-07,0.15993337,0.005805684,0.0114339447021484,14.832504208882654,0,0,0,0
29.507907485961937,43.587624,0.14409062,0.025331793,-0.1693118,12486.65,-0.118758835,0.00064169976,0.14044055,0.2533179299999999,0.0105171871185302,14.82529443105065,0,0,0,0
29.13729852040612,43.170624,0.16743703,0.005166115,-0.18635125,12343.1,-0.16227092,2.6688742e-05,0.16657203,0.0516611499999999,0.0113369719187418,14.88310012817385,0,0,0,0
28.81987374623617,42.733116,0.112953976,0.03545253,-0.14849141,12972.0,-0.077501446,0.001256882,0.108949475,0.3545253,0.0110777473449707,15.02515818277996,0,0,0,0
29.383197085062704,41.98628,0.14456634,0.0043242276,-0.16931967,12234.8,-0.14024211,1.8698944e-05,0.1439412,0.043242276,0.0116676606072319,14.912640349070244,0,0,0,0
29.63563849131268,42.029007,0.18508393,-0.014336918,-0.20193051,11798.8,-0.19942084,0.0002055472,0.18773746,-0.14336918,0.0094514126247829,14.539032554626488,0,0,0,0
28.77436933517457,42.56051,0.18941663,0.010667787,-0.2144146,11987.0,-0.17874885,0.000113801674,0.18739597,0.10667787,0.0096894741058349,14.974113559722907,0,0,0,0
29.13729852040612,42.138382,0.19874571,-0.00805641,-0.21608464,11635.1,-0.20680211,6.490573e-05,0.20034689,-0.0805641,0.0113369719187418,14.88310012817385,0,0,0,0
29.437518374125176,41.453068,0.17849158,-0.036881838,-0.1877542,11401.35,-0.21537341,0.00136027,0.18507467,-0.36881838,0.0114339447021484,14.832504208882654,0,0,0,0
28.87584997812908,42.55709,0.17004333,0.009697198,-0.2026475,11882.85,-0.16034614,9.403565e-05,0.16839439,0.09697198,0.0109853935241699,15.018158531188988,0,0,0,0
29.478845055898063,42.17427,0.18085586,-0.0051975204,-0.20395027,11788.6,-0.18605337,2.7014219e-05,0.18179585,-0.051975204,0.0112010693550109,14.937810198466025,0,0,0,0
28.967117881774925,41.823925,0.1731057,0.0089782085,-0.20056385,12014.8,-0.1641275,8.060822e-05,0.17155153,0.089782085,0.0105637062920464,14.902815755208335,0,0,0,0
29.234214401245158,42.46651,0.145434,-0.017482517,-0.1672887,12323.5,-0.16291653,0.00030563842,0.14797656,-0.17482517,0.0105792490641276,15.068183570437984,0,0,0,0
28.967117881774925,42.65792,0.18132117,-0.02421025,-0.20437668,12078.45,-0.20553143,0.0005861362,0.18571101,-0.2421025,0.0105637062920464,14.902815755208335,0,0,0,0
29.383197085062704,42.12642,0.16580433,-0.025093924,-0.1813515,11555.35,-0.19089824,0.000629705,0.169965,-0.25093924,0.0116676606072319,14.912640349070244,0,0,0,0
29.53638579050701,42.599815,0.13649447,0.014291694,-0.17591667,12085.95,-0.122202784,0.00020425252,0.13454373,0.14291694,0.0099408562978108,14.67159852981571,0,0,0,0
29.437518374125176,41.55561,0.17157947,-0.0244471,-0.20678508,12010.35,-0.19602656,0.0005976607,0.17577408,-0.244471,0.0114339447021484,14.832504208882654,0,0,0,0
29.21082426706954,40.42766,0.098018974,-0.034470182,-0.08911694,10564.55,-0.13248914,0.0011881933,0.1013977,-0.34470182,0.0117545138465033,14.92827011744184,0,0,0,0
29.498190180460654,40.872005,0.16283195,-0.03743661,-0.18109107,11500.15,-0.20026857,0.0014014997,0.16892783,-0.3743661,0.0103383498390515,14.389676666259788,0,0,0,0
29.478845055898063,41.714546,0.18531081,-0.022696052,-0.20478453,11777.0,-0.20800686,0.0005151108,0.18951663,-0.22696052,0.0112010693550109,14.937810198466025,0,0,0,0
29.507907485961937,41.83418,0.17352611,-0.019793052,-0.19547768,11691.5,-0.19331916,0.0003917649,0.1769607,-0.19793052,0.0105171871185302,14.82529443105065,0,0,0,0
29.507907485961937,41.251408,0.19936776,-0.025497792,-0.21457663,11504.0,-0.22486554,0.00065013743,0.20445119,-0.2549779199999999,0.0105171871185302,14.82529443105065,0,0,0,0
29.40596796671552,40.319996,0.15922402,-0.0023115058,-0.18973267,11721.55,-0.16153553,5.343059e-06,0.15959206,-0.023115058,0.011005474726359,14.555287297566757,0,0,0,0
29.63563849131268,40.627617,0.1980566,-0.04231612,-0.20944154,11371.5,-0.2403727,0.001790654,0.20643757,-0.4231612,0.0094514126247829,14.539032554626488,0,0,0,0
29.40596796671552,41.878613,0.13555093,0.01644658,-0.17449737,12054.3,-0.119104356,0.00027048995,0.13332158,0.1644658,0.011005474726359,14.555287297566757,0,0,0,0
29.234214401245158,42.05806,0.1270724,0.02983021,-0.164047,12380.65,-0.09724218,0.00088984147,0.12328179,0.2983021,0.0105792490641276,15.068183570437984,0,0,0,0
29.383197085062704,41.061707,0.16708669,0.017809413,-0.20243283,11810.4,-0.14927727,0.0003171752,0.16411097,0.17809413,0.0116676606072319,14.912640349070244,0,0,0,0
29.383197085062704,40.33196,0.18569082,-0.007823406,-0.21206716,11833.0,-0.19351423,6.120568e-05,0.18714356,-0.07823406,0.0116676606072319,14.912640349070244,0,0,0,0
29.43544333775841,40.34563,0.16445424,0.02552924,-0.20155065,12206.45,-0.138925,0.00065174204,0.16025585,0.2552924,0.0112120342254638,14.495665486653678,0,0,0,0
28.87584997812908,41.008728,0.14267729,0.0275,-0.17410754,11967.3,-0.115177296,0.00075625,0.13875367,0.275,0.0109853935241699,15.018158531188988,0,0,0,0
29.478845055898063,40.88226,0.20769559,-0.0379323,-0.2111109,10934.85,-0.2456279,0.0014388593,0.21557397,-0.379323,0.0112010693550109,14.937810198466025,0,0,0,0
29.214689826965355,40.8139,0.19370902,-0.022789754,-0.20736314,11579.5,-0.21649878,0.00051937293,0.19812359,-0.2278975399999999,0.0111927111943562,15.171249326070182,0,0,0,0
28.967117881774925,40.496025,0.21510766,-0.05088721,-0.22425942,11221.55,-0.26599488,0.002589508,0.2260539,-0.5088721,0.0105637062920464,14.902815755208335,0,0,0,0
28.87584997812908,40.824154,0.21208474,-0.018031545,-0.22207749,11343.35,-0.2301163,0.00032513659,0.21590896,-0.18031545,0.0109853935241699,15.018158531188988,0,0,0,0
29.3144397099813,41.152283,0.17393002,-0.0036713392,-0.19047019,11629.5,-0.17760135,1.3478732e-05,0.17456858,-0.036713392,0.011785807079739,14.98104512956408,0,0,0,0
28.887657101949088,40.870296,0.18867074,-0.0039258194,-0.20962988,11714.2,-0.19259655,1.5412059e-05,0.18941142,-0.0392581939999999,0.0088965702056884,14.813097466362876,0,0,0,0
28.967117881774925,40.72332,0.17695011,-0.006127598,-0.19784719,11691.8,-0.18307771,3.754746e-05,0.17803438,-0.0612759799999999,0.0105637062920464,14.902815755208335,0,0,0,0
29.507907485961937,39.76286,0.1718444,-0.022964442,-0.1897699,11291.85,-0.19480884,0.0005273656,0.1757907,-0.22964442,0.0105171871185302,14.82529443105065,0,0,0,0
28.967117881774925,39.374912,0.13391757,0.01459571,-0.15265985,11955.35,-0.11932187,0.00021303474,0.13196295,0.1459571,0.0105637062920464,14.902815755208335,0,0,0,0
29.478845055898063,40.634453,0.18991603,-0.028376117,-0.20377275,12093.45,-0.21829215,0.0008052041,0.19530511,-0.28376117,0.0112010693550109,14.937810198466025,0,0,0,0
29.437518374125176,40.200363,0.16359669,-0.02253583,-0.19061647,11532.0,-0.18613252,0.0005078637,0.16728348,-0.2253583,0.0114339447021484,14.832504208882654,0,0,0,0
29.13729852040612,37.14978,0.12847736,-0.025907705,-0.12479747,10683.3,-0.15438507,0.0006712092,0.13180593,-0.25907705,0.0113369719187418,14.88310012817385,0,0,0,0
29.43544333775841,36.175648,0.06559712,-0.030194568,-0.054361865,9878.1,-0.09579168,0.0009117119,0.067577794,-0.30194568,0.0112120342254638,14.495665486653678,0,0,0,0
28.711374537150107,38.200825,0.13211738,-0.037129134,-0.1378498,10556.45,-0.16924651,0.0013785724,0.13702278,-0.37129134,0.0099601470099555,15.083465194702171,0,0,0,0
29.214689826965355,40.19182,0.10414843,0.018500365,-0.12890814,12432.8,-0.08564807,0.00034226352,0.10222165,0.18500365,0.0111927111943562,15.171249326070182,0,0,0,0
29.21082426706954,42.129837,0.16610605,-0.012952978,-0.19433148,11846.8,-0.17905903,0.00016777962,0.16825761,-0.12952978,0.0117545138465033,14.92827011744184,0,0,0,0
29.507907485961937,42.79806,0.15923451,-0.016639862,-0.17506534,11525.9,-0.17587437,0.00027688502,0.16188416,-0.16639862,0.0105171871185302,14.82529443105065,0,0,0,0
29.587538973490425,42.95016,0.10163304,0.029167756,-0.12924537,12454.65,-0.072465286,0.00085075805,0.098668635,0.29167756,0.011531532605489,14.80689392089846,0,0,0,0
29.437518374125176,43.023647,0.11284444,0.019454528,-0.13674214,12282.45,-0.09338991,0.00037847867,0.1106491,0.19454528,0.0114339447021484,14.832504208882654,0,0,0,0
29.383197085062704,42.664757,0.14874196,-0.00468391,-0.16946131,12453.1,-0.15342587,2.1939011e-05,0.14943865,-0.0468391,0.0116676606072319,14.912640349070244,0,0,0,0
29.48794962565105,42.05806,0.14977095,-0.0020328474,-0.16915517,12514.35,-0.15180379,4.1324683e-06,0.1500754,-0.020328474,0.0105528926849365,14.545388793945335,0,0,0,0
28.81987374623617,42.02559,0.19626972,-0.00488524,-0.20673436,11829.25,-0.20115496,2.3865572e-05,0.19722855,-0.0488524,0.0110777473449707,15.02515818277996,0,0,0,0
29.0171795845032,42.201614,0.16836444,-0.0021916544,-0.20134124,12123.9,-0.17055608,4.803349e-06,0.16873343,-0.021916544,0.0095214568244086,14.8354873021444,0,0,0,0
28.711374537150107,41.663277,0.14931008,0.01148005,-0.18243533,12389.1,-0.13783003,0.00013179154,0.14759599,0.1148005,0.0099601470099555,15.083465194702171,0,0,0,0
29.43544333775841,40.918148,0.187194,-0.019516632,-0.207274,11700.1,-0.20671064,0.0003808989,0.1908474,-0.19516632,0.0112120342254638,14.495665486653678,0,0,0,0
29.63563849131268,41.130066,0.16447368,-0.0033213764,-0.1928396,11974.8,-0.16779506,1.1031541e-05,0.16501996,-0.033213764,0.0094514126247829,14.539032554626488,0,0,0,0
29.40596796671552,40.959164,0.11306529,0.047705296,-0.14598528,13112.65,-0.06535999,0.0022757954,0.10767147,0.47705296,0.011005474726359,14.555287297566757,0,0,0,0
29.63563849131268,41.12494,0.1608727,-0.0021480606,-0.17702335,11574.6,-0.16302076,4.614164e-06,0.16121827,-0.021480606,0.0094514126247829,14.539032554626488,0,0,0,0
29.43544333775841,41.335148,0.1747132,-0.007127907,-0.19058742,12076.9,-0.1818411,5.080706e-05,0.17595853,-0.07127907,0.0112120342254638,14.495665486653678,0,0,0,0
28.87584997812908,40.807064,0.17327876,-0.012132186,-0.19338137,11773.8,-0.18541095,0.00014718994,0.175381,-0.12132186,0.0109853935241699,15.018158531188988,0,0,0,0
29.0171795845032,40.615654,0.23570146,-0.05682616,-0.2408145,11531.25,-0.29252762,0.0032292122,0.24909547,-0.5682616,0.0095214568244086,14.8354873021444,0,0,0,0
29.0171795845032,40.76605,0.14926371,0.01291282,-0.18736827,12019.65,-0.13635089,0.00016674092,0.14733629,0.1291282,0.0095214568244086,14.8354873021444,0,0,0,0
29.13729852040612,40.20378,0.16388616,0.013618879,-0.19369507,11729.3,-0.15026729,0.00018547388,0.16165422,0.13618879,0.0113369719187418,14.88310012817385,0,0,0,0
29.507907485961937,40.714775,0.18105881,-0.015554393,-0.18926045,11236.65,-0.1966132,0.00024193914,0.18387507,-0.15554393,0.0105171871185302,14.82529443105065,0,0,0,0
29.40596796671552,40.549004,0.20800334,-0.023053782,-0.21434167,11176.75,-0.23105712,0.00053147686,0.2127986,-0.2305378199999999,0.011005474726359,14.555287297566757,0,0,0,0
29.43544333775841,41.26337,0.18703577,0.020926103,-0.2087458,11542.35,-0.16610967,0.00043790182,0.18312183,0.20926103,0.0112120342254638,14.495665486653678,0,0,0,0
28.81987374623617,41.531685,0.17398435,0.03808844,-0.20300409,11957.1,-0.13589591,0.0014507292,0.16735756,0.3808844,0.0110777473449707,15.02515818277996,0,0,0,0
28.71447588602703,41.150574,0.1273138,0.033684753,-0.15561746,12025.45,-0.09362904,0.0011346625,0.12302526,0.33684753,0.0101193030675252,15.129899597167991,0,0,0,0
28.87584997812908,41.306095,0.13523132,0.020361159,-0.15750085,11483.5,-0.11487016,0.0004145768,0.13247785,0.20361159,0.0109853935241699,15.018158531188988,0,0,0,0
29.43544333775841,40.634453,0.16161127,-0.011207526,-0.18303606,11171.9,-0.1728188,0.00012560864,0.16342252,-0.11207526,0.0112120342254638,14.495665486653678,0,0,0,0
29.425578371683784,40.111496,0.17622316,0.015368088,-0.19239664,11578.05,-0.16085507,0.00023617814,0.17351495,0.15368088,0.0115013901392618,14.729311084747335,0,0,0,0
29.426291084289588,41.454777,0.15349154,0.037853852,-0.17793816,11671.05,-0.11563769,0.001432914,0.1476813,0.37853852,0.0109315586090087,14.32123548719621,0,0,0,0
29.478845055898063,41.516304,0.20309632,-0.01418881,-0.21114151,11292.8,-0.21728513,0.00020132233,0.205978,-0.1418881,0.0112010693550109,14.937810198466025,0,0,0,0
29.234214401245158,42.064896,0.20501502,-0.0048578843,-0.21262766,11223.2,-0.2098729,2.359904e-05,0.20601095,-0.048578843,0.0105792490641276,15.068183570437984,0,0,0,0
29.437518374125176,40.750668,0.14934064,0.009643789,-0.17535105,11521.75,-0.13969685,9.300267e-05,0.14790043,0.09643789,0.0114339447021484,14.832504208882654,0,0,0,0
29.63563849131268,39.566322,0.22030939,-0.07140834,-0.22149181,10629.05,-0.2917177,0.0050991504,0.2360413,-0.7140834,0.0094514126247829,14.539032554626488,0,0,0,0
29.40596796671552,40.928402,0.115372375,0.041548662,-0.14357576,11504.25,-0.07382371,0.0017262913,0.110578805,0.41548662,0.011005474726359,14.555287297566757,0,0,0,0
29.25716981887821,41.048035,0.11094202,0.052321624,-0.14055444,11642.7,-0.0586204,0.0027375524,0.105137356,0.52321624,0.0098183250427246,14.7552871068319,0,0,0,0
29.587538973490425,40.94549,0.104514845,0.050912365,-0.13610318,12960.85,-0.053602476,0.0025920689,0.099193744,0.50912365,0.011531532605489,14.80689392089846,0,0,0,0
28.87584997812908,40.93182,0.101274915,0.04926215,-0.13456473,12906.65,-0.052012768,0.0024267593,0.096285895,0.4926215,0.0109853935241699,15.018158531188988,0,0,0,0
28.81987374623617,40.092697,0.18549246,-0.014704959,-0.19273882,11249.7,-0.20019741,0.0002162358,0.18822011,-0.14704959,0.0110777473449707,15.02515818277996,0,0,0,0
29.214689826965355,39.646645,0.16302459,-0.009972686,-0.18440165,11354.95,-0.17299728,9.945447e-05,0.1646504,-0.09972686,0.0111927111943562,15.171249326070182,0,0,0,0
29.40596796671552,41.179626,0.13035247,0.053800873,-0.17395274,12318.25,-0.076551594,0.0028945338,0.123339385,0.53800873,0.011005474726359,14.555287297566757,0,0,0,0
29.40596796671552,42.649376,0.1330517,0.04125899,-0.17058496,12422.95,-0.091792695,0.0017023042,0.1275621,0.4125899,0.011005474726359,14.555287297566757,0,0,0,0
29.0171795845032,42.755333,0.13079713,0.032505773,-0.16724715,12438.35,-0.09829136,0.0010566253,0.12654547,0.32505773,0.0095214568244086,14.8354873021444,0,0,0,0
29.507907485961937,42.133255,0.1492055,0.0119187655,-0.18191527,12574.8,-0.13728675,0.00014205696,0.14742717,0.1191876549999999,0.0105171871185302,14.82529443105065,0,0,0,0
29.489220873514853,42.10762,0.15443918,-0.0014194361,-0.19125454,12149.15,-0.1558586,2.0147986e-06,0.15465839,-0.014194361,0.0117224762174818,14.637499321831626,0,0,0,0
28.87584997812908,43.14328,0.13259925,0.026435092,-0.16333888,11838.1,-0.10616415,0.00069881405,0.12909397,0.26435092,0.0109853935241699,15.018158531188988,0,0,0,0
29.21082426706954,42.792934,0.14266253,0.019698903,-0.16517702,11772.75,-0.12296363,0.0003880468,0.13985224,0.19698903,0.0117545138465033,14.92827011744184,0,0,0,0
29.48794962565105,41.454777,0.1708273,-0.00317662,-0.1916553,11693.2,-0.17400391,1.0090915e-05,0.17136995,-0.0317661999999999,0.0105528926849365,14.545388793945335,0,0,0,0
29.498190180460654,41.646187,0.15216736,0.022222223,-0.17402223,11826.55,-0.12994514,0.00049382716,0.14878586,0.22222223,0.0103383498390515,14.389676666259788,0,0,0,0
28.87584997812908,41.018982,0.16973202,0.0058313487,-0.18921189,11517.0,-0.16390067,3.4004628e-05,0.16874225,0.058313487,0.0109853935241699,15.018158531188988,0,0,0,0
29.478845055898063,40.957455,0.20368615,-0.04220377,-0.21356666,11314.65,-0.2458899,0.001781158,0.21228246,-0.4220377,0.0112010693550109,14.937810198466025,0,0,0,0
29.63563849131268,40.936947,0.22801073,-0.06733283,-0.21797244,10637.15,-0.29534355,0.0045337095,0.24336334,-0.6733283,0.0094514126247829,14.539032554626488,0,0,0,0
29.425578371683784,41.15912,0.15733361,-0.0024243735,-0.18633041,11607.95,-0.15975799,5.877587e-06,0.15771505,-0.024243735,0.0115013901392618,14.729311084747335,0,0,0,0
28.711374537150107,42.422077,0.17221409,0.032559186,-0.20198421,11984.4,-0.1396549,0.0010601006,0.16660693,0.3255918599999999,0.0099601470099555,15.083465194702171,0,0,0,0
29.478845055898063,42.69552,0.15280025,0.026506169,-0.18725975,11628.45,-0.12629408,0.000702577,0.1487501,0.26506169,0.0112010693550109,14.937810198466025,0,0,0,0
29.507907485961937,42.714317,0.18226463,0.0054443246,-0.205501,11604.0,-0.17682031,2.9640672e-05,0.18127231,0.054443246,0.0105171871185302,14.82529443105065,0,0,0,0
28.81987374623617,42.4648,0.12225964,0.04811242,-0.15030016,11927.4,-0.07414722,0.0023148048,0.11637743,0.4811242,0.0110777473449707,15.02515818277996,0,0,0,0
29.63563849131268,41.88374,0.16630593,0.0045955605,-0.18836734,11740.55,-0.16171038,2.1119178e-05,0.16554166,0.045955605,0.0094514126247829,14.539032554626488,0,0,0,0
29.0171795845032,41.458195,0.17973594,-0.0031124407,-0.19629537,11581.55,-0.1828484,9.687287e-06,0.18029536,-0.031124407,0.0095214568244086,14.8354873021444,0,0,0,0
28.775239880879724,41.386417,0.2225043,-0.040605687,-0.2339175,11215.05,-0.26310998,0.0016488216,0.23153925,-0.40605687,0.0100396521886189,15.071497853597007,0,0,0,0
29.214689826965355,41.714546,0.18111333,-0.0036280835,-0.20067558,11439.7,-0.18474142,1.31629895e-05,0.18177043,-0.036280835,0.0111927111943562,15.171249326070182,0,0,0,0
29.3144397099813,40.966,0.1720014,0.010350921,-0.19567947,11677.7,-0.16165048,0.000107141575,0.17022103,0.10350921,0.011785807079739,14.98104512956408,0,0,0,0
29.437518374125176,41.526558,0.19515885,-0.029150318,-0.20923448,11416.75,-0.22430918,0.0008497411,0.20084779,-0.29150318,0.0114339447021484,14.832504208882654,0,0,0,0
29.21082426706954,40.873714,0.17645212,0.017180327,-0.19515178,11801.2,-0.15927179,0.00029516366,0.17342061,0.1718032699999999,0.0117545138465033,14.92827011744184,0,0,0,0
29.507907485961937,40.854916,0.1812357,0.0,-0.20866753,11632.75,-0.1812357,0.0,0.1812357,0.0,0.0105171871185302,14.82529443105065,0,0,0,0
29.21082426706954,39.754314,0.1923435,-0.039540548,-0.21882601,11642.9,-0.23188406,0.001563455,0.19994888,-0.39540548,0.0117545138465033,14.92827011744184,0,0,0,0
29.437518374125176,39.87736,0.15298586,0.03715234,-0.16532186,11955.6,-0.11583352,0.0013802963,0.14730208,0.3715234,0.0114339447021484,14.832504208882654,0,0,0,0
28.967117881774925,39.771404,0.15389492,0.024037173,-0.1720561,11874.8,-0.12985775,0.00057778566,0.15019572,0.2403717299999999,0.0105637062920464,14.902815755208335,0,0,0,0
28.87584997812908,39.583412,0.15269493,0.02134886,-0.17212074,11705.7,-0.13134608,0.0004557738,0.14943507,0.2134886,0.0109853935241699,15.018158531188988,0,0,0,0
29.234214401245158,39.005768,0.2064664,-0.0059175133,-0.21194008,11343.8,-0.21238393,3.5016965e-05,0.20768818,-0.059175133,0.0105792490641276,15.068183570437984,0,0,0,0
29.0171795845032,38.981842,0.20313367,-0.004020944,-0.22400902,11554.2,-0.20715462,1.6167987e-05,0.20395045,-0.04020944,0.0095214568244086,14.8354873021444,0,0,0,0
29.214689826965355,38.940823,0.21867101,-0.038600013,-0.21858661,11656.1,-0.25727102,0.0014899609,0.22711171,-0.38600013,0.0111927111943562,15.171249326070182,0,0,0,0
29.426291084289588,38.899807,0.2230176,-0.030838288,-0.22322911,11665.9,-0.25385588,0.000951,0.22989509,-0.3083828799999999,0.0109315586090087,14.32123548719621,0,0,0,0
29.0171795845032,39.480873,0.22934261,-0.04146793,-0.24043442,11889.9,-0.27081054,0.0017195893,0.23885296,-0.4146793,0.0095214568244086,14.8354873021444,0,0,0,0
28.887657101949088,39.771404,0.19163764,-0.027363036,-0.20658097,11787.7,-0.21900067,0.00074873574,0.19688141,-0.27363036,0.0088965702056884,14.813097466362876,0,0,0,0
29.437518374125176,40.2636,0.17236423,0.00020427817,-0.18481117,12084.1,-0.17215995,4.172957e-08,0.17232902,0.0020427817,0.0114339447021484,14.832504208882654,0,0,0,0
29.13729852040612,39.86027,0.17011479,-0.0093081165,-0.19563156,11880.8,-0.1794229,8.6641034e-05,0.17169823,-0.093081165,0.0113369719187418,14.88310012817385,0,0,0,0
28.863900438944512,38.978424,0.16388889,-0.0058551435,-0.18459523,12228.2,-0.16974403,3.4282708e-05,0.16484848,-0.058551435,0.0106722672780354,15.035710430145286,0,0,0,0
29.40596796671552,39.463783,0.22114211,-0.04727186,-0.22254778,11499.7,-0.268414,0.0022346287,0.23159592,-0.4727186,0.011005474726359,14.555287297566757,0,0,0,0
29.21082426706954,40.010666,0.22175422,-0.016228033,-0.22987688,11836.5,-0.23798226,0.00026334907,0.22535285,-0.16228033,0.0117545138465033,14.92827011744184,0,0,0,0
29.48794962565105,39.72697,0.23665708,-0.04915817,-0.23682843,11437.7,-0.28581527,0.0024165257,0.24829072,-0.4915817,0.0105528926849365,14.545388793945335,0,0,0,0
29.587538973490425,39.456944,0.18290357,-0.017779535,-0.2043877,11528.8,-0.2006831,0.0003161118,0.18615551,-0.17779535,0.011531532605489,14.80689392089846,0,0,0,0
28.81987374623617,39.46036,0.15821566,-0.021952879,-0.18101908,11817.3,-0.18016852,0.00048192887,0.16168894,-0.21952879,0.0110777473449707,15.02515818277996,0,0,0,0
28.887657101949088,39.583412,0.18804969,-0.002280798,-0.20814338,11857.9,-0.19033049,5.2020396e-06,0.18847859,-0.02280798,0.0088965702056884,14.813097466362876,0,0,0,0
28.87584997812908,40.010666,0.12971137,0.042066164,-0.16060838,12435.0,-0.08764521,0.0017695623,0.12425491,0.42066164,0.0109853935241699,15.018158531188988,0,0,0,0
29.3144397099813,40.065353,0.13914964,0.0319099,-0.16442657,12202.6,-0.10723974,0.0010182419,0.13470939,0.3190989999999999,0.011785807079739,14.98104512956408,0,0,0,0
29.63563849131268,40.092697,0.18280976,-0.008863063,-0.200447,11873.3,-0.19167282,7.855388e-05,0.18443002,-0.0886306299999999,0.0094514126247829,14.539032554626488,0,0,0,0
29.21082426706954,39.576576,0.24354501,-0.06732152,-0.23531246,11363.8,-0.31086653,0.0045321863,0.25994083,-0.6732152,0.0117545138465033,14.92827011744184,0,0,0,0
29.25716981887821,42.509235,0.1322715,0.053841952,-0.14726898,12389.1,-0.07842954,0.002898956,0.12514974,0.5384195199999999,0.0098183250427246,14.7552871068319,0,0,0,0
29.507907485961937,43.35007,0.16526252,0.022484642,-0.16950302,11820.5,-0.14277788,0.00050555915,0.16154665,0.22484642,0.0105171871185302,14.82529443105065,0,0,0,0
29.234214401245158,42.46822,0.16160952,-0.0013719876,-0.17782845,12016.9,-0.16298151,1.8823499e-06,0.16183124,-0.013719876,0.0105792490641276,15.068183570437984,0,0,0,0
29.489220873514853,41.859814,0.20429882,-0.025158167,-0.20480329,11680.3,-0.22945699,0.00063293334,0.2094386,-0.25158167,0.0117224762174818,14.637499321831626,0,0,0,0
28.81987374623617,40.91644,0.14618318,0.036797572,-0.17025855,12552.6,-0.10938561,0.0013540613,0.140804,0.36797572,0.0110777473449707,15.02515818277996,0,0,0,0
28.87584997812908,40.40032,0.1325741,0.033036154,-0.15853153,12534.3,-0.09953794,0.0010913874,0.12819436,0.3303615399999999,0.0109853935241699,15.018158531188988,0,0,0,0
28.711374537150107,40.133713,0.1876161,-0.02576525,-0.1881787,11362.5,-0.21338135,0.0006638481,0.19245008,-0.2576525,0.0099601470099555,15.083465194702171,0,0,0,0
29.0171795845032,39.58683,0.1560254,0.0020311065,-0.18352802,12822.9,-0.15399429,4.125394e-06,0.15570849,0.020311065,0.0095214568244086,14.8354873021444,0,0,0,0
29.48794962565105,39.371494,0.16231704,0.0027840303,-0.19299862,11897.0,-0.15953301,7.750825e-06,0.16186514,0.027840303,0.0105528926849365,14.545388793945335,0,0,0,0
29.478845055898063,39.12198,0.2046322,-0.019462772,-0.20620611,12431.3,-0.22409497,0.0003787995,0.2086149,-0.19462772,0.0112010693550109,14.937810198466025,0,0,0,0
28.775239880879724,40.010666,0.18290284,0.0042492137,-0.20679508,12367.0,-0.17865363,1.8055816e-05,0.18212566,0.042492137,0.0100396521886189,15.071497853597007,0,0,0,0
28.81987374623617,42.07515,0.20339346,-0.039312873,-0.2024505,11447.8,-0.24270633,0.0015455019,0.21138944,-0.39312873,0.0110777473449707,15.02515818277996,0,0,0,0
29.507907485961937,42.98776,0.14560339,0.024112033,-0.17392929,12546.1,-0.12149136,0.00058139017,0.1420926,0.24112033,0.0105171871185302,14.82529443105065,0,0,0,0
28.71447588602703,41.43256,0.15892869,-0.0022368832,-0.18124479,12630.0,-0.16116557,5.003646e-06,0.15928419,-0.0223688319999999,0.0101193030675252,15.129899597167991,0,0,0,0
29.40596796671552,41.822216,0.09753328,0.05778813,-0.12996882,13642.6,-0.039745152,0.0033394678,0.09189701,0.5778813,0.011005474726359,14.555287297566757,0,0,0,0
29.425578371683784,41.343693,0.18295059,0.0072417217,-0.19358236,11859.4,-0.17570888,5.2442534e-05,0.18162571,0.072417217,0.0115013901392618,14.729311084747335,0,0,0,0
29.489220873514853,41.042908,0.18859953,-0.023742767,-0.20394275,11753.2,-0.21234229,0.00056371896,0.1930774,-0.23742767,0.0117224762174818,14.637499321831626,0,0,0,0
29.3144397099813,41.097595,0.1728146,-0.0021409455,-0.18727542,11887.4,-0.17495553,4.583648e-06,0.17318457,-0.021409455,0.011785807079739,14.98104512956408,0,0,0,0
28.887657101949088,40.841244,0.12705047,0.06468445,-0.1553363,12182.1,-0.062366027,0.004184078,0.11883228,0.6468445,0.0088965702056884,14.813097466362876,0,0,0,0
28.87584997812908,42.081985,0.11946186,0.069333024,-0.1515415,12174.2,-0.050128836,0.004807068,0.11117921,0.6933302399999999,0.0109853935241699,15.018158531188988,0,0,0,0
29.48794962565105,44.32079,0.1758573,0.003366396,-0.18760745,11668.9,-0.17249091,1.1332623e-05,0.1752653,0.03366396,0.0105528926849365,14.545388793945335,0,0,0,0
28.81987374623617,42.905727,0.13907516,0.024555108,-0.17316547,11960.2,-0.11452005,0.00060295325,0.13566016,0.2455510799999999,0.0110777473449707,15.02515818277996,0,0,0,0
29.63563849131268,40.88226,0.13969862,0.02629973,-0.1639686,12406.7,-0.1133989,0.00069167576,0.1360246,0.2629973,0.0094514126247829,14.539032554626488,0,0,0,0
29.383197085062704,40.33196,0.11942817,0.057742123,-0.15065138,12908.1,-0.06168605,0.003334153,0.11253214,0.57742123,0.0116676606072319,14.912640349070244,0,0,0,0
28.81987374623617,40.434498,0.13772926,0.025995051,-0.162789,11868.8,-0.1117342,0.0006757427,0.13414897,0.25995051,0.0110777473449707,15.02515818277996,0,0,0,0
29.507907485961937,40.954037,0.13545953,0.03663185,-0.17083348,12210.0,-0.09882768,0.0013418923,0.1304974,0.3663185,0.0105171871185302,14.82529443105065,0,0,0,0
29.383197085062704,40.51995,0.14747246,0.016038882,-0.15623774,12056.7,-0.13143358,0.00025724573,0.14510716,0.16038882,0.0116676606072319,14.912640349070244,0,0,0,0
28.967117881774925,41.99995,0.1277785,0.035598166,-0.1728683,12803.2,-0.092180334,0.0012672294,0.12322982,0.35598166,0.0105637062920464,14.902815755208335,0,0,0,0
29.587538973490425,41.227478,0.10283968,0.06888154,-0.13059701,12688.1,-0.033958137,0.004744667,0.09575593,0.6888154000000001,0.011531532605489,14.80689392089846,0,0,0,0
29.478845055898063,41.27875,0.14171797,0.014193392,-0.16133623,12101.6,-0.12752457,0.00020145239,0.1397065,0.14193392,0.0112010693550109,14.937810198466025,0,0,0,0
29.48794962565105,41.668404,0.17381243,0.015721746,-0.20270553,11992.8,-0.1580907,0.00024717327,0.1710798,0.15721746,0.0105528926849365,14.545388793945335,0,0,0,0
29.48794962565105,40.027756,0.0980488,0.04591775,-0.12297862,12496.1,-0.05213105,0.0021084396,0.093546614,0.4591775,0.0105528926849365,14.545388793945335,0,0,0,0
29.437518374125176,43.93455,0.16278592,0.008620564,-0.18302554,12134.05,-0.15416536,7.431412e-05,0.16138262,0.08620564,0.0114339447021484,14.832504208882654,0,0,0,0
28.967117881774925,44.36864,0.18337326,-0.0066470145,-0.19868541,12050.05,-0.19002026,4.4182805e-05,0.18459214,-0.066470145,0.0105637062920464,14.902815755208335,0,0,0,0
29.425578371683784,44.272934,0.16400792,0.004173246,-0.1916588,12451.4,-0.15983467,1.7415983e-05,0.16332346,0.04173246,0.0115013901392618,14.729311084747335,0,0,0,0
29.489220873514853,44.53783,0.13968724,0.03715859,-0.17261703,12675.5,-0.102528654,0.0013807609,0.13449666,0.3715858999999999,0.0117224762174818,14.637499321831626,0,0,0,0
29.425578371683784,45.02319,0.11995164,0.04800922,-0.1610379,12868.8,-0.07194242,0.0023048853,0.11419286,0.4800921999999999,0.0115013901392618,14.729311084747335,0,0,0,0
29.234214401245158,45.14624,0.14455794,0.024629429,-0.19170609,12356.6,-0.11992851,0.00060660875,0.14099756,0.24629429,0.0105792490641276,15.068183570437984,0,0,0,0
29.0171795845032,42.505817,0.20208862,-0.026999446,-0.20603997,11997.55,-0.22908808,0.0007289701,0.20754491,-0.26999446,0.0095214568244086,14.8354873021444,0,0,0,0
29.40596796671552,42.1606,0.21391304,-0.036034446,-0.21107695,11832.65,-0.24994749,0.0012984814,0.22162127,-0.36034446,0.011005474726359,14.555287297566757,0,0,0,0
29.0171795845032,43.1091,0.12745063,0.035585865,-0.1550556,11799.6,-0.09186476,0.0012663538,0.122915186,0.35585865,0.0095214568244086,14.8354873021444,0,0,0,0
29.234214401245158,42.972378,0.1592583,0.015714474,-0.1776415,12139.65,-0.14354382,0.0002469447,0.15675564,0.15714474,0.0105792490641276,15.068183570437984,0,0,0,0
29.507907485961937,41.909374,0.12302451,0.029037774,-0.16513793,12648.35,-0.093986735,0.0008431923,0.119452156,0.29037774,0.0105171871185302,14.82529443105065,0,0,0,0
28.863900438944512,41.111267,0.12457242,0.021088995,-0.1661673,12639.8,-0.103483416,0.00044474573,0.12194531,0.21088995,0.0106722672780354,15.035710430145286,0,0,0,0
29.437518374125176,39.433018,0.2678926,-0.07812591,-0.25397953,11425.9,-0.34601852,0.0061036577,0.28882197,-0.7812591000000001,0.0114339447021484,14.832504208882654,0,0,0,0
29.53638579050701,39.82609,0.1852144,-0.017305825,-0.19459468,12017.85,-0.20252022,0.00029949157,0.18841968,-0.17305825,0.0099408562978108,14.67159852981571,0,0,0,0
29.437518374125176,37.612923,0.20476738,-0.075819805,-0.20787586,11142.85,-0.2805872,0.005748643,0.2202928,-0.7581980500000001,0.0114339447021484,14.832504208882654,0,0,0,0
29.214689826965355,36.418327,0.16817296,-0.11234954,-0.15780129,10712.8,-0.2805225,0.012622419,0.1870671,-1.1234954,0.0111927111943562,15.171249326070182,0,0,0,0
29.13729852040612,36.11754,0.16921996,-0.051357243,-0.18545775,12343.4,-0.22057721,0.0026375665,0.17791064,-0.51357243,0.0113369719187418,14.88310012817385,0,0,0,0
29.214689826965355,38.176895,0.19023725,-0.04775398,-0.19813208,10850.05,-0.23799123,0.0022804425,0.19932184,-0.4775398,0.0111927111943562,15.171249326070182,0,0,0,0
29.437518374125176,40.000412,0.12705053,0.03166341,-0.16494715,12117.35,-0.09538712,0.0010025715,0.12302768,0.3166341,0.0114339447021484,14.832504208882654,0,0,0,0
29.214689826965355,41.60859,0.12970193,0.023635391,-0.16662227,12223.15,-0.10606654,0.00055863167,0.12663637,0.23635391,0.0111927111943562,15.171249326070182,0,0,0,0
29.478845055898063,41.719673,0.13333108,0.02731068,-0.17451426,12363.8,-0.1060204,0.00074587326,0.12968972,0.2731068,0.0112010693550109,14.937810198466025,0,0,0,0
29.498190180460654,42.30245,0.108876124,0.046439357,-0.15238804,12480.75,-0.062436767,0.0021566139,0.10381999,0.46439357,0.0103383498390515,14.389676666259788,0,0,0,0
29.478845055898063,42.83566,0.115633674,0.032243945,-0.15630011,12584.75,-0.08338973,0.001039672,0.11190519,0.32243945,0.0112010693550109,14.937810198466025,0,0,0,0
29.507907485961937,43.83543,0.13048503,0.041058674,-0.17164563,12644.0,-0.08942635,0.0016858148,0.12512748,0.41058674,0.0105171871185302,14.82529443105065,0,0,0,0
28.775239880879724,43.717506,0.15650393,0.026972683,-0.18322651,12158.4,-0.12953125,0.0007275256,0.1522826,0.26972683,0.0100396521886189,15.071497853597007,0,0,0,0
29.489220873514853,44.33617,0.12776282,0.028659502,-0.166814,12968.55,-0.09910332,0.000821367,0.1241012,0.28659502,0.0117224762174818,14.637499321831626,0,0,0,0
28.967117881774925,44.91894,0.0920988,0.024618307,-0.13827792,13068.7,-0.0674805,0.000606061,0.08983149,0.24618307,0.0105637062920464,14.902815755208335,0,0,0,0
28.77436933517457,45.417973,0.12698787,0.021953521,-0.16119394,13319.95,-0.10503436,0.0004819571,0.124200046,0.21953521,0.0096894741058349,14.974113559722907,0,0,0,0
28.77436933517457,44.97021,0.1217189,0.037579883,-0.15432575,13524.55,-0.08413902,0.0014122475,0.11714472,0.37579883,0.0096894741058349,14.974113559722907,0,0,0,0
29.437518374125176,44.38573,0.13926305,0.022633942,-0.17130198,13103.35,-0.11662911,0.0005122953,0.13611098,0.22633942,0.0114339447021484,14.832504208882654,0,0,0,0
28.87584997812908,43.724342,0.10775537,0.052475426,-0.136362,12317.75,-0.055279948,0.0027536703,0.102100864,0.52475426,0.0109853935241699,15.018158531188988,0,0,0,0
29.489220873514853,43.295383,0.16274083,-0.008323171,-0.18452062,11795.2,-0.17106399,6.927517e-05,0.16409534,-0.08323171,0.0117224762174818,14.637499321831626,0,0,0,0
29.425578371683784,42.292194,0.13470244,0.029190846,-0.16698535,12216.85,-0.105511606,0.00085210544,0.13077037,0.29190846,0.0115013901392618,14.729311084747335,0,0,0,0
28.71447588602703,42.066605,0.08392872,0.04753026,-0.12400729,13119.35,-0.03639846,0.0022591257,0.07993957,0.4753025999999999,0.0101193030675252,15.129899597167991,0,0,0,0
29.383197085062704,42.497272,0.08673606,0.036820296,-0.13359697,13586.35,-0.04991577,0.0013557341,0.083542414,0.36820296,0.0116676606072319,14.912640349070244,0,0,0,0
29.40596796671552,42.907436,0.12250664,0.01353868,-0.15187602,12641.6,-0.10896796,0.00018329585,0.12084807,0.1353868,0.011005474726359,14.555287297566757,0,0,0,0
29.489220873514853,41.96748,0.14688548,0.0075585213,-0.17391855,11847.3,-0.13932696,5.7131245e-05,0.14577524,0.075585213,0.0117224762174818,14.637499321831626,0,0,0,0
29.234214401245158,42.034134,0.14100651,0.01489048,-0.17573759,13468.15,-0.12611602,0.0002217264,0.13890685,0.1489048,0.0105792490641276,15.068183570437984,0,0,0,0
28.967117881774925,42.39815,0.11966642,0.039159615,-0.156782,12635.4,-0.08050681,0.0015334754,0.11498033,0.39159615,0.0105637062920464,14.902815755208335,0,0,0,0
29.214689826965355,42.011917,0.10022939,0.04984111,-0.14128028,13417.2,-0.05038828,0.002484136,0.09523384,0.4984111,0.0111927111943562,15.171249326070182,0,0,0,0
29.214689826965355,42.02388,0.09817885,0.021591783,-0.13918902,13643.15,-0.076587066,0.00046620506,0.096058995,0.21591783,0.0111927111943562,15.171249326070182,0,0,0,0
29.383197085062704,43.413303,0.08775826,0.026286604,-0.12950493,13411.9,-0.061471652,0.00069098553,0.08545139,0.26286604,0.0116676606072319,14.912640349070244,0,0,0,0
28.71447588602703,44.773674,0.108423576,0.027165465,-0.14241508,12699.3,-0.08125811,0.0007379625,0.1054782,0.27165465,0.0101193030675252,15.129899597167991,0,0,0,0
29.40596796671552,45.7649,0.08417448,0.017602628,-0.12418497,12029.75,-0.06657185,0.00030985248,0.08269278,0.1760262799999999,0.011005474726359,14.555287297566757,0,0,0,0
29.25716981887821,43.344944,0.13658163,0.008626863,-0.16009219,11365.35,-0.12795477,7.442278e-05,0.13540336,0.08626863,0.0098183250427246,14.7552871068319,0,0,0,0
28.87584997812908,40.55755,0.19116227,-0.00886904,-0.20106335,11056.6,-0.20003131,7.8659876e-05,0.1928577,-0.0886904,0.0109853935241699,15.018158531188988,0,0,0,0
29.498190180460654,40.499443,0.19441593,-0.020913428,-0.20033011,11031.35,-0.21532936,0.00043737143,0.19848183,-0.20913428,0.0103383498390515,14.389676666259788,0,0,0,0
29.48794962565105,41.292423,0.12362723,0.029870356,-0.15259911,11662.25,-0.09375688,0.00089223817,0.11993444,0.29870356,0.0105528926849365,14.545388793945335,0,0,0,0
29.63563849131268,41.24628,0.1098938,0.021968279,-0.1504246,13249.45,-0.087925516,0.00048260528,0.10747962,0.21968279,0.0094514126247829,14.539032554626488,0,0,0,0
29.507907485961937,41.0412,0.109737195,0.02929967,-0.14609419,12381.8,-0.080437526,0.0008584707,0.106521934,0.2929967,0.0105171871185302,14.82529443105065,0,0,0,0
28.887657101949088,40.76263,0.1744592,-0.016273456,-0.19198523,11498.2,-0.19073266,0.0002648254,0.17729826,-0.1627345599999999,0.0088965702056884,14.813097466362876,0,0,0,0
28.887657101949088,42.31441,0.1424767,0.0277835,-0.17561436,12071.75,-0.114693195,0.00077192293,0.1385182,0.277835,0.0088965702056884,14.813097466362876,0,0,0,0
29.21082426706954,44.36864,0.13635646,0.029310396,-0.17379093,11922.55,-0.10704606,0.0008590993,0.1323598,0.29310396,0.0117545138465033,14.92827011744184,0,0,0,0
29.425578371683784,43.221893,0.13749737,0.010012994,-0.16741478,11969.8,-0.12748437,0.00010026005,0.1361206,0.10012994,0.0115013901392618,14.729311084747335,0,0,0,0
29.587538973490425,41.825634,0.15918511,-0.013497121,-0.17933783,11853.1,-0.17268223,0.00018217227,0.16133365,-0.13497121,0.011531532605489,14.80689392089846,0,0,0,0
29.234214401245158,41.58808,0.18288763,-0.027520359,-0.1979919,11430.75,-0.21040799,0.0007573702,0.18792076,-0.27520359,0.0105792490641276,15.068183570437984,0,0,0,0
29.383197085062704,42.005077,0.10560291,0.05143397,-0.13782981,12906.85,-0.05416894,0.0026454532,0.100171335,0.5143397000000001,0.0116676606072319,14.912640349070244,0,0,0,0
28.967117881774925,41.548775,0.121742725,0.048017435,-0.15338814,12372.5,-0.07372529,0.002305674,0.115896955,0.4801743499999999,0.0105637062920464,14.902815755208335,0,0,0,0
29.507907485961937,41.7624,0.12395707,0.040688436,-0.15844738,12093.45,-0.083268635,0.0016555488,0.11891345,0.40688436,0.0105171871185302,14.82529443105065,0,0,0,0
28.81987374623617,41.989697,0.13031329,0.041934896,-0.16139363,11855.25,-0.08837839,0.0017585355,0.12484861,0.41934896,0.0110777473449707,15.02515818277996,0,0,0,0
29.478845055898063,42.705772,0.14144284,0.019938957,-0.17951183,12515.65,-0.121503875,0.000397562,0.13862261,0.19938957,0.0112010693550109,14.937810198466025,0,0,0,0
29.234214401245158,42.955288,0.14081107,0.009893086,-0.1810638,12628.55,-0.13091798,9.7873155e-05,0.139418,0.09893086,0.0105792490641276,15.068183570437984,0,0,0,0
29.437518374125176,41.928173,0.15587546,0.022836184,-0.18644531,12421.05,-0.13303928,0.0005214913,0.15231586,0.2283618399999999,0.0114339447021484,14.832504208882654,0,0,0,0
29.3144397099813,41.569283,0.22366078,-0.022489276,-0.2273736,11587.55,-0.24615006,0.00050576753,0.22869076,-0.22489276,0.011785807079739,14.98104512956408,0,0,0,0
29.426291084289588,42.28536,0.14374448,0.021815173,-0.17298755,12344.2,-0.12192931,0.0004759018,0.14060867,0.21815173,0.0109315586090087,14.32123548719621,0,0,0,0
29.437518374125176,42.39815,0.15959892,0.0072996775,-0.189285,12642.65,-0.15229924,5.3285294e-05,0.1584339,0.072996775,0.0114339447021484,14.832504208882654,0,0,0,0
28.967117881774925,42.169144,0.13931493,0.035675183,-0.16303398,12539.15,-0.10363975,0.0012727188,0.13434485,0.35675183,0.0105637062920464,14.902815755208335,0,0,0,0
29.383197085062704,41.664986,0.1537613,0.0077551357,-0.18967308,12851.55,-0.14600615,6.014213e-05,0.15256885,0.077551357,0.0116676606072319,14.912640349070244,0,0,0,0
29.48794962565105,41.15741,0.14927353,0.0139138745,-0.17599142,12743.65,-0.13535966,0.0001935959,0.14719656,0.139138745,0.0105528926849365,14.545388793945335,0,0,0,0
29.234214401245158,40.67547,0.11980541,0.029541038,-0.15456033,12338.55,-0.09026437,0.0008726729,0.116266236,0.29541038,0.0105792490641276,15.068183570437984,0,0,0,0
29.426291084289588,40.026047,0.2257077,-0.04434062,-0.22467774,11921.15,-0.27004832,0.0019660909,0.23571572,-0.4434062,0.0109315586090087,14.32123548719621,0,0,0,0
29.21082426706954,41.145447,0.15708725,0.009453166,-0.17640045,12811.15,-0.14763409,8.936236e-05,0.15560228,0.09453166,0.0117545138465033,14.92827011744184,0,0,0,0
29.437518374125176,41.13861,0.15512176,0.008091752,-0.1765206,13001.35,-0.14703001,6.547646e-05,0.15386656,0.08091752,0.0114339447021484,14.832504208882654,0,0,0,0
29.383197085062704,40.23113,0.17326255,-0.0058666193,-0.19139552,11953.5,-0.17912917,3.4417222e-05,0.17427902,-0.058666193,0.0116676606072319,14.912640349070244,0,0,0,0
28.71447588602703,39.750896,0.1696855,-0.0016954194,-0.18953763,11889.75,-0.17138092,2.8744469e-06,0.16997318,-0.016954194,0.0101193030675252,15.129899597167991,0,0,0,0
28.87584997812908,40.239674,0.22064756,-0.0464975,-0.22512172,11066.4,-0.26714504,0.0021620174,0.23090711,-0.4649749999999999,0.0109853935241699,15.018158531188988,0,0,0,0
29.234214401245158,41.049744,0.21220864,-0.03624169,-0.21844609,11469.65,-0.24845032,0.0013134602,0.21989943,-0.3624169,0.0105792490641276,15.068183570437984,0,0,0,0
29.426291084289588,41.776073,0.18542507,-0.020012815,-0.19515304,11879.75,-0.20543788,0.00040051277,0.18913595,-0.20012815,0.0109315586090087,14.32123548719621,0,0,0,0
29.437518374125176,41.805126,0.16345578,-0.006884657,-0.1837445,12486.1,-0.17034045,4.73985e-05,0.16458112,-0.06884657,0.0114339447021484,14.832504208882654,0,0,0,0
29.426291084289588,41.68891,0.14614077,-0.006028771,-0.16927987,12376.2,-0.15216954,3.634608e-05,0.14702182,-0.0602877099999999,0.0109315586090087,14.32123548719621,0,0,0,0
29.425578371683784,41.5915,0.13393652,0.013580192,-0.16295254,12344.7,-0.120356336,0.0001844216,0.13211764,0.13580192,0.0115013901392618,14.729311084747335,0,0,0,0
29.48794962565105,41.926464,0.09445153,0.05108158,-0.13362145,12572.2,-0.043369956,0.0026093277,0.0896268,0.5108158,0.0105528926849365,14.545388793945335,0,0,0,0
29.587538973490425,42.43575,0.11191222,0.051643334,-0.14724734,12263.85,-0.060268886,0.0026670338,0.1061327,0.51643334,0.011531532605489,14.80689392089846,0,0,0,0
29.53638579050701,42.287067,0.12286441,0.017304666,-0.1501891,13168.85,-0.10555974,0.0002994515,0.12073828,0.17304666,0.0099408562978108,14.67159852981571,0,0,0,0
28.775239880879724,40.902767,0.15732388,0.008689116,-0.1808463,11885.5,-0.14863476,7.5500735e-05,0.15595688,0.08689116,0.0100396521886189,15.071497853597007,0,0,0,0
28.711374537150107,40.48064,0.20284964,-0.00693531,-0.21015286,11421.75,-0.20978495,4.809853e-05,0.20425647,-0.0693531,0.0099601470099555,15.083465194702171,0,0,0,0
29.478845055898063,40.988216,0.18644358,0.010352618,-0.19889829,11994.1,-0.17609097,0.000107176704,0.1845134,0.10352618,0.0112010693550109,14.937810198466025,0,0,0,0
29.437518374125176,41.195007,0.14124137,0.028473,-0.17099053,12162.05,-0.112768374,0.0008107117,0.1372198,0.28473,0.0114339447021484,14.832504208882654,0,0,0,0
28.967117881774925,41.90083,0.08769406,0.062300142,-0.11632181,13782.25,-0.02539391,0.0038813078,0.0822307,0.62300142,0.0105637062920464,14.902815755208335,0,0,0,0
29.587538973490425,42.38448,0.1863843,0.0013141355,-0.19457354,12168.8,-0.18507017,1.7269522e-06,0.18613937,0.013141355,0.011531532605489,14.80689392089846,0,0,0,0
29.437518374125176,41.88374,0.13710831,0.017487198,-0.16518289,12489.55,-0.11962112,0.00030580207,0.13471067,0.1748719799999999,0.0114339447021484,14.832504208882654,0,0,0,0
28.87584997812908,41.130066,0.100307465,0.04427514,-0.12445571,14049.45,-0.056032322,0.001960288,0.09586634,0.4427513999999999,0.0109853935241699,15.018158531188988,0,0,0,0
29.383197085062704,41.03778,0.08241506,0.04336106,-0.11565568,13356.6,-0.039054,0.0018801817,0.078841455,0.4336106,0.0116676606072319,14.912640349070244,0,0,0,0
29.48794962565105,42.377644,0.08749917,0.032756153,-0.12194788,13133.8,-0.054743018,0.0010729654,0.08463304,0.32756153,0.0105528926849365,14.545388793945335,0,0,0,0
29.425578371683784,43.474827,0.07420326,0.062569916,-0.10385393,14855.8,-0.011633342,0.0039149947,0.06956037,0.62569916,0.0115013901392618,14.729311084747335,0,0,0,0
29.48794962565105,43.250946,0.10569615,0.06079454,-0.13958949,12424.75,-0.04490161,0.003695976,0.099270396,0.6079454,0.0105528926849365,14.545388793945335,0,0,0,0
28.967117881774925,42.663048,0.118542075,0.028012251,-0.14641152,12450.05,-0.09052983,0.0007846862,0.11522145,0.28012251,0.0105637062920464,14.902815755208335,0,0,0,0
29.214689826965355,42.632286,0.14257649,-0.0023733506,-0.16503292,13077.6,-0.14494984,5.6327935e-06,0.14291488,-0.023733506,0.0111927111943562,15.171249326070182,0,0,0,0
29.383197085062704,43.0903,0.16769728,-0.009240752,-0.18569946,12390.35,-0.17693804,8.53915e-05,0.16924693,-0.0924075199999999,0.0116676606072319,14.912640349070244,0,0,0,0
29.425578371683784,42.18965,0.1654455,-0.01906369,-0.17635599,11729.5,-0.1845092,0.00036342433,0.16859952,-0.1906369,0.0115013901392618,14.729311084747335,0,0,0,0
29.507907485961937,41.078796,0.15862887,-0.020846454,-0.17174496,12071.4,-0.17947532,0.0004345747,0.16193572,-0.20846454,0.0105171871185302,14.82529443105065,0,0,0,0
29.40596796671552,40.063644,0.2681224,-0.10250846,-0.262942,11089.85,-0.37063086,0.010507984,0.2956072,-1.0250846,0.011005474726359,14.555287297566757,0,0,0,0
29.234214401245158,39.37833,0.2680059,-0.12557667,-0.2596946,10558.8,-0.39358258,0.015769502,0.3016612,-1.2557667,0.0105792490641276,15.068183570437984,0,0,0,0
29.25716981887821,39.099762,0.29787344,-0.13925873,-0.29947156,10924.45,-0.43713215,0.019392993,0.3393549,-1.3925873,0.0098183250427246,14.7552871068319,0,0,0,0
28.81987374623617,40.966,0.17526944,-0.027403664,-0.19378108,12307.35,-0.2026731,0.0007509608,0.18007247,-0.27403664,0.0110777473449707,15.02515818277996,0,0,0,0
29.21082426706954,42.309284,0.13267818,0.02036083,-0.1629374,12462.45,-0.112317346,0.00041456334,0.12997673,0.2036083,0.0117545138465033,14.92827011744184,0,0,0,0
28.967117881774925,41.50776,0.22249277,-0.0521519,-0.22583817,12213.65,-0.27464467,0.0027198205,0.23409618,-0.5215190000000001,0.0105637062920464,14.902815755208335,0,0,0,0
29.383197085062704,42.14351,0.1901797,-0.030128663,-0.2074774,12041.45,-0.22030836,0.00090773636,0.19590956,-0.30128663,0.0116676606072319,14.912640349070244,0,0,0,0
29.0171795845032,42.068314,0.06553293,0.08498373,-0.09510157,14949.15,0.0194508,0.0072222347,0.0599637,0.8498372999999999,0.0095214568244086,14.8354873021444,0,0,0,0
29.53638579050701,42.14009,0.12549248,-0.00010340192,-0.14847924,12873.95,-0.12559588,1.06919575e-08,0.12550545,-0.0010340192,0.0099408562978108,14.67159852981571,0,0,0,0
29.507907485961937,43.0903,0.17088917,-0.014881583,-0.18136047,11932.1,-0.18577075,0.0002214615,0.17343228,-0.14881583,0.0105171871185302,14.82529443105065,0,0,0,0
28.967117881774925,43.62864,0.11208878,0.011483854,-0.13289964,13207.4,-0.10060492,0.0001318789,0.11080157,0.11483854,0.0105637062920464,14.902815755208335,0,0,0,0
28.81987374623617,43.12448,0.12780972,0.008444228,-0.14670393,12808.05,-0.11936549,7.130499e-05,0.12673046,0.08444228,0.0110777473449707,15.02515818277996,0,0,0,0
29.425578371683784,42.620323,0.16014948,-0.021215675,-0.17864613,12051.4,-0.18136516,0.00045010485,0.16354717,-0.21215675,0.0115013901392618,14.729311084747335,0,0,0,0
29.48794962565105,43.55857,0.1336935,-0.0002564296,-0.14893617,12613.7,-0.13394992,6.575614e-08,0.13372777,-0.002564296,0.0105528926849365,14.545388793945335,0,0,0,0
29.507907485961937,45.12744,0.09592118,0.04715125,-0.11256219,13102.35,-0.048769932,0.0022232402,0.09139837,0.4715125,0.0105171871185302,14.82529443105065,0,0,0,0
28.967117881774925,45.850353,0.07761013,0.02803792,-0.11453127,13708.7,-0.04957221,0.000786125,0.0754341,0.2803792,0.0105637062920464,14.902815755208335,0,0,0,0
29.53638579050701,45.886242,0.11786569,0.04376987,-0.13616449,12870.05,-0.074095815,0.0019158015,0.11270672,0.4376987,0.0099408562978108,14.67159852981571,0,0,0,0
28.887657101949088,45.100098,0.09545879,0.045289446,-0.115325026,12794.1,-0.050169345,0.002051134,0.09113552,0.45289446,0.0088965702056884,14.813097466362876,0,0,0,0
29.507907485961937,45.31885,0.12747703,-0.0012322674,-0.14858551,12631.35,-0.1287093,1.5184829e-06,0.12763411,-0.0123226739999999,0.0105171871185302,14.82529443105065,0,0,0,0
29.587538973490425,46.120377,0.07517994,0.018408766,-0.10382378,12854.6,-0.056771178,0.00033888264,0.073795974,0.18408766,0.011531532605489,14.80689392089846,0,0,0,0
29.498190180460654,43.233856,0.12566788,-0.008569104,-0.15278968,11960.6,-0.13423698,7.342953e-05,0.12674473,-0.08569104,0.0103383498390515,14.389676666259788,0,0,0,0
29.507907485961937,40.200363,0.2719527,-0.1199215,-0.2619489,10787.55,-0.3918742,0.014381166,0.30456567,-1.199215,0.0105171871185302,14.82529443105065,0,0,0,0
29.21082426706954,41.102722,0.2205864,-0.06461002,-0.22640799,11225.15,-0.28519642,0.0041744546,0.23483849,-0.6461002,0.0117545138465033,14.92827011744184,0,0,0,0
29.48794962565105,42.651085,0.13856003,-0.009241278,-0.16358094,13599.6,-0.1478013,8.540123e-05,0.1398405,-0.09241278,0.0105528926849365,14.545388793945335,0,0,0,0
29.507907485961937,45.103516,0.1926209,-0.016609436,-0.19900575,11890.55,-0.20923033,0.00027587335,0.19582023,-0.16609436,0.0105171871185302,14.82529443105065,0,0,0,0
28.863900438944512,45.277832,0.1911775,-0.021112084,-0.20159227,11627.0,-0.21228959,0.0004457201,0.19521366,-0.21112084,0.0106722672780354,15.035710430145286,0,0,0,0
28.967117881774925,43.62693,0.16373204,-0.037106268,-0.16962849,11471.35,-0.20083831,0.0013768752,0.16980752,-0.37106268,0.0105637062920464,14.902815755208335,0,0,0,0
28.77436933517457,42.81515,0.18105699,-0.0383727,-0.19374347,12155.3,-0.21942969,0.0014724641,0.18800463,-0.383727,0.0096894741058349,14.974113559722907,0,0,0,0
29.214689826965355,42.871548,0.16706999,-0.032566134,-0.18900946,12939.2,-0.19963612,0.001060553,0.1725108,-0.3256613399999999,0.0111927111943562,15.171249326070182,0,0,0,0
29.43544333775841,42.199905,0.14454247,-0.008998417,-0.16333872,12364.9,-0.1535409,8.097151e-05,0.14584312,-0.08998417,0.0112120342254638,14.495665486653678,0,0,0,0
29.63563849131268,41.83247,0.23943952,-0.06969043,-0.24033187,11549.6,-0.30912995,0.004856756,0.25612617,-0.6969042999999999,0.0094514126247829,14.539032554626488,0,0,0,0
29.425578371683784,42.379353,0.17915298,-0.0023782738,-0.19869207,12241.3,-0.18153127,5.6561857e-06,0.17957906,-0.023782738,0.0115013901392618,14.729311084747335,0,0,0,0
29.3144397099813,43.30222,0.16103049,0.015355953,-0.184408,12470.6,-0.14567454,0.0002358053,0.15855771,0.15355953,0.011785807079739,14.98104512956408,0,0,0,0
29.40596796671552,42.04097,0.15383069,-0.01992268,-0.16547056,12612.2,-0.17375337,0.00039691315,0.1568954,-0.1992268,0.011005474726359,14.555287297566757,0,0,0,0
28.887657101949088,41.518013,0.23738806,-0.0627242,-0.23598592,11559.15,-0.30011225,0.003934325,0.25227803,-0.627242,0.0088965702056884,14.813097466362876,0,0,0,0
29.48794962565105,41.67695,0.19066148,-0.02542874,-0.19861752,11687.55,-0.21609022,0.0006466208,0.19550976,-0.2542874,0.0105528926849365,14.545388793945335,0,0,0,0
29.214689826965355,41.494083,0.18897793,-0.02772311,-0.1958815,11515.85,-0.21670105,0.0007685708,0.19421698,-0.2772311,0.0111927111943562,15.171249326070182,0,0,0,0
28.81987374623617,40.0551,0.18077095,-0.03504092,-0.19461453,11950.3,-0.21581186,0.001227866,0.18710533,-0.3504092,0.0110777473449707,15.02515818277996,0,0,0,0
29.425578371683784,39.366367,0.2031425,-0.06625292,-0.20784412,11473.25,-0.2693954,0.0043894486,0.21660128,-0.6625292,0.0115013901392618,14.729311084747335,0,0,0,0
28.81987374623617,40.567802,0.1072501,0.038161725,-0.13957019,12425.05,-0.06908838,0.0014563171,0.10315725,0.38161725,0.0110777473449707,15.02515818277996,0,0,0,0
28.863900438944512,41.441105,0.13586618,0.012673851,-0.16340612,12218.6,-0.123192325,0.00016062651,0.13414423,0.12673851,0.0106722672780354,15.035710430145286,0,0,0,0
29.0171795845032,41.360783,0.19913062,-0.033695463,-0.21422844,12012.55,-0.23282608,0.0011353842,0.20584042,-0.33695463,0.0095214568244086,14.8354873021444,0,0,0,0
29.489220873514853,41.304386,0.20441668,-0.04397864,-0.21482424,11852.6,-0.24839532,0.0019341207,0.21340665,-0.4397864,0.0117224762174818,14.637499321831626,0,0,0,0
28.887657101949088,41.91792,0.18805023,-0.03380495,-0.20228599,11980.3,-0.22185518,0.0011427746,0.19440725,-0.3380495,0.0088965702056884,14.813097466362876,0,0,0,0
29.478845055898063,42.167435,0.17851038,-0.016489137,-0.19267772,11850.1,-0.19499952,0.00027189165,0.18145385,-0.16489137,0.0112010693550109,14.937810198466025,0,0,0,0
29.426291084289588,41.499214,0.13101923,0.03098308,-0.15815361,12311.95,-0.10003615,0.00095995126,0.12695985,0.3098308,0.0109315586090087,14.32123548719621,0,0,0,0
29.48794962565105,40.550713,0.2300662,-0.050543122,-0.22919054,11554.25,-0.2806093,0.0025546073,0.24169447,-0.5054312200000001,0.0105528926849365,14.545388793945335,0,0,0,0
29.214689826965355,40.048264,0.21077977,-0.030293096,-0.21330807,11604.25,-0.24107286,0.0009176717,0.21716493,-0.3029309599999999,0.0111927111943562,15.171249326070182,0,0,0,0
29.425578371683784,38.752834,0.2017991,-0.0501364,-0.20315728,11636.65,-0.2519355,0.0025136585,0.21191658,-0.5013639999999999,0.0115013901392618,14.729311084747335,0,0,0,0
28.775239880879724,37.959854,0.19351476,-0.052831866,-0.19594388,11491.6,-0.24634662,0.002791206,0.2037385,-0.5283186599999999,0.0100396521886189,15.071497853597007,0,0,0,0
29.3144397099813,39.08609,0.20002149,-0.030369198,-0.20743838,11400.75,-0.23039068,0.00092228816,0.20609598,-0.30369198,0.011785807079739,14.98104512956408,0,0,0,0
28.87584997812908,40.342213,0.21166214,-0.012502316,-0.21344244,11917.45,-0.22416446,0.00015630791,0.21430841,-0.12502316,0.0109853935241699,15.018158531188988,0,0,0,0
28.71447588602703,41.44965,0.14269587,0.033476073,-0.16643679,12345.35,-0.109219804,0.0011206474,0.13791898,0.33476073,0.0101193030675252,15.129899597167991,0,0,0,0
29.40596796671552,41.545357,0.12140548,0.044007733,-0.15239851,12605.25,-0.07739775,0.0019366806,0.1160627,0.44007733,0.011005474726359,14.555287297566757,0,0,0,0
29.48794962565105,41.758984,0.11922921,0.039850615,-0.14968628,12667.9,-0.0793786,0.0015880715,0.11447786,0.39850615,0.0105528926849365,14.545388793945335,0,0,0,0
29.426291084289588,41.62397,0.20275414,-0.006384033,-0.20856069,12046.85,-0.20913817,4.0755876e-05,0.20404853,-0.06384033,0.0109315586090087,14.32123548719621,0,0,0,0
29.0171795845032,41.823925,0.21041678,-0.014120449,-0.2128796,12004.05,-0.22453722,0.00019938708,0.21338795,-0.14120449,0.0095214568244086,14.8354873021444,0,0,0,0
28.863900438944512,41.835888,0.20113689,-0.009828324,-0.20660764,12073.75,-0.2109652,9.659596e-05,0.20311372,-0.09828324,0.0106722672780354,15.035710430145286,0,0,0,0
29.0171795845032,41.88545,0.20191203,-0.01181623,-0.20553654,12110.7,-0.21372826,0.00013962328,0.20429787,-0.1181623,0.0095214568244086,14.8354873021444,0,0,0,0
29.21082426706954,41.842724,0.20441143,-0.021978185,-0.21007375,11720.05,-0.22638962,0.00048304058,0.20890403,-0.21978185,0.0117545138465033,14.92827011744184,0,0,0,0
29.0171795845032,41.545357,0.21717475,-0.028935738,-0.21331736,11512.9,-0.24611048,0.0008372769,0.22345886,-0.28935738,0.0095214568244086,14.8354873021444,0,0,0,0
28.967117881774925,41.687202,0.19895208,-0.0072988556,-0.20177549,12142.95,-0.20625094,5.3273292e-05,0.20040421,-0.072988556,0.0105637062920464,14.902815755208335,0,0,0,0
28.87584997812908,41.912792,0.16707298,0.001984127,-0.18672639,12334.15,-0.16508886,3.93676e-06,0.16674149,0.01984127,0.0109853935241699,15.018158531188988,0,0,0,0
29.40596796671552,41.289005,0.13446751,-0.0076394193,-0.16029486,12296.15,-0.14210694,5.836073e-05,0.13549477,-0.076394193,0.011005474726359,14.555287297566757,0,0,0,0
29.489220873514853,41.6103,0.12889767,0.021838572,-0.161841,12410.15,-0.1070591,0.00047692322,0.12608273,0.21838572,0.0117224762174818,14.637499321831626,0,0,0,0
28.967117881774925,42.739952,0.10316948,0.055700142,-0.14383332,12635.6,-0.04746934,0.0031025058,0.09742293,0.55700142,0.0105637062920464,14.902815755208335,0,0,0,0
28.81987374623617,41.427433,0.08331736,0.053966768,-0.101040006,11703.1,-0.029350597,0.002912412,0.078820996,0.53966768,0.0110777473449707,15.02515818277996,0,0,0,0
28.775239880879724,39.955975,0.077829346,0.04890087,-0.09138014,11400.8,-0.02892848,0.0023912948,0.074023426,0.4890086999999999,0.0100396521886189,15.071497853597007,0,0,0,0
28.81987374623617,40.825863,0.099180944,0.010225607,-0.12565243,12220.1,-0.088955335,0.00010456305,0.09816676,0.1022560699999999,0.0110777473449707,15.02515818277996,0,0,0,0
29.426291084289588,41.227478,0.100498244,0.049324624,-0.13158935,13545.95,-0.051173624,0.0024329184,0.09554121,0.4932462399999999,0.0109315586090087,14.32123548719621,0,0,0,0
29.214689826965355,41.372746,0.10745362,0.03679489,-0.1392052,12561.95,-0.07065873,0.0013538639,0.103499874,0.3679488999999999,0.0111927111943562,15.171249326070182,0,0,0,0
29.48794962565105,40.6242,0.102419,0.051355712,-0.13246162,12149.05,-0.051063284,0.0026374091,0.09715919,0.51355712,0.0105528926849365,14.545388793945335,0,0,0,0
29.425578371683784,38.20766,0.25560978,-0.09358486,-0.2507344,11533.0,-0.34919465,0.008758126,0.279531,-0.9358486,0.0115013901392618,14.729311084747335,0,0,0,0
28.81987374623617,37.77528,0.21776524,-0.06359389,-0.22511984,11632.8,-0.28135914,0.0040441826,0.23161379,-0.6359389,0.0110777473449707,15.02515818277996,0,0,0,0
29.13729852040612,39.69108,0.11910965,0.009944678,-0.14128454,11604.2,-0.109164976,9.8896635e-05,0.117925145,0.09944678,0.0113369719187418,14.88310012817385,0,0,0,0
28.863900438944512,40.420826,0.19910578,-0.052721545,-0.2010112,11391.1,-0.25182733,0.0027795613,0.20960295,-0.52721545,0.0106722672780354,15.035710430145286,0,0,0,0
29.425578371683784,41.46674,0.12290063,0.023070332,-0.14898685,11933.8,-0.09983029,0.00053224026,0.12006527,0.23070332,0.0115013901392618,14.729311084747335,0,0,0,0
29.383197085062704,41.60688,0.13159096,0.029890241,-0.15573877,11663.45,-0.10170072,0.0008934265,0.12765768,0.29890241,0.0116676606072319,14.912640349070244,0,0,0,0
29.214689826965355,41.40009,0.22776587,-0.07274456,-0.22686876,11755.9,-0.30051044,0.005291771,0.24433461,-0.7274456,0.0111927111943562,15.171249326070182,0,0,0,0
28.967117881774925,42.247757,0.14223863,0.00826397,-0.16726653,12269.25,-0.13397467,6.829319e-05,0.14106318,0.0826397,0.0105637062920464,14.902815755208335,0,0,0,0
28.967117881774925,42.28536,0.169156,-0.0047562425,-0.17608222,11813.2,-0.17391224,2.2621844e-05,0.16996054,-0.047562425,0.0105637062920464,14.902815755208335,0,0,0,0
28.87584997812908,41.596626,0.11570419,0.032833133,-0.14266466,12451.6,-0.082871065,0.0010780146,0.11190526,0.32833133,0.0109853935241699,15.018158531188988,0,0,0,0
28.87584997812908,41.72309,0.1295225,0.019584607,-0.1561914,11859.0,-0.1099379,0.00038355682,0.12698586,0.19584607,0.0109853935241699,15.018158531188988,0,0,0,0
29.21082426706954,42.563927,0.12916817,0.029840818,-0.15033567,11882.1,-0.09932735,0.0008904744,0.12531368,0.29840818,0.0117545138465033,14.92827011744184,0,0,0,0
29.43544333775841,41.02069,0.22124526,-0.06393255,-0.21673416,11887.25,-0.28517783,0.0040873718,0.23539004,-0.6393255,0.0112120342254638,14.495665486653678,0,0,0,0
28.967117881774925,38.479393,0.22421883,-0.078015484,-0.22243431,11571.2,-0.30223432,0.006086416,0.24171138,-0.78015484,0.0105637062920464,14.902815755208335,0,0,0,0
29.437518374125176,37.95131,0.31831393,-0.14435852,-0.29628816,10921.35,-0.46267244,0.020839384,0.36426526,-1.4435851999999998,0.0114339447021484,14.832504208882654,0,1,0,0
29.13729852040612,38.388813,0.1590058,-0.0135254515,-0.17563294,12026.55,-0.17253125,0.00018293785,0.16115643,-0.135254515,0.0113369719187418,14.88310012817385,0,0,0,0
29.426291084289588,37.8744,0.24853545,-0.09202273,-0.2437826,11750.7,-0.34055817,0.008468184,0.27140635,-0.9202273,0.0109315586090087,14.32123548719621,0,0,0,0
29.426291084289588,37.768444,0.25056943,-0.08026828,-0.24824508,11790.85,-0.33083773,0.0064429967,0.27068222,-0.8026827999999999,0.0109315586090087,14.32123548719621,0,0,0,0
29.507907485961937,38.63491,0.13841836,0.022400545,-0.16156529,12812.2,-0.11601781,0.0005017844,0.13531771,0.22400545,0.0105171871185302,14.82529443105065,0,0,0,0
29.234214401245158,40.596855,0.14689276,-0.016339725,-0.17345513,12549.95,-0.16323248,0.0002669866,0.14929293,-0.16339725,0.0105792490641276,15.068183570437984,0,0,0,0
29.0171795845032,42.310993,0.114535734,-0.0029739325,-0.14523813,12730.15,-0.11750967,8.844275e-06,0.11487636,-0.029739325,0.0095214568244086,14.8354873021444,0,0,0,0
29.214689826965355,43.48679,0.0968766,0.041039653,-0.13435133,13059.95,-0.05583695,0.001684253,0.09290082,0.41039653,0.0111927111943562,15.171249326070182,0,0,0,0
29.63563849131268,43.77903,0.08866759,0.046181094,-0.12692967,13127.75,-0.04248649,0.0021326935,0.084572814,0.46181094,0.0094514126247829,14.539032554626488,0,0,0,0
29.43544333775841,43.95506,0.08753271,0.04982448,-0.123885624,12925.15,-0.03770823,0.0024824787,0.083171435,0.4982448,0.0112120342254638,14.495665486653678,0,0,0,0
29.40596796671552,43.898663,0.10866269,0.037908804,-0.1454631,12723.6,-0.07075389,0.0014370773,0.10454342,0.3790880399999999,0.011005474726359,14.555287297566757,0,0,0,0
28.87584997812908,42.4648,0.10375976,0.04760364,-0.14592586,12538.0,-0.056156117,0.0022661067,0.09882042,0.4760364,0.0109853935241699,15.018158531188988,0,0,0,0
28.863900438944512,41.7248,0.1064818,0.040895164,-0.14279668,12591.2,-0.065586634,0.0016724145,0.10212721,0.4089516399999999,0.0106722672780354,15.035710430145286,0,0,0,0
28.81987374623617,42.38277,0.14811456,0.003994553,-0.16762452,12111.0,-0.14412001,1.5956453e-05,0.14752291,0.0399455299999999,0.0110777473449707,15.02515818277996,0,0,0,0
28.967117881774925,43.657692,0.09466266,0.023641605,-0.1201759,12783.75,-0.07102105,0.00055892544,0.092424676,0.23641605,0.0105637062920464,14.902815755208335,0,0,0,0
29.43544333775841,44.033672,0.092265494,0.020477869,-0.115874775,12623.25,-0.071787626,0.00041934312,0.090376094,0.2047786899999999,0.0112120342254638,14.495665486653678,0,0,0,0
28.81987374623617,44.166977,0.07912872,0.02902457,-0.106074855,12844.0,-0.05010415,0.0008424256,0.07683204,0.2902457,0.0110777473449707,15.02515818277996,0,0,0,0
28.863900438944512,43.46628,0.092307694,0.032767985,-0.11832596,12854.2,-0.05953971,0.0010737408,0.08928295,0.32767985,0.0106722672780354,15.035710430145286,0,0,0,0
29.43544333775841,41.564156,0.16939871,-0.030151755,-0.18147491,12006.45,-0.19955046,0.0009091283,0.17450638,-0.3015175499999999,0.0112120342254638,14.495665486653678,0,0,0,0
29.21082426706954,39.72697,0.25589046,-0.06990345,-0.24961312,11001.1,-0.3257939,0.0048864917,0.27377808,-0.6990345,0.0117545138465033,14.92827011744184,0,0,0,0
28.71447588602703,39.93034,0.1758562,0.00431921,-0.19562495,11876.9,-0.171537,1.8655577e-05,0.17509665,0.0431921,0.0101193030675252,15.129899597167991,0,0,0,0
28.71447588602703,40.53704,0.10837798,0.02996779,-0.13955902,13859.25,-0.07841019,0.0008980684,0.10513013,0.2996779,0.0101193030675252,15.129899597167991,0,0,0,0
29.40596796671552,41.195007,0.09981835,0.035499204,-0.13600586,14573.65,-0.06431915,0.0012601934,0.09627488,0.35499204,0.011005474726359,14.555287297566757,0,0,0,0
29.507907485961937,41.936718,0.093502045,0.037800264,-0.13007984,12397.0,-0.05570178,0.00142886,0.089967646,0.37800264,0.0105171871185302,14.82529443105065,0,0,0,0
29.489220873514853,41.473576,0.10434448,0.023008248,-0.13507587,12384.6,-0.08133623,0.0005293794,0.101943694,0.2300824799999999,0.0117224762174818,14.637499321831626,0,0,0,0
29.234214401245158,42.57247,0.08941032,0.028708434,-0.11637038,12544.85,-0.060701884,0.0008241742,0.08684349,0.28708434,0.0105792490641276,15.068183570437984,0,0,0,0
29.40596796671552,40.921566,0.10849122,0.027790833,-0.14564425,12400.9,-0.08070038,0.00077233044,0.105476156,0.27790833,0.011005474726359,14.555287297566757,0,0,0,0
29.587538973490425,39.79704,0.20018652,-0.0419528,-0.21066202,11762.85,-0.24213932,0.0017600374,0.2085849,-0.419528,0.011531532605489,14.80689392089846,0,0,0,0
29.234214401245158,40.560966,0.15282094,-0.016547672,-0.16733095,12235.0,-0.16936861,0.00027382543,0.15534976,-0.16547672,0.0105792490641276,15.068183570437984,0,0,0,0
28.87584997812908,42.064896,0.14999236,-0.0020252191,-0.17052618,12414.65,-0.15201758,4.101513e-06,0.15029614,-0.020252191,0.0109853935241699,15.018158531188988,0,0,0,0
29.478845055898063,42.38448,0.15084103,0.00502882,-0.17551205,12315.35,-0.14581221,2.5289031e-05,0.15008248,0.0502882,0.0112010693550109,14.937810198466025,0,0,0,0
29.383197085062704,41.96919,0.15727387,-0.007853442,-0.18641758,12132.4,-0.16512732,6.1676554e-05,0.15850902,-0.07853442,0.0116676606072319,14.912640349070244,0,0,0,0
29.234214401245158,40.367847,0.19775394,-0.03516137,-0.20353767,11841.95,-0.2329153,0.0012363218,0.20470724,-0.3516137,0.0105792490641276,15.068183570437984,0,0,0,0
29.48794962565105,40.128586,0.10308651,0.02786368,-0.13549076,12092.7,-0.07522283,0.0007763846,0.10021414,0.2786367999999999,0.0105528926849365,14.545388793945335,0,0,0,0
29.48794962565105,40.38152,0.22169803,-0.06343676,-0.22261424,11794.05,-0.2851348,0.004024223,0.23576184,-0.6343675999999999,0.0105528926849365,14.545388793945335,0,0,0,0
28.87584997812908,40.837826,0.115527146,0.026654208,-0.15085934,12520.7,-0.08887294,0.00071044674,0.112447865,0.26654208,0.0109853935241699,15.018158531188988,0,0,0,0
29.507907485961937,40.010666,0.11408109,0.0030425636,-0.13917449,11977.1,-0.11103853,9.257193e-06,0.11373399,0.030425636,0.0105171871185302,14.82529443105065,0,0,0,0
29.21082426706954,39.513344,0.11163384,0.011022717,-0.13910356,12023.35,-0.10061112,0.00012150028,0.11040333,0.11022717,0.0117545138465033,14.92827011744184,0,0,0,0
28.711374537150107,40.887386,0.114751294,0.039866865,-0.14861079,12521.55,-0.07488443,0.0015893669,0.11017652,0.39866865,0.0099601470099555,15.083465194702171,0,0,0,0
29.507907485961937,41.88545,0.10338781,0.051520906,-0.1474525,12187.4,-0.051866904,0.002654404,0.098061174,0.51520906,0.0105171871185302,14.82529443105065,0,0,0,0
29.214689826965355,41.634224,0.13686433,0.01734286,-0.15956025,11670.85,-0.11952148,0.0003007748,0.13449071,0.1734286,0.0111927111943562,15.171249326070182,0,0,0,0
29.425578371683784,41.388126,0.1075519,0.03264123,-0.13982886,11981.45,-0.07491067,0.0010654499,0.10404127,0.3264123,0.0115013901392618,14.729311084747335,0,0,0,0
29.63563849131268,40.22429,0.14023265,0.025669001,-0.16762607,11893.4,-0.11456366,0.00065889757,0.13663302,0.25669001,0.0094514126247829,14.539032554626488,0,0,0,0
28.967117881774925,40.302906,0.1428921,0.01912892,-0.17495462,11976.6,-0.12376318,0.00036591562,0.14015873,0.1912892,0.0105637062920464,14.902815755208335,0,0,0,0
29.383197085062704,40.48748,0.10142217,0.060913783,-0.14815973,12089.2,-0.040508386,0.0037104888,0.09524416,0.60913783,0.0116676606072319,14.912640349070244,0,0,0,0
29.489220873514853,40.564384,0.10415408,0.061135244,-0.15103538,12314.55,-0.04301884,0.0037375179,0.0977866,0.61135244,0.0117224762174818,14.637499321831626,0,0,0,0
28.81987374623617,40.902767,0.09460489,0.06205955,-0.14191788,12358.2,-0.032545336,0.003851388,0.088733755,0.6205955,0.0110777473449707,15.02515818277996,0,0,0,0
29.383197085062704,41.215515,0.08784955,0.0478628,-0.13022122,12386.45,-0.03998675,0.002290848,0.08364482,0.4786279999999999,0.0116676606072319,14.912640349070244,0,0,0,0
29.21082426706954,41.50434,0.07968504,0.050663877,-0.12297305,12472.4,-0.029021163,0.0025668284,0.07564788,0.50663877,0.0117545138465033,14.92827011744184,0,0,0,0
29.437518374125176,41.33344,0.08137271,0.047295276,-0.12162763,12228.25,-0.03407743,0.002236843,0.07752416,0.4729527599999999,0.0114339447021484,14.832504208882654,0,0,0,0
28.77436933517457,40.268726,0.09978443,0.05024848,-0.12554921,11940.3,-0.049535945,0.0025249098,0.09477041,0.5024848,0.0096894741058349,14.974113559722907,0,0,0,0
28.967117881774925,38.06581,0.2342027,-0.0980926,-0.23613754,11324.25,-0.3322953,0.0096221585,0.25717625,-0.980926,0.0105637062920464,14.902815755208335,0,0,0,0
28.87584997812908,39.193756,0.11898113,0.029781459,-0.15205567,11994.75,-0.08919967,0.0008869353,0.115437694,0.29781459,0.0109853935241699,15.018158531188988,0,0,0,0
29.498190180460654,41.704292,0.09238597,0.053518947,-0.12297895,12246.45,-0.03886702,0.002864278,0.08744157,0.53518947,0.0103383498390515,14.389676666259788,0,0,0,0
29.507907485961937,41.48212,0.11675127,0.03831406,-0.14295089,12077.15,-0.07843721,0.001467967,0.11227805,0.3831405999999999,0.0105171871185302,14.82529443105065,0,0,0,0
29.383197085062704,41.268497,0.1581909,0.00073880854,-0.17864448,11914.4,-0.15745209,5.458381e-07,0.15807404,0.0073880854,0.0116676606072319,14.912640349070244,0,0,0,0
28.967117881774925,41.695747,0.13601151,0.022604952,-0.16610956,12254.2,-0.11340657,0.0005109838,0.13293698,0.22604952,0.0105637062920464,14.902815755208335,0,0,0,0
29.0171795845032,41.695747,0.13215184,0.0074701416,-0.15205954,12571.1,-0.124681704,5.580302e-05,0.13116466,0.0747014159999999,0.0095214568244086,14.8354873021444,0,0,0,0
28.711374537150107,41.502632,0.14973582,-0.0074227247,-0.16238739,12095.8,-0.15715855,5.5096847e-05,0.15084727,-0.074227247,0.0099601470099555,15.083465194702171,0,0,0,0
29.48794962565105,42.034134,0.13821743,0.036689546,-0.16582021,11945.35,-0.101527885,0.0013461229,0.1331463,0.36689546,0.0105528926849365,14.545388793945335,0,0,0,0
29.21082426706954,42.533165,0.13980801,0.033411153,-0.1700523,11787.05,-0.10639686,0.001116305,0.13513687,0.33411153,0.0117545138465033,14.92827011744184,0,0,0,0
29.3144397099813,42.4836,0.11689927,0.025205016,-0.14322083,12447.7,-0.09169425,0.0006352929,0.11395282,0.25205016,0.011785807079739,14.98104512956408,0,0,0,0
29.48794962565105,41.535103,0.12721281,0.020418407,-0.14528853,12650.8,-0.106794395,0.00041691138,0.12461532,0.20418407,0.0105528926849365,14.545388793945335,0,0,0,0
28.81987374623617,41.403507,0.1495092,0.0059418324,-0.16430615,12283.2,-0.14356738,3.5305373e-05,0.14862086,0.059418324,0.0110777473449707,15.02515818277996,0,0,0,0
28.87584997812908,41.753857,0.19795108,-0.027870279,-0.20152198,11767.45,-0.22582136,0.0007767524,0.20346804,-0.27870279,0.0109853935241699,15.018158531188988,0,0,0,0
29.3144397099813,41.586372,0.22202878,-0.038043067,-0.21660388,11440.4,-0.26007184,0.001447275,0.23047544,-0.3804306699999999,0.011785807079739,14.98104512956408,0,0,0,0
28.887657101949088,41.26679,0.27010003,-0.07651236,-0.26851416,11840.9,-0.34661236,0.005854141,0.290766,-0.7651236,0.0088965702056884,14.813097466362876,0,0,0,0
29.40596796671552,41.032654,0.23912556,-0.06471364,-0.23998135,11469.85,-0.3038392,0.004187856,0.25460026,-0.6471364000000001,0.011005474726359,14.555287297566757,0,0,0,0
29.0171795845032,41.492374,0.105925605,0.021280961,-0.12869312,13132.5,-0.084644645,0.00045287932,0.10367141,0.21280961,0.0095214568244086,14.8354873021444,0,0,0,0
29.63563849131268,39.27579,0.047613524,-0.006743577,-0.05588029,12023.75,-0.0543571,4.547583e-05,0.04793461,-0.0674357699999999,0.0094514126247829,14.539032554626488,0,0,0,0
29.0171795845032,36.77551,0.13285717,-0.050038666,-0.12952442,10766.35,-0.18289584,0.002503868,0.13950516,-0.50038666,0.0095214568244086,14.8354873021444,0,0,0,0
28.863900438944512,38.60073,0.24275325,-0.0781283,-0.2427965,11330.7,-0.32088155,0.0061040316,0.26171914,-0.781283,0.0106722672780354,15.035710430145286,0,0,0,0
29.21082426706954,39.783367,0.1830435,-0.042494517,-0.19799769,11541.0,-0.22553802,0.0018057838,0.19082184,-0.42494517,0.0117545138465033,14.92827011744184,0,0,0,0
28.81987374623617,39.600502,0.16863449,-0.02346193,-0.18630236,11563.2,-0.19209641,0.0005504622,0.17259099,-0.2346192999999999,0.0110777473449707,15.02515818277996,0,0,0,0
29.13729852040612,40.147385,0.16814843,-0.02405964,-0.18292618,11833.9,-0.19220808,0.00057886634,0.17219402,-0.2405964,0.0113369719187418,14.88310012817385,0,0,0,0
28.887657101949088,40.285816,0.18715921,-0.042947173,-0.20575255,11940.1,-0.23010638,0.0018444597,0.19519718,-0.42947173,0.0088965702056884,14.813097466362876,0,0,0,0
29.383197085062704,39.67399,0.19024168,-0.024295405,-0.21160783,12427.35,-0.21453708,0.0005902667,0.19486368,-0.2429540499999999,0.0116676606072319,14.912640349070244,0,0,0,0
29.63563849131268,39.43131,0.23474117,-0.07934091,-0.23748662,12012.5,-0.3140821,0.0062949797,0.25336576,-0.7934091,0.0094514126247829,14.539032554626488,0,0,0,0
29.437518374125176,39.176666,0.19136296,-0.028214049,-0.2100857,12402.15,-0.21957701,0.0007960326,0.19676208,-0.28214049,0.0114339447021484,14.832504208882654,0,0,0,0
29.214689826965355,39.834637,0.25982726,-0.08155922,-0.2545492,12230.7,-0.3413865,0.0066519063,0.28101858,-0.8155922,0.0111927111943562,15.171249326070182,0,0,0,0
29.40596796671552,40.736996,0.21474652,-0.031240761,-0.22134961,12102.55,-0.24598728,0.00097598514,0.22145535,-0.31240761,0.011005474726359,14.555287297566757,0,0,0,0
28.967117881774925,41.294132,0.16168906,-0.024638781,-0.1762698,11933.85,-0.18632783,0.0006070695,0.16567287,-0.2463878099999999,0.0105637062920464,14.902815755208335,0,0,0,0
29.21082426706954,40.90106,0.21246992,-0.05053862,-0.22250682,11917.35,-0.26300853,0.0025541524,0.22320786,-0.5053862,0.0117545138465033,14.92827011744184,0,0,0,0
28.967117881774925,40.31316,0.19454333,-0.029080465,-0.22108084,12366.4,-0.2236238,0.0008456735,0.20020075,-0.29080465,0.0105637062920464,14.902815755208335,0,0,0,0
28.967117881774925,40.325123,0.21197233,-0.051501002,-0.22650181,12324.1,-0.26347333,0.0026523534,0.22288913,-0.51501002,0.0105637062920464,14.902815755208335,0,0,0,0
29.21082426706954,42.536583,0.13570535,0.012514574,-0.15823638,11848.7,-0.12319077,0.00015661458,0.13400705,0.12514574,0.0117545138465033,14.92827011744184,0,0,0,0
29.234214401245158,43.122772,0.12446531,0.015108133,-0.15526019,12193.8,-0.10935718,0.00022825568,0.12258487,0.1510813299999999,0.0105792490641276,15.068183570437984,0,0,0,0
29.234214401245158,43.59275,0.17245299,-0.012176085,-0.19326966,11953.8,-0.18462907,0.00014825704,0.17455278,-0.12176085,0.0105792490641276,15.068183570437984,0,0,0,0
29.437518374125176,43.155243,0.14077678,0.0053172945,-0.1834477,12403.05,-0.13545948,2.8273618e-05,0.14002822,0.053172945,0.0114339447021484,14.832504208882654,0,0,0,0
29.48794962565105,42.770714,0.15771219,0.016852606,-0.1870366,12613.8,-0.14085959,0.0002840103,0.15505433,0.1685260599999999,0.0105528926849365,14.545388793945335,0,0,0,0
29.214689826965355,42.863003,0.16596597,-0.0031934376,-0.18214406,11835.45,-0.16915941,1.0198043e-05,0.16649598,-0.031934376,0.0111927111943562,15.171249326070182,0,0,0,0
29.48794962565105,42.440876,0.15128762,-0.0016927005,-0.18076801,12172.15,-0.15298031,2.8652353e-06,0.15154369,-0.016927005,0.0105528926849365,14.545388793945335,0,0,0,0
29.214689826965355,42.437458,0.20813401,-0.014623599,-0.21353811,11626.05,-0.22275761,0.00021384966,0.21117768,-0.1462359899999999,0.0111927111943562,15.171249326070182,0,0,0,0
29.214689826965355,42.792934,0.21253666,-0.03917026,-0.21696573,11418.2,-0.25170693,0.0015343095,0.22086178,-0.3917026,0.0111927111943562,15.171249326070182,0,0,0,0
29.21082426706954,43.085175,0.12838638,0.022988169,-0.16334537,12465.9,-0.10539821,0.00052845594,0.12543501,0.22988169,0.0117545138465033,14.92827011744184,0,0,0,0
28.863900438944512,43.38425,0.12853086,0.022031946,-0.16574548,12766.05,-0.10649892,0.00048540664,0.12569907,0.22031946,0.0106722672780354,15.035710430145286,0,0,0,0
28.81987374623617,43.02707,0.16425733,-0.0054251715,-0.18901867,11896.85,-0.1696825,2.9432487e-05,0.16514845,-0.054251715,0.0110777473449707,15.02515818277996,0,0,0,0
29.21082426706954,43.148407,0.14769834,0.022332288,-0.17608277,12132.1,-0.12536605,0.0004987311,0.1443999,0.22332288,0.0117545138465033,14.92827011744184,0,0,0,0
29.426291084289588,43.21164,0.18112284,0.017928092,-0.20602737,12052.55,-0.16319475,0.00032141645,0.17787565,0.17928092,0.0109315586090087,14.32123548719621,0,0,0,0
28.863900438944512,42.787807,0.16264781,-0.0017360616,-0.18757696,12472.2,-0.16438387,3.0139101e-06,0.16293019,-0.017360616,0.0106722672780354,15.035710430145286,0,0,0,0
29.21082426706954,41.808544,0.18336609,-0.016493367,-0.19548793,11798.75,-0.19985946,0.00027203115,0.18639041,-0.1649336699999999,0.0117545138465033,14.92827011744184,0,0,0,0
29.40596796671552,41.928173,0.17783827,-0.009242415,-0.1972711,11962.15,-0.18708068,8.542224e-05,0.17948192,-0.09242415,0.011005474726359,14.555287297566757,0,0,0,0
28.775239880879724,43.07492,0.14715984,0.011974855,-0.16808744,12704.9,-0.13518499,0.00014339716,0.14539762,0.11974855,0.0100396521886189,15.071497853597007,0,0,0,0
29.437518374125176,42.61007,0.18461229,-0.0016881587,-0.19661741,12250.1,-0.18630044,2.84988e-06,0.18492395,-0.016881587,0.0114339447021484,14.832504208882654,0,0,0,0
29.13729852040612,41.287296,0.1991421,-0.04278932,-0.20783417,11457.25,-0.24193142,0.001830926,0.20766325,-0.4278932,0.0113369719187418,14.88310012817385,0,0,0,0
29.489220873514853,41.772655,0.18114363,-0.011184538,-0.19286843,11682.5,-0.19232816,0.00012509388,0.18316963,-0.11184538,0.0117224762174818,14.637499321831626,0,0,0,0
29.437518374125176,41.095886,0.20349619,-0.003262291,-0.22531725,11604.2,-0.20675848,1.0642543e-05,0.20416005,-0.03262291,0.0114339447021484,14.832504208882654,0,0,0,0
29.40596796671552,40.955746,0.18379243,-0.023383008,-0.20383857,11471.6,-0.20717543,0.00054676505,0.18809006,-0.23383008,0.011005474726359,14.555287297566757,0,0,0,0
29.48794962565105,41.145447,0.21111268,-0.041073818,-0.2230298,11332.1,-0.2521865,0.0016870585,0.21978389,-0.4107381799999999,0.0105528926849365,14.545388793945335,0,0,0,0
28.887657101949088,40.974545,0.19128346,-0.035651423,-0.21039052,11765.4,-0.22693488,0.0012710239,0.19810298,-0.35651423,0.0088965702056884,14.813097466362876,0,0,0,0
29.587538973490425,41.128357,0.2303544,-0.06002504,-0.23669899,11290.7,-0.29037943,0.0036030055,0.24418142,-0.6002504,0.011531532605489,14.80689392089846,0,0,0,0
29.13729852040612,44.27806,0.12126306,0.052791722,-0.18271331,13655.7,-0.068471335,0.002786966,0.11486137,0.52791722,0.0113369719187418,14.88310012817385,0,0,0,0
29.40596796671552,43.697,0.14543541,0.022756642,-0.17858197,12998.3,-0.12267877,0.0005178647,0.14212579,0.22756642,0.011005474726359,14.555287297566757,0,0,0,0
28.87584997812908,41.878613,0.13966268,-0.008306787,-0.17812367,12056.95,-0.14796947,6.9002715e-05,0.14082284,-0.0830678699999999,0.0109853935241699,15.018158531188988,0,0,0,0
29.25716981887821,42.162308,0.19441992,-0.040207375,-0.2099334,12356.1,-0.23462729,0.001616633,0.20223702,-0.4020737499999999,0.0098183250427246,14.7552871068319,0,0,0,0
29.25716981887821,41.78291,0.20381758,-0.022871103,-0.21361342,11670.15,-0.22668868,0.0005230874,0.2084791,-0.22871103,0.0098183250427246,14.7552871068319,0,0,0,0
29.425578371683784,41.584663,0.21184763,-0.030486455,-0.22260952,11558.3,-0.24233408,0.0009294239,0.21830612,-0.30486455,0.0115013901392618,14.729311084747335,0,0,0,0
29.21082426706954,40.333668,0.19479898,-0.028482225,-0.20546149,11908.7,-0.2232812,0.0008112371,0.20034727,-0.28482225,0.0117545138465033,14.92827011744184,0,0,0,0
29.0171795845032,40.184982,0.22385263,-0.07338781,-0.22782497,11300.7,-0.29724044,0.0053857705,0.24028069,-0.7338781,0.0095214568244086,14.8354873021444,0,0,0,0
29.437518374125176,40.58831,0.20330432,-0.035878144,-0.2074873,11459.8,-0.23918246,0.0012872411,0.2105985,-0.35878144,0.0114339447021484,14.832504208882654,0,0,0,0
29.437518374125176,42.25972,0.16788295,0.00045589934,-0.19013499,11612.15,-0.16742705,2.0784421e-07,0.16780642,0.0045589934,0.0114339447021484,14.832504208882654,0,0,0,0
29.498190180460654,42.4648,0.14021324,0.016074313,-0.1793096,12065.25,-0.124138914,0.00025838352,0.1379594,0.16074313,0.0103383498390515,14.389676666259788,0,0,0,0
29.3144397099813,40.995056,0.14803316,-0.005764268,-0.17996229,11796.3,-0.15379743,3.322678e-05,0.14888647,-0.05764268,0.011785807079739,14.98104512956408,0,0,0,0
29.63563849131268,40.736996,0.13549732,0.020105721,-0.16834246,11705.25,-0.11539159,0.00040424004,0.13277304,0.20105721,0.0094514126247829,14.539032554626488,0,0,0,0
28.967117881774925,41.18988,0.16075338,0.011014064,-0.1933905,11831.4,-0.14973931,0.0001213096,0.15898283,0.11014064,0.0105637062920464,14.902815755208335,0,0,0,0
28.967117881774925,42.21187,0.1676657,-0.005010971,-0.1869244,12020.9,-0.17267667,2.5109828e-05,0.16850588,-0.05010971,0.0105637062920464,14.902815755208335,0,0,0,0
29.498190180460654,40.942074,0.18403435,-0.0351332,-0.19569372,11295.3,-0.21916755,0.0012343418,0.19050007,-0.351332,0.0103383498390515,14.389676666259788,0,0,0,0
29.48794962565105,40.824154,0.16794671,-0.004964217,-0.18483098,11384.5,-0.17291093,2.464345e-05,0.16878043,-0.04964217,0.0105528926849365,14.545388793945335,0,0,0,0
29.383197085062704,40.388355,0.16542862,-0.0131138,-0.18522762,11762.2,-0.17854242,0.00017197177,0.16759802,-0.131138,0.0116676606072319,14.912640349070244,0,0,0,0
29.214689826965355,40.386646,0.18714882,-0.03903432,-0.20458972,11578.95,-0.22618313,0.0015236778,0.19445404,-0.3903432,0.0111927111943562,15.171249326070182,0,0,0,0
29.587538973490425,40.873714,0.16868863,-0.000517086,-0.1900051,11938.45,-0.16920571,2.6737794e-07,0.16877586,-0.00517086,0.011531532605489,14.80689392089846,0,0,0,0
28.81987374623617,40.492607,0.21926957,-0.044773422,-0.22729364,11378.1,-0.264043,0.0020046593,0.22908702,-0.44773422,0.0110777473449707,15.02515818277996,0,0,0,0
29.234214401245158,40.48577,0.21778795,-0.036999803,-0.2274268,11206.35,-0.25478774,0.0013689854,0.22584607,-0.36999803,0.0105792490641276,15.068183570437984,0,0,0,0
28.71447588602703,40.03972,0.14263391,0.005723501,-0.16916727,11572.0,-0.13691041,3.2758464e-05,0.14181754,0.0572350099999999,0.0101193030675252,15.129899597167991,0,0,0,0
29.383197085062704,39.800457,0.19975264,-0.032293346,-0.21439624,11775.45,-0.232046,0.0010428601,0.20620333,-0.32293346,0.0116676606072319,14.912640349070244,0,0,0,0
29.40596796671552,40.684013,0.19635832,-0.03595175,-0.21323927,11782.75,-0.23231007,0.0012925281,0.20341775,-0.3595175,0.011005474726359,14.555287297566757,0,0,0,0
29.43544333775841,40.699394,0.17560178,-0.01567722,-0.19243802,11730.35,-0.191279,0.0002457752,0.17835473,-0.1567721999999999,0.0112120342254638,14.495665486653678,0,0,0,0
29.0171795845032,39.30997,0.20135838,-0.035846353,-0.20914745,11580.55,-0.23720473,0.0012849609,0.20857634,-0.35846353,0.0095214568244086,14.8354873021444,0,0,0,0
29.63563849131268,39.022858,0.19342811,-0.030768994,-0.1993116,11442.05,-0.2241971,0.00094673096,0.19937971,-0.30768994,0.0094514126247829,14.539032554626488,0,0,0,0
28.887657101949088,39.41422,0.17513281,-0.025726536,-0.18773101,11384.6,-0.20085935,0.0006618547,0.17963837,-0.25726536,0.0088965702056884,14.813097466362876,0,0,0,0
29.21082426706954,40.434498,0.20023781,-0.04942819,-0.21039468,11915.4,-0.249666,0.002443146,0.2101352,-0.4942818999999999,0.0117545138465033,14.92827011744184,0,0,0,0
29.507907485961937,41.3642,0.23222615,-0.06575456,-0.23892732,11168.05,-0.2979807,0.0043236623,0.24749607,-0.6575456000000001,0.0105171871185302,14.82529443105065,0,0,0,0
28.71447588602703,41.55732,0.2036082,-0.032404143,-0.21726985,11546.65,-0.23601234,0.0010500286,0.21020596,-0.32404143,0.0101193030675252,15.129899597167991,0,0,0,0
29.425578371683784,41.841015,0.1728871,-0.018020315,-0.18843931,11985.55,-0.19090742,0.00032473178,0.17600258,-0.1802031499999999,0.0115013901392618,14.729311084747335,0,0,0,0
29.43544333775841,42.989468,0.15047924,0.0020231854,-0.17424849,12266.95,-0.14845605,4.093279e-06,0.1501748,0.020231854,0.0112120342254638,14.495665486653678,0,0,0,0
29.426291084289588,42.83566,0.18809645,-0.0030604547,-0.2115679,12004.1,-0.1911569,9.366383e-06,0.18867211,-0.030604547,0.0109315586090087,14.32123548719621,0,0,0,0
28.863900438944512,41.953808,0.16813,0.008280609,-0.18297689,11737.6,-0.15984939,6.8568486e-05,0.16673778,0.08280609,0.0106722672780354,15.035710430145286,0,0,0,0
29.383197085062704,41.774364,0.20708211,-0.03377535,-0.2244898,11553.0,-0.24085745,0.001140774,0.21407637,-0.3377535,0.0116676606072319,14.912640349070244,0,0,0,0
29.214689826965355,42.733116,0.17394525,0.007402135,-0.2058381,12054.6,-0.16654311,5.4791606e-05,0.17265768,0.07402135,0.0111927111943562,15.171249326070182,0,0,0,0
29.13729852040612,42.62545,0.15502681,0.007930894,-0.18258467,11842.8,-0.14709592,6.289908e-05,0.1537973,0.07930894,0.0113369719187418,14.88310012817385,0,0,0,0
28.87584997812908,40.543877,0.19704469,-0.011672575,-0.21465205,11531.9,-0.20871726,0.000136249,0.1993447,-0.1167257499999999,0.0109853935241699,15.018158531188988,0,0,0,0
29.3144397099813,40.08586,0.15832938,-0.002341493,-0.18436275,11799.35,-0.16067088,5.48259e-06,0.15870011,-0.02341493,0.011785807079739,14.98104512956408,0,0,0,0
28.967117881774925,40.284107,0.20409006,-0.042121444,-0.21338443,11274.15,-0.2462115,0.001774216,0.21268661,-0.42121444,0.0105637062920464,14.902815755208335,0,0,0,0
29.234214401245158,40.434498,0.16158077,-0.005184332,-0.19020696,11749.7,-0.16676511,2.6877296e-05,0.16241845,-0.05184332,0.0105792490641276,15.068183570437984,0,0,0,0
29.0171795845032,40.610527,0.12020084,0.026234977,-0.14740187,11988.45,-0.093965866,0.000688274,0.11704738,0.26234977,0.0095214568244086,14.8354873021444,0,0,0,0
29.25716981887821,40.860043,0.16667272,0.009732698,-0.17527962,11544.8,-0.15694003,9.472541e-05,0.16505055,0.09732698,0.0098183250427246,14.7552871068319,0,0,0,0
29.507907485961937,41.10443,0.16542168,-0.0028282178,-0.17838328,11211.6,-0.16824989,7.998817e-06,0.16588953,-0.0282821779999999,0.0105171871185302,14.82529443105065,0,0,0,0
29.53638579050701,41.93501,0.18198699,0.02150584,-0.20821655,11719.25,-0.16048114,0.00046250114,0.1780732,0.2150583999999999,0.0099408562978108,14.67159852981571,0,0,0,0
29.48794962565105,41.212097,0.16927345,0.024124807,-0.19194669,11910.0,-0.14514865,0.0005820063,0.16518976,0.24124807,0.0105528926849365,14.545388793945335,0,0,0,0
29.48794962565105,40.384937,0.18836223,-0.02634873,-0.20520452,11412.85,-0.21471097,0.0006942556,0.19332534,-0.2634873,0.0105528926849365,14.545388793945335,0,0,0,0
29.234214401245158,40.237965,0.2179062,-0.048617788,-0.22730602,11268.55,-0.26652402,0.0023636895,0.22850034,-0.48617788,0.0105792490641276,15.068183570437984,0,0,0,0
29.48794962565105,40.872005,0.20112754,-0.01702697,-0.21075779,11307.3,-0.21815452,0.0002899177,0.20455214,-0.1702697,0.0105528926849365,14.545388793945335,0,0,0,0
29.21082426706954,40.936947,0.21005456,-0.015692811,-0.2194137,11269.95,-0.22574738,0.00024626433,0.2133509,-0.15692811,0.0117545138465033,14.92827011744184,0,0,0,0
29.383197085062704,40.496025,0.18177235,-0.015083182,-0.20193803,11775.05,-0.19685553,0.00022750236,0.18451405,-0.15083182,0.0116676606072319,14.912640349070244,0,0,0,0
29.25716981887821,40.84637,0.14138964,0.035499696,-0.16900563,12557.45,-0.10588994,0.0012602285,0.13637035,0.35499696,0.0098183250427246,14.7552871068319,0,0,0,0
29.13729852040612,41.042908,0.19112629,-0.015598354,-0.20213337,11153.1,-0.20672463,0.00024330865,0.19410753,-0.15598354,0.0113369719187418,14.88310012817385,0,0,0,0
28.775239880879724,40.22087,0.20686647,-0.044321686,-0.21219803,10945.35,-0.25118816,0.0019644117,0.21603514,-0.44321686,0.0100396521886189,15.071497853597007,0,0,0,0
29.214689826965355,41.012146,0.17962152,0.0386023,-0.19921741,11499.3,-0.14101921,0.0014901377,0.17268771,0.386023,0.0111927111943562,15.171249326070182,0,0,0,0
28.967117881774925,41.805126,0.13790184,0.03650726,-0.16711923,11702.05,-0.101394586,0.00133278,0.13286743,0.3650725999999999,0.0105637062920464,14.902815755208335,0,0,0,0
29.437518374125176,42.603233,0.17134751,0.015173247,-0.19063264,11516.9,-0.15617426,0.00023022742,0.1687476,0.15173247,0.0114339447021484,14.832504208882654,0,0,0,0
29.214689826965355,41.24286,0.16328551,0.0040999106,-0.18677436,11733.6,-0.15918559,1.6809268e-05,0.16261604,0.040999106,0.0111927111943562,15.171249326070182,0,0,0,0
28.87584997812908,39.769695,0.22887631,-0.08712815,-0.228713,10563.0,-0.31600446,0.007591314,0.24881789,-0.8712815,0.0109853935241699,15.018158531188988,0,0,0,0
29.426291084289588,40.417408,0.111955345,0.049128156,-0.13952011,11180.2,-0.062827185,0.0024135758,0.106455185,0.49128156,0.0109315586090087,14.32123548719621,0,0,0,0
29.437518374125176,40.407154,0.114976816,0.050426915,-0.14247969,11241.45,-0.06454989,0.0025428738,0.109178886,0.50426915,0.0114339447021484,14.832504208882654,0,0,0,0
28.887657101949088,40.993347,0.12786312,0.03918038,-0.15553066,11716.45,-0.08868274,0.001535102,0.12285339,0.3918038,0.0088965702056884,14.813097466362876,0,0,0,0
29.489220873514853,41.769238,0.11753459,0.036230907,-0.14739002,12322.0,-0.081303686,0.0013126786,0.113276206,0.36230907,0.0117224762174818,14.637499321831626,0,0,0,0
29.383197085062704,40.359303,0.18879385,-0.018498857,-0.205672,11673.2,-0.2072927,0.00034220767,0.19228633,-0.18498857,0.0116676606072319,14.912640349070244,0,0,0,0
29.214689826965355,40.2448,0.20968743,-0.054530088,-0.20788398,10528.7,-0.26421753,0.0029735304,0.2211217,-0.54530088,0.0111927111943562,15.171249326070182,0,0,0,0
29.13729852040612,41.820507,0.19567508,-0.03266884,-0.20788708,11570.7,-0.2283439,0.0010672531,0.20206754,-0.3266884,0.0113369719187418,14.88310012817385,0,0,0,0
29.507907485961937,43.356907,0.13598323,0.02679606,-0.17262082,12318.35,-0.10918717,0.00071802887,0.13233942,0.2679606,0.0105171871185302,14.82529443105065,0,0,0,0
29.426291084289588,42.411823,0.118771724,0.05278952,-0.15802099,12382.9,-0.06598221,0.0027867334,0.11250182,0.5278952,0.0109315586090087,14.32123548719621,0,0,0,0
29.425578371683784,41.000183,0.18035705,0.009982436,-0.20814504,11641.45,-0.17037462,9.964902e-05,0.17855665,0.09982436,0.0115013901392618,14.729311084747335,0,0,0,0
28.81987374623617,41.682076,0.19768664,-0.0067173415,-0.22109853,11474.3,-0.20440398,4.5122673e-05,0.19901457,-0.067173415,0.0110777473449707,15.02515818277996,0,0,0,0
29.234214401245158,42.447712,0.19041969,-0.019028815,-0.20575589,12159.65,-0.2094485,0.0003620958,0.19404314,-0.19028815,0.0105792490641276,15.068183570437984,0,0,0,0
28.887657101949088,42.205032,0.14645375,0.009180328,-0.18235818,12021.85,-0.13727343,8.427842e-05,0.14510927,0.09180328,0.0088965702056884,14.813097466362876,0,0,0,0
29.48794962565105,42.271687,0.16624203,0.022438416,-0.19225134,11644.4,-0.14380363,0.00050348253,0.16251183,0.22438416,0.0105528926849365,14.545388793945335,0,0,0,0
29.383197085062704,41.96577,0.13544536,0.02978775,-0.16760154,11887.15,-0.10565761,0.0008873101,0.13141075,0.2978775,0.0116676606072319,14.912640349070244,0,0,0,0
29.214689826965355,41.05829,0.1589763,0.03210268,-0.18975359,11953.7,-0.12687363,0.0010305822,0.15387274,0.3210268,0.0111927111943562,15.171249326070182,0,0,0,0
29.40596796671552,40.74725,0.18489087,0.008606949,-0.20072804,11322.35,-0.17628393,7.407957e-05,0.18329953,0.08606949,0.011005474726359,14.555287297566757,0,0,0,0
29.21082426706954,40.578056,0.18879125,-0.028120222,-0.2070646,11262.35,-0.21691148,0.0007907468,0.1941001,-0.28120222,0.0117545138465033,14.92827011744184,0,0,0,0
29.25716981887821,40.825863,0.17439878,-0.0154373925,-0.20325203,11693.9,-0.18983617,0.00023831309,0.17709103,-0.154373925,0.0098183250427246,14.7552871068319,0,0,0,0
29.21082426706954,42.114456,0.196437,-0.010248004,-0.211982,11176.4,-0.20668499,0.0001050216,0.19845009,-0.10248004,0.0117545138465033,14.92827011744184,0,0,0,0
29.0171795845032,42.71261,0.17461634,0.013498215,-0.20152737,11811.2,-0.16111812,0.0001822018,0.17225933,0.13498215,0.0095214568244086,14.8354873021444,0,0,0,0
29.507907485961937,42.750206,0.17377664,0.022366758,-0.20616733,11923.0,-0.15140988,0.00050027185,0.16988982,0.22366758,0.0105171871185302,14.82529443105065,0,0,0,0
29.53638579050701,42.112747,0.18719245,0.0069474853,-0.20478813,11708.5,-0.18024498,4.826755e-05,0.18589194,0.069474853,0.0099408562978108,14.67159852981571,0,0,0,0
29.383197085062704,41.326603,0.19308195,-0.0033473547,-0.21654335,11455.95,-0.1964293,1.1204784e-05,0.19372827,-0.033473547,0.0116676606072319,14.912640349070244,0,0,0,0
28.967117881774925,40.954037,0.16127671,0.0041170884,-0.1858849,11751.45,-0.15715963,1.6950415e-05,0.16061272,0.041170884,0.0105637062920464,14.902815755208335,0,0,0,0
28.775239880879724,41.094177,0.19273753,-0.010068549,-0.21701598,11569.5,-0.20280607,0.00010137567,0.19467811,-0.1006854899999999,0.0100396521886189,15.071497853597007,0,0,0,0
29.437518374125176,41.64106,0.17820689,0.008421349,-0.21672715,11999.3,-0.16978554,7.091912e-05,0.17670615,0.08421349,0.0114339447021484,14.832504208882654,0,0,0,0
29.234214401245158,41.29755,0.158798,0.0009765047,-0.19815455,11883.65,-0.15782149,9.535614e-07,0.15864292,0.009765047,0.0105792490641276,15.068183570437984,0,0,0,0
29.234214401245158,41.31464,0.21014121,-0.04670835,-0.221219,11337.35,-0.25684956,0.00218167,0.21995655,-0.4670835,0.0105792490641276,15.068183570437984,0,0,0,0
29.383197085062704,41.306095,0.20392744,-0.014505376,-0.21922258,11323.6,-0.21843281,0.00021040592,0.20688549,-0.14505376,0.0116676606072319,14.912640349070244,0,0,0,0
29.234214401245158,41.131775,0.16518766,-0.0022760702,-0.18809192,11466.35,-0.16746372,5.180496e-06,0.16556363,-0.022760702,0.0105792490641276,15.068183570437984,0,0,0,0
29.43544333775841,39.2587,0.17764415,-0.0032848145,-0.18052551,11753.8,-0.18092896,1.0790006e-05,0.17822768,-0.0328481449999999,0.0112120342254638,14.495665486653678,0,0,0,0
28.87584997812908,39.38175,0.16139174,0.0032081073,-0.17423092,11967.8,-0.15818363,1.0291952e-05,0.16087398,0.032081073,0.0109853935241699,15.018158531188988,0,0,0,0
28.967117881774925,39.566322,0.18612257,-0.007822647,-0.18937801,11639.2,-0.19394521,6.1193794e-05,0.18757853,-0.07822647,0.0105637062920464,14.902815755208335,0,0,0,0
29.0171795845032,38.855373,0.17922775,0.01073965,-0.20714436,11822.4,-0.1684881,0.00011534008,0.17730291,0.1073965,0.0095214568244086,14.8354873021444,0,0,0,0
28.967117881774925,38.961334,0.21513888,-0.020689245,-0.22144075,11405.8,-0.23582813,0.00042804488,0.21958993,-0.2068924499999999,0.0105637062920464,14.902815755208335,0,0,0,0
29.25716981887821,39.162994,0.21412757,-0.008186597,-0.22600251,11595.0,-0.22231418,6.7020366e-05,0.21588056,-0.08186597,0.0098183250427246,14.7552871068319,0,0,0,0
28.967117881774925,39.0502,0.19846159,-0.0086013125,-0.2055884,11492.5,-0.2070629,7.398258e-05,0.20016862,-0.086013125,0.0105637062920464,14.902815755208335,0,0,0,0
29.40596796671552,39.098053,0.20047691,-0.0008770904,-0.20805985,11638.5,-0.201354,7.6928757e-07,0.20065275,-0.008770904,0.011005474726359,14.555287297566757,0,0,0,0
29.587538973490425,39.61759,0.20354792,-0.026446132,-0.21053563,11554.9,-0.22999406,0.00069939793,0.20893098,-0.26446132,0.011531532605489,14.80689392089846,0,0,0,0
29.498190180460654,40.403736,0.12530924,0.03400942,-0.15089288,11922.5,-0.091299824,0.0011566405,0.12104755,0.3400942,0.0103383498390515,14.389676666259788,0,0,0,0
29.214689826965355,39.357822,0.20729554,-0.027675504,-0.21853967,11159.7,-0.23497103,0.0007659335,0.21303254,-0.27675504,0.0111927111943562,15.171249326070182,0,0,0,0
28.967117881774925,39.29288,0.14440939,-0.015520512,-0.16233535,12050.4,-0.1599299,0.00024088631,0.1466507,-0.15520512,0.0105637062920464,14.902815755208335,0,0,0,0
28.87584997812908,39.340733,0.09894852,0.0011411455,-0.110450365,11305.4,-0.09780738,1.3022129e-06,0.09883561,0.011411455,0.0109853935241699,15.018158531188988,0,0,0,0
29.40596796671552,39.822674,0.11545093,0.011788928,-0.13316324,11559.2,-0.10366201,0.00013897884,0.11408989,0.11788928,0.011005474726359,14.555287297566757,0,0,0,0
29.425578371683784,40.646416,0.20486277,-0.02174478,-0.22019519,11813.0,-0.22660755,0.00047283547,0.20931746,-0.2174477999999999,0.0115013901392618,14.729311084747335,0,0,0,0
28.87584997812908,40.113205,0.20238137,-0.026377881,-0.21927555,11360.1,-0.22875926,0.0006957926,0.20771977,-0.26377881,0.0109853935241699,15.018158531188988,0,0,0,0
29.478845055898063,39.405674,0.16630124,-0.010709351,-0.201876,12243.4,-0.1770106,0.00011469019,0.16808222,-0.10709351,0.0112010693550109,14.937810198466025,0,0,0,0
29.478845055898063,39.333897,0.1444476,0.016184583,-0.17378815,11815.2,-0.12826301,0.00026194073,0.14210977,0.16184583,0.0112010693550109,14.937810198466025,0,0,0,0
28.77436933517457,39.92863,0.16902524,0.009163602,-0.18448228,12043.5,-0.15986164,8.397161e-05,0.16747636,0.09163602,0.0096894741058349,14.974113559722907,0,0,0,0
28.863900438944512,40.014084,0.23904715,-0.06003635,-0.24276932,11328.8,-0.2990835,0.0036043632,0.2533987,-0.6003635,0.0106722672780354,15.035710430145286,0,0,0,0
28.77436933517457,40.59173,0.21811064,-0.03165725,-0.2327993,11662.9,-0.24976788,0.0010021813,0.22501542,-0.3165725,0.0096894741058349,14.974113559722907,0,0,0,0
29.478845055898063,40.67034,0.15835042,0.0021310004,-0.19350728,12579.7,-0.15621942,4.541163e-06,0.15801297,0.0213100039999999,0.0112010693550109,14.937810198466025,0,0,0,0
29.234214401245158,40.321705,0.17637089,0.010308053,-0.18204719,11760.7,-0.16606283,0.00010625596,0.17455284,0.1030805299999999,0.0105792490641276,15.068183570437984,0,0,0,0
28.967117881774925,40.03801,0.21328993,-0.03551368,-0.21196055,11474.4,-0.24880362,0.0012612215,0.22086464,-0.3551368,0.0105637062920464,14.902815755208335,0,0,0,0
29.383197085062704,40.560966,0.21835768,-0.03382036,-0.22643463,11660.4,-0.25217804,0.0011438169,0.22574262,-0.3382036,0.0116676606072319,14.912640349070244,0,0,0,0
29.234214401245158,41.111267,0.15143903,0.01069898,-0.15863214,11772.2,-0.14074005,0.00011446816,0.1498188,0.1069898,0.0105792490641276,15.068183570437984,0,0,0,0
29.0171795845032,39.96281,0.16621058,-0.0017939993,-0.17004444,11640.8,-0.16800457,3.2184337e-06,0.16650875,-0.017939993,0.0095214568244086,14.8354873021444,0,0,0,0
29.489220873514853,39.993576,0.14314564,0.009997959,-0.16426711,12488.1,-0.13314767,9.9959194e-05,0.14171447,0.09997959,0.0117224762174818,14.637499321831626,0,0,0,0
29.425578371683784,40.14055,0.1754392,-0.013625575,-0.18640463,12159.5,-0.18906477,0.00018565629,0.17782965,-0.1362557499999999,0.0115013901392618,14.729311084747335,0,0,0,0
29.425578371683784,39.979904,0.14608352,0.006329863,-0.16625586,12314.6,-0.13975365,4.0067163e-05,0.14515883,0.06329863,0.0115013901392618,14.729311084747335,0,0,0,0
29.383197085062704,40.820736,0.17087391,-0.009021354,-0.18723547,12448.4,-0.17989527,8.138483e-05,0.17241544,-0.09021354,0.0116676606072319,14.912640349070244,0,0,0,0
29.426291084289588,40.075607,0.1872311,-0.019699002,-0.19862677,11781.2,-0.20693009,0.00038805066,0.19091935,-0.19699002,0.0109315586090087,14.32123548719621,0,0,0,0
29.234214401245158,39.675697,0.22030856,-0.068286195,-0.22712758,11558.5,-0.28859475,0.004663005,0.23535259,-0.6828619499999999,0.0105792490641276,15.068183570437984,0,0,0,0
28.863900438944512,40.12346,0.1966959,-0.018128622,-0.20498371,12088.8,-0.21482451,0.00032864691,0.20026171,-0.18128622,0.0106722672780354,15.035710430145286,0,0,0,0
29.437518374125176,41.955517,0.15926786,0.0032005168,-0.17430557,12222.0,-0.15606734,1.0243308e-05,0.15875812,0.032005168,0.0114339447021484,14.832504208882654,0,0,0,0
29.425578371683784,42.372517,0.21154113,-0.015640445,-0.21191938,11673.6,-0.22718157,0.0002446235,0.21484973,-0.15640445,0.0115013901392618,14.729311084747335,0,0,0,0
28.77436933517457,40.851498,0.08422749,0.059062492,-0.12994172,14126.7,-0.025164992,0.003488378,0.0792528,0.59062492,0.0096894741058349,14.974113559722907,0,0,0,0
29.63563849131268,41.097595,0.10576527,0.043916598,-0.14135489,14462.0,-0.06184867,0.0019286674,0.10112042,0.43916598,0.0094514126247829,14.539032554626488,0,0,0,0
29.489220873514853,41.31293,0.1282286,0.025583103,-0.15697713,12893.8,-0.1026455,0.00065449515,0.124948114,0.25583103,0.0117224762174818,14.637499321831626,0,0,0,0
29.40596796671552,41.74018,0.16635266,0.0064788396,-0.17906395,11937.0,-0.15987383,4.1975363e-05,0.16527489,0.064788396,0.011005474726359,14.555287297566757,0,0,0,0
29.21082426706954,41.425724,0.11755524,0.07026809,-0.1420368,12457.5,-0.04728715,0.004937604,0.109294854,0.7026809,0.0117545138465033,14.92827011744184,0,0,0,0
28.967117881774925,41.494083,0.12167901,0.071874544,-0.14334776,12323.1,-0.049804464,0.0051659504,0.11293338,0.71874544,0.0105637062920464,14.902815755208335,0,0,0,0
29.3144397099813,42.406696,0.12041665,0.0662705,-0.14699778,12320.9,-0.054146152,0.004391779,0.11243658,0.662705,0.011785807079739,14.98104512956408,0,0,0,0
28.87584997812908,45.083008,0.15946695,0.03161569,-0.1683927,12261.1,-0.12785126,0.0009995518,0.15442531,0.3161569,0.0109853935241699,15.018158531188988,0,0,0,0
29.25716981887821,42.358845,0.13430475,0.029174427,-0.1796085,12535.2,-0.105130315,0.0008511471,0.13038647,0.2917442699999999,0.0098183250427246,14.7552871068319,0,0,0,0
29.507907485961937,41.05658,0.17226943,0.022323318,-0.19423623,12974.8,-0.14994612,0.0004983305,0.16842382,0.22323318,0.0105171871185302,14.82529443105065,0,0,0,0
29.40596796671552,41.500923,0.14443822,0.061439034,-0.15650882,12125.4,-0.082999185,0.003774755,0.13556407,0.6143903399999999,0.011005474726359,14.555287297566757,0,0,0,0
28.81987374623617,41.39838,0.19162229,-0.03768277,-0.18795343,11710.2,-0.22930506,0.0014199914,0.19884315,-0.3768277,0.0110777473449707,15.02515818277996,0,0,0,0
29.3144397099813,40.70794,0.11060606,0.06122449,-0.13823718,13117.6,-0.04938157,0.003748438,0.103834264,0.6122449,0.011785807079739,14.98104512956408,0,0,0,0
29.21082426706954,41.736763,0.1120942,0.06602923,-0.14410013,13161.4,-0.046064973,0.0043598595,0.10469271,0.6602922999999999,0.0117545138465033,14.92827011744184,0,0,0,0
29.425578371683784,42.38277,0.16743343,0.016876522,-0.1838134,11876.8,-0.1505569,0.000284817,0.16460773,0.16876522,0.0115013901392618,14.729311084747335,0,0,0,0
28.81987374623617,42.078568,0.15308806,0.022302844,-0.15881856,12098.7,-0.13078523,0.0004974168,0.14967376,0.22302844,0.0110777473449707,15.02515818277996,0,0,0,0
29.0171795845032,41.65815,0.114285715,0.053308465,-0.14258836,13079.0,-0.06097725,0.0028417925,0.108193316,0.5330846499999999,0.0095214568244086,14.8354873021444,0,0,0,0
28.711374537150107,39.665443,0.10718134,0.043294903,-0.13583457,13585.6,-0.063886434,0.0018744487,0.10254093,0.43294903,0.0099601470099555,15.083465194702171,0,0,0,0
29.40596796671552,39.10489,0.09057164,0.083140455,-0.12348236,14065.2,-0.0074311835,0.0069123358,0.083041474,0.83140455,0.011005474726359,14.555287297566757,0,0,0,0
28.71447588602703,43.09543,0.24913834,-0.067207485,-0.25150654,11562.2,-0.3163458,0.0045168456,0.2658823,-0.67207485,0.0101193030675252,15.129899597167991,0,0,0,0
29.498190180460654,43.14157,0.25719666,-0.076629326,-0.25378,11797.95,-0.33382598,0.005872054,0.27690545,-0.76629326,0.0103383498390515,14.389676666259788,0,0,0,0
28.77436933517457,44.28148,0.14433168,0.022744358,-0.17687364,12115.9,-0.12158732,0.0005173058,0.14104894,0.2274435799999999,0.0096894741058349,14.974113559722907,0,0,0,0
29.426291084289588,45.484623,0.13619944,0.03752442,-0.16970459,12348.05,-0.09867502,0.0014080823,0.13108863,0.3752442,0.0109315586090087,14.32123548719621,0,0,0,0
28.81987374623617,45.969982,0.15241048,0.01778818,-0.17768368,12354.7,-0.13462229,0.0003164193,0.14969936,0.1778818,0.0110777473449707,15.02515818277996,0,0,0,0
29.214689826965355,45.826427,0.16012722,0.010772665,-0.18904316,11739.85,-0.14935455,0.000116050316,0.15840222,0.10772665,0.0111927111943562,15.171249326070182,0,0,0,0
28.77436933517457,43.052704,0.14124694,0.029570857,-0.17274982,12391.55,-0.11167608,0.0008744356,0.13707015,0.29570857,0.0096894741058349,14.974113559722907,0,0,0,0
29.426291084289588,42.442585,0.13593473,0.024893802,-0.167855,11851.3,-0.11104093,0.00061970134,0.13255079,0.2489380199999999,0.0109315586090087,14.32123548719621,0,0,0,0
28.81987374623617,42.15547,0.15477337,0.0025845831,-0.18217376,12264.15,-0.1521888,6.6800694e-06,0.15437335,0.025845831,0.0110777473449707,15.02515818277996,0,0,0,0
28.863900438944512,41.987988,0.113472044,0.033826668,-0.15588443,12497.1,-0.07964538,0.0011442435,0.10963367,0.33826668,0.0106722672780354,15.035710430145286,0,0,0,0
28.887657101949088,41.54194,0.12787992,0.02703332,-0.16093192,12515.7,-0.100846596,0.0007308003,0.12442289,0.2703332,0.0088965702056884,14.813097466362876,0,0,0,0
29.40596796671552,41.032654,0.1252659,0.027207043,-0.1679096,12527.45,-0.09805885,0.00074022316,0.12185778,0.27207043,0.011005474726359,14.555287297566757,0,0,0,0
28.81987374623617,39.800457,0.14290713,0.016069518,-0.16992281,12005.45,-0.12683761,0.00025822944,0.14061068,0.16069518,0.0110777473449707,15.02515818277996,0,0,0,0
28.967117881774925,39.868816,0.173147,-0.023149427,-0.19171077,11705.25,-0.19629642,0.000535896,0.17715524,-0.23149427,0.0105637062920464,14.902815755208335,0,0,0,0
28.71447588602703,36.683224,0.25287333,-0.17586051,-0.2296036,10370.75,-0.42873386,0.030926919,0.2973438,-1.7586051,0.0101193030675252,15.129899597167991,0,0,0,0
29.43544333775841,35.84068,0.21049458,-0.14595033,-0.19904447,10527.85,-0.3564449,0.021301497,0.24121633,-1.4595033,0.0112120342254638,14.495665486653678,0,0,0,0
28.863900438944512,35.65611,0.1804276,-0.06853196,-0.19093908,11677.4,-0.24895956,0.0046966295,0.19279265,-0.6853196,0.0106722672780354,15.035710430145286,0,0,0,0
28.77436933517457,36.42858,0.1659393,-0.0754248,-0.16201319,10574.85,-0.2413641,0.0056889,0.17845525,-0.754248,0.0096894741058349,14.974113559722907,0,0,0,0
28.77436933517457,38.37685,0.18771678,-0.033359576,-0.19984004,10892.6,-0.22107635,0.0011128612,0.19397894,-0.33359576,0.0096894741058349,14.974113559722907,0,0,0,0
29.13729852040612,41.237732,0.13186777,0.030060872,-0.16881627,12449.4,-0.10180689,0.000903656,0.1279037,0.30060872,0.0113369719187418,14.88310012817385,0,0,0,0
29.53638579050701,41.55561,0.12873375,0.033791237,-0.16953914,12505.35,-0.09494251,0.0011418477,0.12438367,0.33791237,0.0099408562978108,14.67159852981571,0,0,0,0
29.43544333775841,41.752144,0.11961072,0.037065927,-0.15804665,12158.5,-0.08254479,0.0013738829,0.11517724,0.37065927,0.0112120342254638,14.495665486653678,0,0,0,0
29.383197085062704,41.945263,0.14280832,0.031554557,-0.17855632,12174.55,-0.11125376,0.0009956901,0.13830206,0.3155455699999999,0.0116676606072319,14.912640349070244,0,0,0,0
29.25716981887821,43.11081,0.13967499,0.03602213,-0.17513622,12124.1,-0.103652865,0.0012975939,0.13464361,0.3602212999999999,0.0098183250427246,14.7552871068319,0,0,0,0
29.426291084289588,43.43723,0.16252872,0.009130268,-0.18842064,11950.45,-0.15339845,8.3361796e-05,0.16104479,0.09130268,0.0109315586090087,14.32123548719621,0,0,0,0
28.967117881774925,44.10887,0.1587198,0.02257536,-0.18462025,12069.1,-0.13614443,0.0005096469,0.15513663,0.2257536,0.0105637062920464,14.902815755208335,0,0,0,0
29.214689826965355,45.34107,0.15188766,0.009124503,-0.17842534,12584.35,-0.14276315,8.325655e-05,0.15050176,0.09124503,0.0111927111943562,15.171249326070182,0,0,0,0
28.87584997812908,46.11525,0.10579767,0.030458525,-0.15610889,13457.75,-0.075339146,0.0009277217,0.10257523,0.30458525,0.0109853935241699,15.018158531188988,0,0,0,0
29.478845055898063,44.812984,0.10525088,0.031290032,-0.14419548,13691.75,-0.07396085,0.0009790661,0.10195758,0.31290032,0.0112010693550109,14.937810198466025,0,0,0,0
28.711374537150107,43.41843,0.15477681,0.016205134,-0.1787529,12595.3,-0.13857168,0.00026260637,0.15226863,0.16205134,0.0099601470099555,15.083465194702171,0,0,0,0
29.234214401245158,43.90037,0.09255259,0.045578137,-0.15119204,14749.3,-0.046974447,0.0020773667,0.08833421,0.4557813699999999,0.0105792490641276,15.068183570437984,0,0,0,0
28.71447588602703,43.604713,0.108833246,0.029473387,-0.16182739,14198.55,-0.07935986,0.00086868054,0.10562556,0.29473387,0.0101193030675252,15.129899597167991,0,0,0,0
29.48794962565105,42.531456,0.14545079,0.015821332,-0.1730525,12132.2,-0.12962945,0.00025031457,0.14314955,0.15821332,0.0105528926849365,14.545388793945335,0,0,0,0
29.40596796671552,42.731407,0.16623135,-0.0061247637,-0.18092905,11873.15,-0.17235611,3.751273e-05,0.16724949,-0.061247637,0.011005474726359,14.555287297566757,0,0,0,0
29.48794962565105,43.792706,0.20088004,-0.027030064,-0.21045925,12315.25,-0.22791009,0.0007306243,0.20630983,-0.27030064,0.0105528926849365,14.545388793945335,0,0,0,0
29.478845055898063,44.18065,0.07285112,0.07299505,-0.09982044,13735.5,0.00014393427,0.0053282776,0.067533344,0.7299505000000001,0.0112010693550109,14.937810198466025,0,0,0,0
28.775239880879724,44.22679,0.20127271,-0.017909784,-0.20981742,11615.85,-0.21918249,0.0003207604,0.20487745,-0.17909784,0.0100396521886189,15.071497853597007,0,0,0,0
29.383197085062704,44.529285,0.054528184,0.06520702,-0.086879894,14176.8,0.010678835,0.004251955,0.050972562,0.6520702,0.0116676606072319,14.912640349070244,0,0,0,0
28.967117881774925,45.32056,0.028623162,0.12900382,-0.06082816,15211.55,0.10038066,0.016641986,0.024930663,1.2900382,0.0105637062920464,14.902815755208335,0,0,0,0
29.25716981887821,43.567116,0.08631102,0.047370356,-0.13371558,15287.8,-0.038940664,0.0022439507,0.08222244,0.47370356,0.0098183250427246,14.7552871068319,0,0,0,0
29.478845055898063,41.528267,0.18079762,-0.022582293,-0.1965088,12163.1,-0.20337991,0.00050996,0.18488045,-0.22582293,0.0112010693550109,14.937810198466025,0,0,0,0
29.478845055898063,41.738472,0.11697413,0.012252752,-0.15283121,13238.05,-0.104721375,0.00015012993,0.11554088,0.12252752,0.0112010693550109,14.937810198466025,0,0,0,0
29.426291084289588,43.524387,0.08638545,0.033469573,-0.13402435,13570.2,-0.05291588,0.0011202121,0.083494164,0.33469573,0.0109315586090087,14.32123548719621,0,0,0,0
29.489220873514853,44.153305,0.15260285,-0.021196261,-0.17675981,12038.75,-0.17379911,0.00044928148,0.15583746,-0.21196261,0.0117224762174818,14.637499321831626,0,0,0,0
28.887657101949088,42.72628,0.13810404,0.0061643943,-0.16717818,11937.35,-0.13193965,3.7999755e-05,0.13725272,0.061643943,0.0088965702056884,14.813097466362876,0,0,0,0
29.40596796671552,40.803646,0.15439965,0.014622306,-0.18564688,11920.85,-0.13977735,0.00021381184,0.15214197,0.14622306,0.011005474726359,14.555287297566757,0,0,0,0
29.437518374125176,40.615654,0.23815773,-0.058219023,-0.23208329,11278.55,-0.29637676,0.0033894547,0.25202304,-0.58219023,0.0114339447021484,14.832504208882654,0,0,0,0
28.81987374623617,41.253117,0.117967136,0.05352865,-0.14818472,11821.9,-0.064438485,0.0028653166,0.111652516,0.5352865,0.0110777473449707,15.02515818277996,0,0,0,0
29.40596796671552,40.79852,0.14811417,0.0132961385,-0.17831731,11823.3,-0.13481803,0.0001767873,0.14614482,0.132961385,0.011005474726359,14.555287297566757,0,0,0,0
29.13729852040612,40.511406,0.1676031,-0.022014052,-0.18336594,10929.9,-0.18961716,0.00048461847,0.17129272,-0.22014052,0.0113369719187418,14.88310012817385,0,0,0,0
28.711374537150107,41.095886,0.17505087,-0.010940589,-0.19477092,11734.8,-0.18599145,0.00011969648,0.17696603,-0.10940589,0.0099601470099555,15.083465194702171,0,0,0,0
29.234214401245158,42.645958,0.13060185,0.01952463,-0.1642316,12805.65,-0.11107723,0.00038121117,0.1280519,0.1952463,0.0105792490641276,15.068183570437984,0,0,0,0
28.863900438944512,44.47289,0.09278242,0.02865865,-0.13461293,12335.85,-0.06412377,0.00082131824,0.0901234,0.2865865,0.0106722672780354,15.035710430145286,0,0,0,0
29.437518374125176,43.413303,0.108413324,0.02888239,-0.15980259,12655.2,-0.07953094,0.00083419244,0.10528209,0.2888239,0.0114339447021484,14.832504208882654,0,0,0,0
29.587538973490425,41.678658,0.14479154,-0.008077844,-0.16825373,11979.65,-0.15286939,6.525156e-05,0.14596114,-0.08077844,0.011531532605489,14.80689392089846,0,0,0,0
28.967117881774925,40.96429,0.18342592,-0.028523572,-0.19373344,10938.4,-0.21194948,0.0008135942,0.18865788,-0.28523572,0.0105637062920464,14.902815755208335,0,0,0,0
28.967117881774925,41.43256,0.12974177,0.042560093,-0.1584056,12197.9,-0.08718167,0.0018113616,0.12421995,0.42560093,0.0105637062920464,14.902815755208335,0,0,0,0
29.234214401245158,41.24628,0.12769218,0.04652167,-0.15983933,12833.75,-0.08117051,0.002164266,0.121751726,0.4652167,0.0105792490641276,15.068183570437984,0,0,0,0
29.40596796671552,41.135193,0.15491058,0.02211482,-0.18227212,12008.1,-0.13279575,0.0004890653,0.15148476,0.2211482,0.011005474726359,14.555287297566757,0,0,0,0
29.13729852040612,40.890804,0.1528247,0.008773713,-0.17928246,12314.5,-0.14405099,7.697805e-05,0.15148386,0.08773713,0.0113369719187418,14.88310012817385,0,0,0,0
28.711374537150107,40.48748,0.17766327,-0.009603546,-0.19384067,12156.05,-0.18726681,9.2228096e-05,0.17936945,-0.0960354599999999,0.0099601470099555,15.083465194702171,0,0,0,0
29.489220873514853,40.501152,0.20405073,-0.030166954,-0.21725821,11970.4,-0.23421769,0.0009100452,0.21020633,-0.30166954,0.0117224762174818,14.637499321831626,0,0,0,0
28.87584997812908,40.306324,0.25038698,-0.05930351,-0.24492696,11469.8,-0.3096905,0.0035169064,0.2652358,-0.5930350999999999,0.0109853935241699,15.018158531188988,0,0,0,0
29.383197085062704,40.501152,0.2243529,-0.05329428,-0.22613917,11793.9,-0.27764717,0.00284028,0.23630962,-0.5329428,0.0116676606072319,14.912640349070244,0,0,0,0
28.87584997812908,41.254826,0.19944832,-0.038624197,-0.21774513,12400.7,-0.23807251,0.0014918286,0.20715185,-0.38624197,0.0109853935241699,15.018158531188988,0,0,0,0
29.437518374125176,41.86665,0.16138883,0.0032192816,-0.18502964,12475.1,-0.15816955,1.0363773e-05,0.16086927,0.032192816,0.0114339447021484,14.832504208882654,0,0,0,0
29.40596796671552,41.406925,0.19696772,-0.032861214,-0.21531448,12385.1,-0.22982894,0.0010798593,0.20344032,-0.32861214,0.011005474726359,14.555287297566757,0,0,0,0
28.711374537150107,41.143738,0.1820429,-0.011685859,-0.20204474,12295.25,-0.19372876,0.0001365593,0.18417023,-0.11685859,0.0099601470099555,15.083465194702171,0,0,0,0
29.425578371683784,40.935238,0.2011338,-0.03052758,-0.21735163,12091.75,-0.23166138,0.0009319332,0.20727393,-0.3052758,0.0115013901392618,14.729311084747335,0,0,0,0
29.13729852040612,41.271915,0.11859022,0.029585289,-0.15689495,12776.85,-0.089004934,0.0008752893,0.1150817,0.29585289,0.0113369719187418,14.88310012817385,0,0,0,0
29.383197085062704,40.699394,0.117893085,0.030217132,-0.1541926,12979.1,-0.08767595,0.0009130751,0.114330694,0.30217132,0.0116676606072319,14.912640349070244,0,0,0,0
29.40596796671552,40.593437,0.18412495,-0.023803437,-0.19539301,11835.15,-0.20792837,0.0005666036,0.18850775,-0.23803437,0.011005474726359,14.555287297566757,0,0,0,0
28.87584997812908,40.70965,0.15229268,0.014600367,-0.17153248,12882.0,-0.13769232,0.00021317072,0.15006915,0.14600367,0.0109853935241699,15.018158531188988,0,0,0,0
28.71447588602703,39.925213,0.16576378,0.0070780073,-0.18544534,11850.15,-0.15868577,5.0098188e-05,0.1645905,0.070780073,0.0101193030675252,15.129899597167991,0,0,0,0
29.437518374125176,39.699623,0.14641249,0.0106390575,-0.17503393,12620.6,-0.13577344,0.00011318954,0.1448548,0.106390575,0.0114339447021484,14.832504208882654,0,0,0,0
28.711374537150107,39.838055,0.17505933,-0.012478264,-0.19679679,12653.95,-0.1875376,0.00015570706,0.17724377,-0.12478264,0.0099601470099555,15.083465194702171,0,0,0,0
29.234214401245158,40.111496,0.17697185,0.006916783,-0.19625844,12035.4,-0.17005506,4.7841884e-05,0.17574777,0.06916783,0.0105792490641276,15.068183570437984,0,0,0,0
28.87584997812908,40.736996,0.16384104,0.010888928,-0.18084687,12322.25,-0.15295212,0.000118568736,0.162057,0.10888928,0.0109853935241699,15.018158531188988,0,0,0,0
29.383197085062704,40.909603,0.13532332,0.026550695,-0.16571175,12615.7,-0.10877262,0.0007049394,0.1317304,0.26550695,0.0116676606072319,14.912640349070244,0,0,0,0
29.21082426706954,42.063187,0.17067571,-0.01852818,-0.19095758,12060.8,-0.18920389,0.00034329345,0.17383802,-0.1852818,0.0117545138465033,14.92827011744184,0,0,0,0
28.77436933517457,41.461613,0.21515964,-0.049828988,-0.22405761,11753.95,-0.26498863,0.002482928,0.22588082,-0.4982898799999999,0.0096894741058349,14.974113559722907,0,0,0,0
28.967117881774925,41.666695,0.1698724,-0.016562551,-0.1926039,11837.35,-0.18643495,0.00027431812,0.17268594,-0.1656255099999999,0.0105637062920464,14.902815755208335,0,0,0,0
28.967117881774925,42.218704,0.11787523,0.049103796,-0.14675935,12655.35,-0.06877143,0.002411183,0.11208711,0.49103796,0.0105637062920464,14.902815755208335,0,0,0,0
29.63563849131268,41.84614,0.10573569,0.03558521,-0.1371285,12215.55,-0.07015048,0.0012663072,0.101973064,0.3558521,0.0094514126247829,14.539032554626488,0,0,0,0
29.437518374125176,40.562675,0.17627595,-0.0076501067,-0.1885819,11675.25,-0.18392606,5.8524132e-05,0.17762448,-0.076501067,0.0114339447021484,14.832504208882654,0,0,0,0
28.71447588602703,40.48064,0.17855011,0.010318092,-0.19185571,11794.1,-0.16823202,0.00010646303,0.17670782,0.10318092,0.0101193030675252,15.129899597167991,0,0,0,0
29.63563849131268,41.02411,0.21607281,-0.0051950263,-0.21875161,11760.05,-0.22126783,2.6988298e-05,0.21719532,-0.0519502629999999,0.0094514126247829,14.539032554626488,0,0,0,0
29.234214401245158,41.05829,0.20620812,-0.01269777,-0.21409252,11770.35,-0.2189059,0.00016123336,0.2088265,-0.1269777,0.0105792490641276,15.068183570437984,0,0,0,0
29.426291084289588,41.940136,0.12514092,0.04091922,-0.15364125,13060.75,-0.084221706,0.0016743826,0.120020255,0.4091922,0.0109315586090087,14.32123548719621,0,0,0,0
29.3144397099813,42.65792,0.13980167,0.021281535,-0.16475321,12513.75,-0.118520126,0.0004529037,0.13682647,0.21281535,0.011785807079739,14.98104512956408,0,0,0,0
28.863900438944512,42.43575,0.12932593,0.021137193,-0.15765181,12889.8,-0.10818873,0.0004467809,0.12659234,0.2113719299999999,0.0106722672780354,15.035710430145286,0,0,0,0
29.437518374125176,41.518013,0.11993659,0.041509107,-0.15467538,12601.5,-0.078427486,0.001723006,0.11495813,0.41509107,0.0114339447021484,14.832504208882654,0,0,0,0
28.77436933517457,40.86346,0.09610888,0.056888167,-0.12850949,13553.8,-0.03922072,0.0032362635,0.09064143,0.56888167,0.0096894741058349,14.974113559722907,0,0,0,0
29.383197085062704,41.116394,0.13003577,0.009199865,-0.15763523,13174.15,-0.120835915,8.463752e-05,0.12883946,0.09199865,0.0116676606072319,14.912640349070244,0,0,0,0
29.21082426706954,41.735054,0.110902116,0.008368088,-0.14133874,14128.55,-0.102534026,7.0024886e-05,0.10997407,0.0836808799999999,0.0117545138465033,14.92827011744184,0,0,0,0
29.425578371683784,42.199905,0.12756555,0.0049397694,-0.14919597,13069.9,-0.12262578,2.4401323e-05,0.12693541,0.049397694,0.0115013901392618,14.729311084747335,0,0,0,0
29.40596796671552,41.96406,0.12780336,-0.008597662,-0.15365736,13023.8,-0.13640101,7.3919786e-05,0.12890215,-0.08597662,0.011005474726359,14.555287297566757,0,0,0,0
28.967117881774925,42.534874,0.12510169,-0.01335367,-0.14616738,12915.65,-0.13845536,0.00017832051,0.12677225,-0.1335367,0.0105637062920464,14.902815755208335,0,0,0,0
29.507907485961937,43.04074,0.10003316,0.010055499,-0.12737653,13140.9,-0.08997766,0.000101113066,0.099027276,0.10055499,0.0105171871185302,14.82529443105065,0,0,0,0
29.21082426706954,43.510715,0.15605518,-0.0016889432,-0.17306644,12509.35,-0.15774412,2.8525292e-06,0.15631875,-0.016889432,0.0117545138465033,14.92827011744184,0,0,0,0
29.214689826965355,42.353718,0.22122745,-0.055339005,-0.22554097,11735.2,-0.27656645,0.0030624052,0.23346995,-0.55339005,0.0111927111943562,15.171249326070182,0,0,0,0
28.967117881774925,40.161057,0.23625901,-0.10581551,-0.231634,10692.6,-0.3420745,0.011196922,0.26125887,-1.0581551,0.0105637062920464,14.902815755208335,0,0,0,0
29.13729852040612,38.470848,0.24299906,-0.11772953,-0.22406158,10070.75,-0.3607286,0.0138602415,0.27160722,-1.1772953,0.0113369719187418,14.88310012817385,0,0,0,0
29.63563849131268,38.44521,0.36974078,-0.21542197,-0.34900206,10676.55,-0.58516276,0.046406627,0.44939107,-2.1542197,0.0094514126247829,14.539032554626488,0,1,0,0
29.40596796671552,40.726738,0.19149366,-0.04591444,-0.19754758,12232.4,-0.2374081,0.002108136,0.20028599,-0.4591444,0.011005474726359,14.555287297566757,0,0,0,0
29.425578371683784,41.827343,0.100770034,0.048365157,-0.12524937,14434.05,-0.052404877,0.0023391885,0.095896274,0.48365157,0.0115013901392618,14.729311084747335,0,0,0,0
29.234214401245158,42.09395,0.11715187,0.01557076,-0.14360295,13146.95,-0.10158111,0.00024244856,0.11532773,0.1557076,0.0105792490641276,15.068183570437984,0,0,0,0
29.13729852040612,42.64425,0.14501846,-0.000513948,-0.15958767,13044.4,-0.14553241,2.6414253e-07,0.145093,-0.00513948,0.0113369719187418,14.88310012817385,0,0,0,0
29.383197085062704,42.62374,0.11818515,0.032201413,-0.12786445,13276.7,-0.08598373,0.0010369311,0.11437941,0.32201413,0.0116676606072319,14.912640349070244,0,0,0,0
29.214689826965355,41.699165,0.15476191,-0.0040760073,-0.16359127,12634.2,-0.15883791,1.6613836e-05,0.15539272,-0.040760073,0.0111927111943562,15.171249326070182,0,0,0,0
29.48794962565105,42.232376,0.17949855,-0.02488329,-0.19709875,12029.1,-0.20438184,0.0006191781,0.18396507,-0.2488329,0.0105528926849365,14.545388793945335,0,0,0,0
29.234214401245158,43.327854,0.18371248,0.012963727,-0.1919303,12244.25,-0.17074876,0.00016805822,0.18133087,0.12963727,0.0105792490641276,15.068183570437984,0,0,0,0
29.234214401245158,43.22702,0.08568626,0.012418019,-0.11580469,13432.05,-0.07326824,0.00015420718,0.084622204,0.12418019,0.0105792490641276,15.068183570437984,0,0,0,0
29.425578371683784,42.733116,0.15927497,-0.010204081,-0.16886422,12061.9,-0.16947906,0.00010412328,0.16090022,-0.10204081,0.0115013901392618,14.729311084747335,0,0,0,0
29.25716981887821,43.719215,0.11016129,0.05260861,-0.12610242,12046.15,-0.05755268,0.0027676655,0.104365855,0.5260861,0.0098183250427246,14.7552871068319,0,0,0,0
29.43544333775841,44.56005,0.103655726,0.12639682,-0.106842116,12308.15,0.022741098,0.015976157,0.09055397,1.2639682,0.0112120342254638,14.495665486653678,0,0,0,0
29.587538973490425,43.151825,0.16308449,-0.03549518,-0.18499574,12587.2,-0.19857967,0.0012599077,0.1688732,-0.3549518,0.011531532605489,14.80689392089846,0,0,0,0
29.426291084289588,43.103973,0.18881582,-0.067074075,-0.19461973,12446.9,-0.2558899,0.0044989316,0.20148046,-0.67074075,0.0109315586090087,14.32123548719621,0,0,0,0
29.3144397099813,43.74314,0.111313835,-0.0053878976,-0.12793277,12682.65,-0.11670174,2.902944e-05,0.111913584,-0.053878976,0.011785807079739,14.98104512956408,0,0,0,0
29.234214401245158,46.16481,0.08922943,0.03895028,-0.111555964,13231.1,-0.050279148,0.0015171244,0.08575392,0.3895028,0.0105792490641276,15.068183570437984,0,0,0,0
29.437518374125176,47.140656,0.07201011,0.05162547,-0.105872,12987.85,-0.020384634,0.002665189,0.06829255,0.5162547,0.0114339447021484,14.832504208882654,0,0,0,0
29.426291084289588,43.614967,0.15742165,-0.03176175,-0.17488898,12237.2,-0.1891834,0.0010088087,0.16242163,-0.3176175,0.0109315586090087,14.32123548719621,0,0,0,0
29.587538973490425,40.22087,0.23942128,-0.1145775,-0.22359808,10384.5,-0.35399878,0.013128004,0.26685357,-1.145775,0.011531532605489,14.80689392089846,0,0,0,0
29.63563849131268,41.54023,0.11473494,0.022423146,-0.14291754,12513.15,-0.0923118,0.0005027975,0.112162225,0.22423146,0.0094514126247829,14.539032554626488,0,0,0,0
29.43544333775841,42.43404,0.09608575,0.01779512,-0.12234798,13718.1,-0.07829063,0.0003166663,0.09437589,0.1779512,0.0112120342254638,14.495665486653678,0,0,0,0
29.63563849131268,44.90185,0.12910432,0.012253533,-0.13934176,12919.75,-0.11685078,0.00015014909,0.12752233,0.12253533,0.0094514126247829,14.539032554626488,0,0,0,0
28.87584997812908,45.4419,0.14706044,-0.006025548,-0.15463348,11739.55,-0.15308599,3.6307232e-05,0.14794657,-0.06025548,0.0109853935241699,15.018158531188988,0,0,0,0
29.0171795845032,44.132797,0.08466888,-0.009125596,-0.10083437,11846.3,-0.09379448,8.327649e-05,0.08544154,-0.09125596,0.0095214568244086,14.8354873021444,0,0,0,0
29.21082426706954,43.23044,0.16514224,-0.03673961,-0.17488931,12106.65,-0.20188184,0.001349799,0.1712095,-0.3673961,0.0117545138465033,14.92827011744184,0,0,0,0
29.437518374125176,43.006557,0.14499967,-0.005293488,-0.1763959,12453.5,-0.15029316,2.8021015e-05,0.14576723,-0.05293488,0.0114339447021484,14.832504208882654,0,0,0,0
28.863900438944512,42.09053,0.14168946,0.0051852074,-0.17203245,12221.0,-0.13650426,2.6886375e-05,0.14095478,0.051852074,0.0106722672780354,15.035710430145286,0,0,0,0
28.967117881774925,41.600044,0.22031488,-0.050037146,-0.22985055,11791.7,-0.27035204,0.002503716,0.23133881,-0.50037146,0.0105637062920464,14.902815755208335,0,0,0,0
28.967117881774925,42.03926,0.26822272,-0.07472719,-0.26419032,11471.55,-0.3429499,0.0055841533,0.28826624,-0.7472719,0.0105637062920464,14.902815755208335,0,0,0,0
29.437518374125176,42.823696,0.21960817,-0.020679839,-0.227076,12011.95,-0.240288,0.00042765576,0.22414963,-0.20679839,0.0114339447021484,14.832504208882654,0,0,0,0
29.437518374125176,42.28023,0.22031589,-0.032961432,-0.23005924,12574.15,-0.25327733,0.0010864561,0.22757782,-0.32961432,0.0114339447021484,14.832504208882654,0,0,0,0
29.425578371683784,41.629097,0.16697025,-0.0036553524,-0.18601303,12306.1,-0.1706256,1.3361601e-05,0.16758059,-0.036553524,0.0115013901392618,14.729311084747335,0,0,0,0
29.13729852040612,41.458195,0.19703656,-0.020535216,-0.2057558,11531.65,-0.21757178,0.00042169506,0.20108275,-0.2053521599999999,0.0113369719187418,14.88310012817385,0,0,0,0
28.77436933517457,41.603462,0.19930021,-0.030779641,-0.20475914,11684.8,-0.23007984,0.00094738626,0.2054346,-0.30779641,0.0096894741058349,14.974113559722907,0,0,0,0
29.25716981887821,41.991405,0.21222073,-0.033894014,-0.21372604,11599.25,-0.24611475,0.0011488041,0.21941374,-0.33894014,0.0098183250427246,14.7552871068319,0,0,0,0
29.63563849131268,41.435978,0.21402226,-0.037527133,-0.22250837,11568.9,-0.2515494,0.0014082858,0.22205392,-0.3752713299999999,0.0094514126247829,14.539032554626488,0,0,0,0
28.71447588602703,41.131775,0.17880584,-0.0100876065,-0.19391175,11746.15,-0.18889345,0.00010175981,0.18060957,-0.100876065,0.0101193030675252,15.129899597167991,0,0,0,0
29.426291084289588,41.26679,0.17244928,-0.003217679,-0.18746744,11718.9,-0.17566694,1.03534585e-05,0.17300415,-0.03217679,0.0109315586090087,14.32123548719621,0,0,0,0
29.489220873514853,41.083923,0.24818853,-0.075244844,-0.2512322,11331.9,-0.32343337,0.005661787,0.26686344,-0.75244844,0.0117224762174818,14.637499321831626,0,0,0,0
29.587538973490425,41.755566,0.25554642,-0.085292876,-0.24756363,11235.15,-0.3408393,0.007274874,0.2773427,-0.8529287600000001,0.011531532605489,14.80689392089846,0,0,0,0
29.48794962565105,42.6733,0.18112046,-0.023043867,-0.1966602,12315.95,-0.20416433,0.0005310198,0.18529417,-0.2304386699999999,0.0105528926849365,14.545388793945335,0,0,0,0
29.25716981887821,42.271687,0.1569236,-0.0021715045,-0.1749974,12281.6,-0.15909511,4.715432e-06,0.15726437,-0.021715045,0.0098183250427246,14.7552871068319,0,0,0,0
29.13729852040612,41.1933,0.11645298,0.0433365,-0.14975977,12895.75,-0.073116474,0.0018780521,0.11140631,0.433365,0.0113369719187418,14.88310012817385,0,0,0,0
29.25716981887821,40.59002,0.23691809,-0.06468235,-0.23522171,11296.7,-0.30160043,0.004183806,0.2522425,-0.6468235,0.0098183250427246,14.7552871068319,0,0,0,0
28.711374537150107,40.501152,0.2254926,-0.04965602,-0.2253425,11468.2,-0.27514863,0.0024657203,0.23668966,-0.4965602,0.0099601470099555,15.083465194702171,0,0,0,0
29.3144397099813,40.28069,0.19504791,-0.038632177,-0.20167121,12084.35,-0.23368008,0.001492445,0.20258303,-0.3863217699999999,0.011785807079739,14.98104512956408,0,0,0,0
28.887657101949088,40.29607,0.22451565,-0.04226702,-0.22395568,11423.45,-0.26678267,0.0017865011,0.23400526,-0.4226702,0.0088965702056884,14.813097466362876,0,0,0,0
28.863900438944512,38.88101,0.10717388,-0.04020791,-0.100206725,9939.9,-0.1473818,0.0016166762,0.11148312,-0.4020791,0.0106722672780354,15.035710430145286,0,0,0,0
29.426291084289588,39.142487,0.1262495,0.03482246,-0.1583222,12702.5,-0.091427036,0.0012126038,0.12185318,0.3482246,0.0109315586090087,14.32123548719621,0,0,0,0
28.711374537150107,40.668633,0.111088924,0.04910937,-0.14578365,12861.15,-0.06197956,0.00241173,0.10563342,0.4910936999999999,0.0099601470099555,15.083465194702171,0,0,0,0
29.63563849131268,41.24115,0.19345383,-0.008819278,-0.20304613,11753.3,-0.20227312,7.7779674e-05,0.19515996,-0.08819278,0.0094514126247829,14.539032554626488,0,0,0,0
28.77436933517457,41.887157,0.19583635,-0.021171935,-0.20368235,12138.05,-0.2170083,0.00044825085,0.19998258,-0.21171935,0.0096894741058349,14.974113559722907,0,0,0,0
29.383197085062704,42.249466,0.12877893,0.032283615,-0.15641871,12421.75,-0.09649532,0.0010422318,0.12462149,0.32283615,0.0116676606072319,14.912640349070244,0,0,0,0
29.48794962565105,42.372517,0.11709762,0.048689906,-0.1488152,12463.3,-0.06840772,0.0023707068,0.111396156,0.48689906,0.0105528926849365,14.545388793945335,0,0,0,0
29.489220873514853,42.05635,0.15116915,0.017677946,-0.1703333,12324.3,-0.1334912,0.00031250977,0.14849679,0.17677946,0.0117224762174818,14.637499321831626,0,0,0,0
29.214689826965355,41.700874,0.2031474,-0.017245112,-0.20415449,12009.5,-0.22039251,0.00029739388,0.2066507,-0.17245112,0.0111927111943562,15.171249326070182,0,0,0,0
28.87584997812908,41.78291,0.20205921,-0.020087078,-0.20553966,11771.3,-0.22214629,0.00040349073,0.20611799,-0.20087078,0.0109853935241699,15.018158531188988,0,0,0,0
28.81987374623617,41.46674,0.20805675,-0.020853993,-0.21324164,11601.15,-0.22891074,0.000434889,0.21239556,-0.20853993,0.0110777473449707,15.02515818277996,0,0,0,0
29.21082426706954,41.560738,0.19833371,-0.0043068295,-0.20118424,12030.65,-0.20264053,1.8548779e-05,0.19918789,-0.0430682949999999,0.0117545138465033,14.92827011744184,0,0,0,0
29.234214401245158,41.871777,0.15606666,0.008188141,-0.17848319,12487.65,-0.14787851,6.704565e-05,0.15478876,0.0818814099999999,0.0105792490641276,15.068183570437984,0,0,0,0
29.425578371683784,41.097595,0.12768018,0.028902423,-0.15381621,12334.0,-0.098777756,0.00083535,0.12398991,0.28902423,0.0115013901392618,14.729311084747335,0,0,0,0
28.81987374623617,41.030945,0.13400196,0.019150369,-0.152742,11833.7,-0.11485159,0.0003667366,0.13143577,0.19150369,0.0110777473449707,15.02515818277996,0,0,0,0
29.425578371683784,42.33492,0.11006016,0.061821282,-0.1465206,12342.6,-0.048238877,0.0038218708,0.1032561,0.61821282,0.0115013901392618,14.729311084747335,0,0,0,0
29.40596796671552,41.806835,0.097981274,0.047105536,-0.13376592,12200.4,-0.05087574,0.0022189314,0.09336581,0.47105536,0.011005474726359,14.555287297566757,0,0,0,0
28.775239880879724,41.10614,0.107238695,0.02027459,-0.13616465,12578.6,-0.08696411,0.00041105898,0.105064474,0.2027458999999999,0.0100396521886189,15.071497853597007,0,0,0,0
29.234214401245158,41.230896,0.10377598,0.05270367,-0.13221587,11985.8,-0.05107231,0.0027776768,0.098306604,0.5270367,0.0105792490641276,15.068183570437984,0,0,0,0
29.425578371683784,41.352238,0.105093405,0.04822258,-0.14034115,12805.2,-0.056870822,0.0023254172,0.10002553,0.4822258,0.0115013901392618,14.729311084747335,0,0,0,0
29.489220873514853,40.44817,0.09593112,0.0034346362,-0.11322848,12438.35,-0.092496485,1.1796726e-05,0.095601626,0.034346362,0.0117224762174818,14.637499321831626,0,0,0,0
29.48794962565105,39.36124,0.13226858,0.019393085,-0.15483452,13053.0,-0.11287549,0.00037609172,0.12970348,0.19393085,0.0105528926849365,14.545388793945335,0,0,0,0
29.425578371683784,38.041885,0.19105248,-0.04138662,-0.20670058,11748.55,-0.2324391,0.0017128522,0.1989595,-0.4138661999999999,0.0115013901392618,14.729311084747335,0,0,0,0
28.77436933517457,38.381977,0.17426282,-0.0062876334,-0.19899875,11822.0,-0.18055046,3.9534334e-05,0.17535853,-0.062876334,0.0096894741058349,14.974113559722907,0,0,0,0
29.383197085062704,41.391544,0.12520485,0.025971478,-0.16119747,12096.3,-0.09923336,0.00067451765,0.121953085,0.25971478,0.0116676606072319,14.912640349070244,0,0,0,0
28.71447588602703,42.876675,0.11171729,0.018764174,-0.14120027,12235.2,-0.092953116,0.00035209424,0.10962101,0.18764174,0.0101193030675252,15.129899597167991,0,0,0,0
28.81987374623617,42.377644,0.12085211,-0.002708818,-0.14375034,12080.15,-0.12356093,7.337695e-06,0.12117948,-0.02708818,0.0110777473449707,15.02515818277996,0,0,0,0
29.48794962565105,41.6103,0.14746782,-0.0023702595,-0.16447166,11904.85,-0.14983809,5.61813e-06,0.14781736,-0.023702595,0.0105528926849365,14.545388793945335,0,0,0,0
29.214689826965355,40.302906,0.11401082,0.042396158,-0.14463887,12039.55,-0.07161466,0.0017974342,0.109177195,0.42396158,0.0111927111943562,15.171249326070182,0,0,0,0
29.437518374125176,39.42618,0.17153999,-0.027573913,-0.17524107,11505.85,-0.1991139,0.0007603207,0.17627002,-0.27573913,0.0114339447021484,14.832504208882654,0,0,0,0
29.498190180460654,39.21256,0.17135808,-0.02139935,-0.17944857,11218.8,-0.19275743,0.00045793224,0.17502503,-0.2139935,0.0103383498390515,14.389676666259788,0,0,0,0
29.214689826965355,40.904476,0.18695253,-0.02956495,-0.1988085,11637.2,-0.21651748,0.00087408634,0.19247977,-0.2956495,0.0111927111943562,15.171249326070182,0,0,0,0
29.21082426706954,41.892284,0.15061519,-0.007460607,-0.16860873,11942.7,-0.1580758,5.566066e-05,0.15173887,-0.07460607,0.0117545138465033,14.92827011744184,0,0,0,0
28.967117881774925,41.600044,0.15658545,0.00324518,-0.18107633,12218.3,-0.15334027,1.0531193e-05,0.1560773,0.0324517999999999,0.0105637062920464,14.902815755208335,0,0,0,0
29.478845055898063,40.547295,0.24721487,-0.09287534,-0.24561037,11345.4,-0.34009022,0.008625829,0.27017504,-0.9287534,0.0112010693550109,14.937810198466025,0,0,0,0
29.21082426706954,40.0175,0.12807432,0.024167698,-0.15058187,12435.75,-0.10390662,0.0005840776,0.12497906,0.24167698,0.0117545138465033,14.92827011744184,0,0,0,0
28.967117881774925,40.51995,0.08406663,0.04663488,-0.11864842,12329.25,-0.03743175,0.002174812,0.08014619,0.4663487999999999,0.0105637062920464,14.902815755208335,0,0,0,0
28.77436933517457,40.20549,0.15492465,-0.006198882,-0.17539053,11994.6,-0.16112353,3.842614e-05,0.15588501,-0.06198882,0.0096894741058349,14.974113559722907,0,0,0,0
29.426291084289588,39.805584,0.13923274,0.01733951,-0.15895373,12461.8,-0.12189323,0.0003006586,0.13681851,0.1733951,0.0109315586090087,14.32123548719621,0,0,0,0
29.53638579050701,37.992325,0.1813021,-0.023556674,-0.19735245,12502.7,-0.20485877,0.0005549169,0.18557297,-0.23556674,0.0099408562978108,14.67159852981571,0,0,0,0
29.489220873514853,37.713757,0.15889746,-0.008521289,-0.1764011,12582.6,-0.16741875,7.261236e-05,0.16025147,-0.08521289,0.0117224762174818,14.637499321831626,0,0,0,0
29.383197085062704,39.47233,0.1838861,-0.005708554,-0.20249034,11773.8,-0.18959464,3.2587588e-05,0.18493581,-0.05708554,0.0116676606072319,14.912640349070244,0,0,0,0
28.87584997812908,40.46526,0.24978562,-0.08502085,-0.24809454,11475.3,-0.33480647,0.007228544,0.2710226,-0.8502084999999999,0.0109853935241699,15.018158531188988,0,0,0,0
29.40596796671552,42.186234,0.11444231,0.03181422,-0.14454152,12445.75,-0.08262809,0.0010121447,0.11080142,0.3181422,0.011005474726359,14.555287297566757,0,0,0,0
29.25716981887821,43.187714,0.07226649,0.045371693,-0.105314195,12038.2,-0.026894797,0.0020585905,0.06898764,0.4537169299999999,0.0098183250427246,14.7552871068319,0,0,0,0
29.53638579050701,43.717506,0.10351048,0.061545808,-0.14194651,12646.95,-0.041964665,0.0037878866,0.097139835,0.61545808,0.0099408562978108,14.67159852981571,0,0,0,0
29.425578371683784,43.526096,0.09578429,0.05432896,-0.13530365,12975.1,-0.041455336,0.0029516357,0.09058043,0.5432896,0.0115013901392618,14.729311084747335,0,0,0,0
29.63563849131268,42.377644,0.09243197,0.050403602,-0.13317308,13047.4,-0.042028364,0.0025405232,0.08777306,0.50403602,0.0094514126247829,14.539032554626488,0,0,0,0
29.25716981887821,41.425724,0.101513885,0.03745832,-0.13017069,12219.05,-0.06405556,0.0014031257,0.09771134,0.3745832,0.0098183250427246,14.7552871068319,0,0,0,0
29.13729852040612,42.10591,0.18332423,-0.036597215,-0.19512802,11731.75,-0.21992145,0.0013393562,0.19003339,-0.36597215,0.0113369719187418,14.88310012817385,0,0,0,0
29.425578371683784,43.597878,0.08484123,0.017409604,-0.108369604,12615.9,-0.06743163,0.0003030943,0.08336418,0.1740960399999999,0.0115013901392618,14.729311084747335,0,0,0,0
28.711374537150107,44.04564,0.08283426,0.028444681,-0.1059585,12784.9,-0.05438958,0.0008090999,0.080478065,0.28444681,0.0099601470099555,15.083465194702171,0,0,0,0
29.21082426706954,44.014874,0.085027725,0.030477734,-0.11235855,12684.0,-0.054549992,0.00092889223,0.08243627,0.30477734,0.0117545138465033,14.92827011744184,0,0,0,0
28.81987374623617,43.43723,0.124961056,0.006511372,-0.144049,12440.3,-0.11844969,4.2397965e-05,0.12414739,0.06511372,0.0110777473449707,15.02515818277996,0,0,0,0
29.53638579050701,41.750435,0.12887,0.013415518,-0.14838392,12454.55,-0.11545447,0.00017997614,0.12714113,0.1341551799999999,0.0099408562978108,14.67159852981571,0,0,0,0
28.863900438944512,41.307804,0.13871291,0.010974473,-0.15919863,12305.3,-0.12773845,0.00012043906,0.13719061,0.10974473,0.0106722672780354,15.035710430145286,0,0,0,0
28.77436933517457,40.771175,0.13824706,0.023006484,-0.16109006,12031.5,-0.11524057,0.0005292983,0.13506648,0.23006484,0.0096894741058349,14.974113559722907,0,0,0,0
29.234214401245158,40.309742,0.1481006,0.017190088,-0.16876961,12310.55,-0.1309105,0.0002954991,0.14555474,0.1719008799999999,0.0105792490641276,15.068183570437984,0,0,0,0
29.40596796671552,40.456715,0.13588999,0.017319705,-0.16463363,12845.95,-0.11857028,0.00029997216,0.13353641,0.17319705,0.011005474726359,14.555287297566757,0,0,0,0
29.425578371683784,40.57122,0.15552479,-0.006436054,-0.1803638,11997.35,-0.16196084,4.142279e-05,0.15652576,-0.06436054,0.0115013901392618,14.729311084747335,0,0,0,0
28.711374537150107,40.55584,0.14856619,-0.0005119403,-0.16563168,12203.75,-0.14907813,2.6208284e-07,0.14864226,-0.005119403,0.0099601470099555,15.083465194702171,0,0,0,0
29.13729852040612,41.3454,0.13383329,0.014048091,-0.15750422,12883.4,-0.119785205,0.00019734885,0.1319532,0.14048091,0.0113369719187418,14.88310012817385,0,0,0,0
28.863900438944512,41.256535,0.14853127,0.0024016728,-0.16866094,12962.9,-0.14612961,5.7680318e-06,0.14817455,0.024016728,0.0106722672780354,15.035710430145286,0,0,0,0
29.425578371683784,40.167892,0.13809006,0.0043659313,-0.16316809,12834.2,-0.13372412,1.9061355e-05,0.13748717,0.043659313,0.0115013901392618,14.729311084747335,0,0,0,0
29.48794962565105,39.839764,0.1894444,-0.058807917,-0.18645692,12486.5,-0.2482523,0.003458371,0.20058522,-0.58807917,0.0105528926849365,14.545388793945335,0,0,0,0
29.587538973490425,40.18669,0.18676485,-0.032142326,-0.19781147,12064.4,-0.21890718,0.0010331292,0.19276792,-0.32142326,0.011531532605489,14.80689392089846,0,0,0,0
28.81987374623617,40.80023,0.13523288,0.017263072,-0.16583072,12444.8,-0.11796981,0.00029801365,0.13289835,0.17263072,0.0110777473449707,15.02515818277996,0,0,0,0
29.21082426706954,40.60711,0.11295376,0.026451401,-0.14516468,12581.6,-0.08650235,0.00069967663,0.10996597,0.2645140099999999,0.0117545138465033,14.92827011744184,0,0,0,0
28.77436933517457,40.026047,0.18194579,-0.027596854,-0.20033662,12103.35,-0.20954263,0.00076158636,0.18696691,-0.27596854,0.0096894741058349,14.974113559722907,0,0,0,0
29.21082426706954,40.661797,0.10271425,0.027875623,-0.13914637,12515.1,-0.07483862,0.0007770503,0.09985102,0.27875623,0.0117545138465033,14.92827011744184,0,0,0,0
29.234214401245158,41.437687,0.09297392,0.043423988,-0.13974977,12046.95,-0.04954993,0.0018856428,0.08893662,0.4342398799999999,0.0105792490641276,15.068183570437984,0,0,0,0
29.214689826965355,41.473576,0.100874126,0.03260001,-0.14156741,12300.6,-0.06827411,0.0010627608,0.097585626,0.3260001,0.0111927111943562,15.171249326070182,0,0,0,0
28.967117881774925,40.509697,0.12531039,0.0152110495,-0.15521336,12483.4,-0.11009934,0.00023137603,0.12340428,0.152110495,0.0105637062920464,14.902815755208335,0,0,0,0
29.21082426706954,39.37662,0.12242802,0.010567392,-0.14762646,12094.1,-0.111860625,0.00011166978,0.12113427,0.10567392,0.0117545138465033,14.92827011744184,0,0,0,0
29.48794962565105,38.920315,0.20922056,-0.08335498,-0.21251658,11215.65,-0.29257554,0.006948053,0.22666015,-0.8335497999999999,0.0105528926849365,14.545388793945335,0,0,0,0
29.48794962565105,40.971127,0.11588919,0.029199893,-0.14860931,12541.5,-0.08668929,0.0008526338,0.112505235,0.29199893,0.0105528926849365,14.545388793945335,0,0,0,0
29.425578371683784,41.858105,0.1470941,0.016412504,-0.17541641,12072.45,-0.1306816,0.0002693703,0.14467992,0.16412504,0.0115013901392618,14.729311084747335,0,0,0,0
29.0171795845032,41.38471,0.18025006,-0.0058105313,-0.1953223,11675.2,-0.18606059,3.3762277e-05,0.1812974,-0.058105313,0.0095214568244086,14.8354873021444,0,0,0,0
28.863900438944512,41.10956,0.14245127,0.003671861,-0.17016988,12257.45,-0.1387794,1.3482563e-05,0.1419282,0.03671861,0.0106722672780354,15.035710430145286,0,0,0,0
28.81987374623617,41.67353,0.14501879,0.0003947768,-0.16913514,12093.1,-0.14462401,1.5584872e-07,0.14496154,0.003947768,0.0110777473449707,15.02515818277996,0,0,0,0
29.426291084289588,42.273396,0.11282351,0.032136727,-0.14890677,12455.1,-0.08068678,0.0010327692,0.10919773,0.32136727,0.0109315586090087,14.32123548719621,0,0,0,0
29.507907485961937,41.65815,0.1269387,0.017995013,-0.1618637,12333.85,-0.108943686,0.00032382045,0.124654435,0.17995013,0.0105171871185302,14.82529443105065,0,0,0,0
29.437518374125176,41.456486,0.09047893,0.05742598,-0.13184789,12427.85,-0.033052944,0.0032977432,0.085283086,0.5742598,0.0114339447021484,14.832504208882654,0,0,0,0
28.87584997812908,41.196716,0.105489075,0.043404438,-0.13845988,12311.25,-0.06208464,0.0018839451,0.10091038,0.4340443799999999,0.0109853935241699,15.018158531188988,0,0,0,0
29.383197085062704,41.164246,0.10040615,0.028892005,-0.13501994,12253.6,-0.07151414,0.000834748,0.09750521,0.28892005,0.0116676606072319,14.912640349070244,0,0,0,0
29.234214401245158,40.822445,0.096830204,0.054369982,-0.12900956,11754.7,-0.04246022,0.0029560952,0.09156555,0.54369982,0.0105792490641276,15.068183570437984,0,0,0,0
29.214689826965355,39.97307,0.10433237,0.038321424,-0.13728899,11982.05,-0.066010945,0.0014685316,0.100334205,0.38321424,0.0111927111943562,15.171249326070182,0,0,0,0
29.25716981887821,37.992325,0.13943204,-0.0071068616,-0.16547973,11561.5,-0.1465389,5.050748e-05,0.14042296,-0.071068616,0.0098183250427246,14.7552871068319,0,0,0,0
29.48794962565105,39.074127,0.10421327,0.031533923,-0.14537294,11673.3,-0.07267935,0.0009943882,0.10092701,0.3153392299999999,0.0105528926849365,14.545388793945335,0,0,0,0
29.437518374125176,42.33492,0.11750831,0.027039642,-0.1427475,12013.0,-0.09046867,0.00073114224,0.114330925,0.2703964199999999,0.0114339447021484,14.832504208882654,0,0,0,0
29.21082426706954,42.28023,0.111781,0.04446408,-0.1507205,12263.15,-0.06731693,0.0019770544,0.10681076,0.4446408,0.0117545138465033,14.92827011744184,0,0,0,0
29.43544333775841,41.39667,0.11508196,0.029518198,-0.15213919,12372.6,-0.08556376,0.00087132404,0.11168494,0.29518198,0.0112120342254638,14.495665486653678,0,0,0,0
29.13729852040612,41.372746,0.11178984,0.025375672,-0.1505025,12405.25,-0.086414166,0.0006439247,0.108953096,0.25375672,0.0113369719187418,14.88310012817385,0,0,0,0
29.587538973490425,41.62226,0.1358313,0.014478708,-0.17182617,12373.9,-0.1213526,0.00020963298,0.13386464,0.14478708,0.011531532605489,14.80689392089846,0,0,0,0
29.48794962565105,42.19478,0.13439368,0.00444602,-0.15399103,12669.55,-0.12994765,1.9767094e-05,0.13379616,0.0444602,0.0105528926849365,14.545388793945335,0,0,0,0
29.40596796671552,43.02707,0.12179244,0.0,-0.13740417,12585.1,-0.12179244,0.0,0.12179244,0.0,0.011005474726359,14.555287297566757,0,0,0,0
28.967117881774925,43.392796,0.17577094,-0.009552769,-0.19333345,12322.1,-0.18532372,9.125541e-05,0.17745005,-0.09552769,0.0105637062920464,14.902815755208335,0,0,0,0
29.507907485961937,43.314182,0.15953729,0.014227672,-0.18004331,12359.55,-0.14530961,0.00020242663,0.15726744,0.14227672,0.0105171871185302,14.82529443105065,0,0,0,0
29.63563849131268,41.55561,0.15092929,0.020216135,-0.16396436,11667.05,-0.13071315,0.00040869214,0.14787808,0.20216135,0.0094514126247829,14.539032554626488,0,0,0,0
29.21082426706954,41.059998,0.19970807,-0.02715087,-0.21164578,11678.05,-0.22685894,0.0007371697,0.20513032,-0.2715087,0.0117545138465033,14.92827011744184,0,0,0,0
29.21082426706954,41.511177,0.18812087,-0.022295278,-0.19134857,11915.4,-0.21041615,0.0004970794,0.19231509,-0.22295278,0.0117545138465033,14.92827011744184,0,0,0,0
29.48794962565105,41.90254,0.23080373,-0.05859491,-0.2306127,11602.7,-0.28939864,0.0034333633,0.24432765,-0.5859491,0.0105528926849365,14.545388793945335,0,0,0,0
29.21082426706954,44.047348,0.23228237,-0.049771756,-0.23113322,11540.9,-0.28205413,0.0024772277,0.24384348,-0.49771756,0.0117545138465033,14.92827011744184,0,0,0,0
29.40596796671552,44.842037,0.16435005,-0.011170958,-0.17571764,12326.3,-0.175521,0.00012479031,0.16618599,-0.11170958,0.011005474726359,14.555287297566757,0,0,0,0
29.478845055898063,38.573387,0.14367765,0.0023029284,-0.16229494,11890.55,-0.14137472,5.3034796e-06,0.14334677,0.0230292839999999,0.0112010693550109,14.937810198466025,0,0,0,0
29.437518374125176,40.88055,0.15325898,-0.00072588696,-0.16873896,12087.5,-0.15398486,5.2691183e-07,0.15337023,-0.0072588696,0.0114339447021484,14.832504208882654,0,0,0,0
29.48794962565105,41.152283,0.16830812,-0.008180176,-0.18381894,11809.2,-0.1764883,6.691529e-05,0.16968492,-0.08180176,0.0105528926849365,14.545388793945335,0,0,0,0
29.21082426706954,41.20868,0.18471177,-0.013710026,-0.19190016,11474.2,-0.19842179,0.00018796479,0.18724418,-0.13710026,0.0117545138465033,14.92827011744184,0,0,0,0
29.383197085062704,41.612007,0.17781879,-0.012323748,-0.1802145,11335.5,-0.19014253,0.00015187477,0.18001018,-0.12323748,0.0116676606072319,14.912640349070244,0,0,0,0
28.87584997812908,41.70771,0.20774013,-0.035754718,-0.22591041,11953.2,-0.24349484,0.0012783998,0.21516782,-0.3575471799999999,0.0109853935241699,15.018158531188988,0,0,0,0
29.0171795845032,40.386646,0.2099033,-0.044443164,-0.22091556,12042.5,-0.25434646,0.001975195,0.21923207,-0.44443164,0.0095214568244086,14.8354873021444,0,0,0,0
29.21082426706954,40.287525,0.20455329,-0.025610901,-0.21439749,11739.7,-0.2301642,0.0006559183,0.20979209,-0.2561090099999999,0.0117545138465033,14.92827011744184,0,0,0,0
29.383197085062704,39.00406,0.23374738,-0.06726207,-0.23812145,12214.4,-0.30100945,0.0045241863,0.24946971,-0.6726207,0.0116676606072319,14.912640349070244,0,0,0,0
29.426291084289588,39.494545,0.27042714,-0.106444605,-0.26990956,11778.4,-0.37687173,0.011330454,0.29921263,-1.06444605,0.0109315586090087,14.32123548719621,0,0,0,0
29.425578371683784,41.88545,0.07768498,0.03089456,-0.10846068,12823.1,-0.04679042,0.0009544739,0.075284936,0.3089456,0.0115013901392618,14.729311084747335,0,0,0,0
28.711374537150107,42.063187,0.09736121,0.018953942,-0.12641618,12485.95,-0.078407265,0.00035925192,0.095515825,0.18953942,0.0099601470099555,15.083465194702171,0,0,0,0
29.48794962565105,41.21039,0.17109247,-0.027323063,-0.19570829,11937.2,-0.19841552,0.0007465498,0.17576723,-0.27323063,0.0105528926849365,14.545388793945335,0,0,0,0
29.587538973490425,40.28069,0.17892298,-0.016968504,-0.21134853,12210.05,-0.19589148,0.0002879301,0.18195905,-0.1696850399999999,0.011531532605489,14.80689392089846,0,0,0,0
28.967117881774925,39.66886,0.24046557,-0.07753271,-0.24317601,11718.7,-0.31799826,0.0060113203,0.25910953,-0.7753271,0.0105637062920464,14.902815755208335,0,0,0,0
29.43544333775841,41.600044,0.17662634,-0.015019877,-0.1984979,12220.7,-0.19164622,0.00022559671,0.17927924,-0.1501987699999999,0.0112120342254638,14.495665486653678,0,0,0,0
29.21082426706954,42.654503,0.19023769,-0.027667299,-0.2071215,12152.95,-0.21790498,0.0007654794,0.19550106,-0.27667299,0.0117545138465033,14.92827011744184,0,0,0,0
29.43544333775841,43.09543,0.14797845,0.011760627,-0.17195532,12484.45,-0.13621782,0.00013831233,0.14623813,0.1176062699999999,0.0112120342254638,14.495665486653678,0,0,0,0
29.3144397099813,42.721153,0.17729162,-0.011137285,-0.19633874,12618.7,-0.1884289,0.00012403913,0.17926615,-0.11137285,0.011785807079739,14.98104512956408,0,0,0,0
29.21082426706954,42.871548,0.13997453,0.024359293,-0.1714669,12954.25,-0.11561524,0.0005933751,0.13656485,0.24359293,0.0117545138465033,14.92827011744184,0,0,0,0
29.437518374125176,42.7297,0.14957508,0.0030501494,-0.17157933,11787.5,-0.14652494,9.303411e-06,0.14911887,0.030501494,0.0114339447021484,14.832504208882654,0,0,0,0
29.40596796671552,42.252884,0.16354312,-0.0006673437,-0.1880124,12242.35,-0.16421047,4.4534758e-07,0.16365227,-0.0066734369999999,0.011005474726359,14.555287297566757,0,0,0,0
29.425578371683784,42.929653,0.15917945,0.015619739,-0.17885067,12060.4,-0.14355971,0.00024397625,0.15669312,0.15619739,0.0115013901392618,14.729311084747335,0,0,0,0
29.40596796671552,42.480183,0.18832313,-0.024235526,-0.19930343,11613.8,-0.21255864,0.00058736076,0.19288723,-0.24235526,0.011005474726359,14.555287297566757,0,0,0,0
29.3144397099813,42.304157,0.16454576,-0.008352361,-0.18580882,12122.4,-0.17289813,6.9761925e-05,0.16592011,-0.08352361,0.011785807079739,14.98104512956408,0,0,0,0
29.25716981887821,42.276814,0.14113595,0.009369199,-0.17033015,12308.45,-0.13176674,8.77819e-05,0.13981362,0.09369199,0.0098183250427246,14.7552871068319,0,0,0,0
28.71447588602703,41.888866,0.19068906,-0.027604733,-0.20993927,12192.7,-0.21829379,0.0007620212,0.19595297,-0.27604733,0.0101193030675252,15.129899597167991,0,0,0,0
29.43544333775841,41.991405,0.24744527,-0.08723151,-0.24513184,11228.05,-0.33467677,0.0076093357,0.2690303,-0.8723151,0.0112120342254638,14.495665486653678,0,0,0,0
29.234214401245158,42.235794,0.15920307,0.002361071,-0.1826265,12412.65,-0.156842,5.574657e-06,0.15882717,0.02361071,0.0105792490641276,15.068183570437984,0,0,0,0
28.967117881774925,42.099075,0.15514256,-0.0012185336,-0.18220101,12094.55,-0.15636109,1.4848241e-06,0.15533161,-0.012185336,0.0105637062920464,14.902815755208335,0,0,0,0
28.711374537150107,41.097595,0.21258992,-0.033712395,-0.21332748,11985.5,-0.2463023,0.0011365255,0.21975683,-0.33712395,0.0099601470099555,15.083465194702171,0,0,0,0
29.21082426706954,42.169144,0.2040683,-0.041846912,-0.21593393,11762.4,-0.24591522,0.0017511641,0.21260794,-0.41846912,0.0117545138465033,14.92827011744184,0,0,0,0
29.43544333775841,43.233856,0.16092826,0.0019414662,-0.1841576,12309.65,-0.15898679,3.7692912e-06,0.16061582,0.019414662,0.0112120342254638,14.495665486653678,0,0,0,0
29.383197085062704,43.268036,0.15329105,0.014492303,-0.1666299,11596.05,-0.13879874,0.00021002686,0.1510695,0.14492303,0.0116676606072319,14.912640349070244,0,0,0,0
29.437518374125176,42.288776,0.17926764,-0.024218993,-0.2004792,11981.65,-0.20348664,0.00058655965,0.18360934,-0.24218993,0.0114339447021484,14.832504208882654,0,0,0,0
29.478845055898063,41.929882,0.18914042,-0.01121774,-0.20962687,11905.8,-0.20035817,0.00012583769,0.19126216,-0.1121774,0.0112010693550109,14.937810198466025,0,0,0,0
28.887657101949088,41.328312,0.18857007,0.007624884,-0.21854328,11769.25,-0.18094517,5.813886e-05,0.18713224,0.07624884,0.0088965702056884,14.813097466362876,0,0,0,0
29.21082426706954,42.582726,0.17541097,0.016363714,-0.20411384,12025.75,-0.15904726,0.00026777113,0.1725406,0.16363714,0.0117545138465033,14.92827011744184,0,0,0,0
29.13729852040612,43.30051,0.150441,0.02877698,-0.19724628,12290.7,-0.12166403,0.0008281145,0.14611177,0.2877698,0.0113369719187418,14.88310012817385,0,0,0,0
29.48794962565105,41.0036,0.20221223,-0.025344392,-0.2205433,11861.3,-0.22755662,0.00064233824,0.20733717,-0.25344392,0.0105528926849365,14.545388793945335,0,0,0,0
29.383197085062704,40.78314,0.19993341,-0.038332444,-0.21130642,12116.7,-0.23826586,0.0014693764,0.20759735,-0.38332444,0.0116676606072319,14.912640349070244,0,0,0,0
28.967117881774925,42.3503,0.14796259,0.0030456854,-0.17534411,12458.7,-0.1449169,9.276198e-06,0.14751194,0.030456854,0.0105637062920464,14.902815755208335,0,0,0,0
28.77436933517457,41.99824,0.18141085,-0.01381158,-0.20521452,12539.95,-0.19522242,0.00019075973,0.18391642,-0.1381158,0.0096894741058349,14.974113559722907,0,0,0,0
29.21082426706954,40.870296,0.20825058,-0.032851823,-0.21696408,11568.6,-0.24110241,0.0010792423,0.21509199,-0.32851823,0.0117545138465033,14.92827011744184,0,0,0,0
29.53638579050701,41.324894,0.15052646,0.004901392,-0.18503807,12301.8,-0.14562507,2.4023644e-05,0.14978866,0.04901392,0.0099408562978108,14.67159852981571,0,0,0,0
28.967117881774925,40.697685,0.17789213,-0.032569766,-0.1996671,11746.8,-0.2104619,0.0010607896,0.18368605,-0.32569766,0.0105637062920464,14.902815755208335,0,0,0,0
29.48794962565105,41.00702,0.14108036,0.0010217188,-0.17368042,12494.5,-0.14005864,1.0439094e-06,0.14093621,0.010217188,0.0105528926849365,14.545388793945335,0,0,0,0
29.425578371683784,40.96771,0.15300208,0.01182683,-0.18140548,13017.75,-0.14117526,0.00013987391,0.15119255,0.1182682999999999,0.0115013901392618,14.729311084747335,0,0,0,0
29.437518374125176,40.425953,0.18875161,-0.027711932,-0.20986013,12383.45,-0.21646354,0.00076795113,0.19398229,-0.27711932,0.0114339447021484,14.832504208882654,0,0,0,0
29.21082426706954,40.55413,0.15856019,0.0030806805,-0.18790926,12774.6,-0.1554795,9.490593e-06,0.15807171,0.030806805,0.0117545138465033,14.92827011744184,0,0,0,0
28.71447588602703,41.99995,0.191181,-0.04061558,-0.2035304,11231.25,-0.23179659,0.0016496254,0.19894594,-0.4061557999999999,0.0101193030675252,15.129899597167991,0,0,0,0
29.498190180460654,41.758984,0.17294858,-0.028873637,-0.20591924,11642.55,-0.20182222,0.00083368697,0.17794223,-0.28873637,0.0103383498390515,14.389676666259788,0,0,0,0
29.53638579050701,40.601982,0.16284133,-0.0023075503,-0.18751138,11611.1,-0.16514888,5.3247886e-06,0.1632171,-0.0230755029999999,0.0099408562978108,14.67159852981571,0,0,0,0
29.214689826965355,40.583183,0.1416215,0.008133175,-0.16554885,11588.65,-0.13348833,6.614853e-05,0.14046967,0.08133175,0.0111927111943562,15.171249326070182,0,0,0,0
29.478845055898063,40.58831,0.21324013,-0.035004932,-0.22690073,11244.15,-0.24824506,0.0012253452,0.22070459,-0.35004932,0.0112010693550109,14.937810198466025,0,0,0,0
29.426291084289588,41.476994,0.16131756,0.0072909305,-0.18870269,11737.95,-0.15402663,5.315767e-05,0.1601414,0.072909305,0.0109315586090087,14.32123548719621,0,0,0,0
29.489220873514853,40.854916,0.19280505,0.00045765238,-0.2104407,11517.2,-0.19234739,2.0944572e-07,0.1927168,0.0045765238,0.0117224762174818,14.637499321831626,0,0,0,0
29.3144397099813,40.434498,0.21728575,-0.048029978,-0.22643092,11516.0,-0.26531574,0.002306879,0.22772197,-0.48029978,0.011785807079739,14.98104512956408,0,0,0,0
28.711374537150107,40.549004,0.20112094,-0.037033677,-0.2131687,11525.25,-0.23815462,0.0013714932,0.20856918,-0.37033677,0.0099601470099555,15.083465194702171,0,0,0,0
28.87584997812908,40.79852,0.19035244,-0.034224648,-0.20554514,11450.4,-0.22457708,0.0011713266,0.19686718,-0.34224648,0.0109853935241699,15.018158531188988,0,0,0,0
29.40596796671552,40.759212,0.22586288,-0.05301079,-0.23217393,11153.5,-0.27887365,0.002810144,0.23783603,-0.5301079,0.011005474726359,14.555287297566757,0,0,0,0
28.81987374623617,40.740414,0.2135239,-0.048035737,-0.22300251,11271.5,-0.26155964,0.0023074322,0.22378066,-0.48035737,0.0110777473449707,15.02515818277996,0,0,0,0
28.711374537150107,40.887386,0.21925463,-0.046126634,-0.22325835,11098.55,-0.26538125,0.0021276665,0.2293681,-0.46126634,0.0099601470099555,15.083465194702171,0,0,0,0
29.507907485961937,40.754086,0.1521055,-0.0018500114,-0.18147887,11807.75,-0.1539555,3.4225425e-06,0.15238689,-0.018500114,0.0105171871185302,14.82529443105065,0,0,0,0
29.48794962565105,40.772884,0.13394469,0.01861163,-0.16090187,11848.75,-0.11533306,0.0003463928,0.13145176,0.1861163,0.0105528926849365,14.545388793945335,0,0,0,0
29.25716981887821,41.406925,0.1517435,0.006036702,-0.17555104,11977.75,-0.1457068,3.6441772e-05,0.15082748,0.0603670199999999,0.0098183250427246,14.7552871068319,0,0,0,0
28.81987374623617,41.7624,0.19467849,-0.0053825947,-0.21932283,11785.9,-0.20006108,2.8972327e-05,0.19572636,-0.053825947,0.0110777473449707,15.02515818277996,0,0,0,0
29.214689826965355,42.017044,0.1731784,-0.0017910957,-0.20550804,12202.55,-0.1749695,3.2080238e-06,0.17348859,-0.0179109569999999,0.0111927111943562,15.171249326070182,0,0,0,0
29.234214401245158,42.234085,0.19408758,-0.0016522037,-0.21195857,11409.5,-0.19573979,2.729777e-06,0.19440825,-0.016522037,0.0105792490641276,15.068183570437984,0,0,0,0
28.863900438944512,41.03607,0.18626907,-0.020842347,-0.2022772,11790.3,-0.20711142,0.00043440342,0.19015135,-0.20842347,0.0106722672780354,15.035710430145286,0,0,0,0
28.87584997812908,40.531914,0.20139147,-0.049620096,-0.2123003,11411.25,-0.25101158,0.002462154,0.21138453,-0.49620096,0.0109853935241699,15.018158531188988,0,0,0,0
29.507907485961937,40.46697,0.20766762,-0.052080404,-0.22590096,11737.75,-0.25974804,0.0027123687,0.21848303,-0.52080404,0.0105171871185302,14.82529443105065,0,0,0,0
29.478845055898063,40.451588,0.1833214,-0.025016638,-0.19849326,11720.35,-0.20833804,0.0006258321,0.18790749,-0.25016638,0.0112010693550109,14.937810198466025,0,0,0,0
29.48794962565105,41.277042,0.19587192,-0.039604265,-0.2068123,11527.4,-0.23547618,0.0015684977,0.20362929,-0.39604265,0.0105528926849365,14.545388793945335,0,0,0,0
28.967117881774925,42.239212,0.1860368,-0.01783973,-0.20553716,12160.95,-0.20387653,0.00031825594,0.18935564,-0.1783973,0.0105637062920464,14.902815755208335,0,0,0,0
29.426291084289588,42.750206,0.15086871,-0.0053178244,-0.17963351,12369.5,-0.15618655,2.8279255e-05,0.151671,-0.053178244,0.0109315586090087,14.32123548719621,0,0,0,0
29.25716981887821,42.93478,0.15278704,0.034834065,-0.19096248,12351.5,-0.11795297,0.001213412,0.14746484,0.34834065,0.0098183250427246,14.7552871068319,0,0,0,0
29.21082426706954,42.733116,0.19721803,-0.0018792774,-0.21993203,12010.3,-0.1990973,3.5316837e-06,0.19758867,-0.018792774,0.0117545138465033,14.92827011744184,0,0,0,0
29.21082426706954,42.60665,0.15005001,0.012877785,-0.17670119,12258.75,-0.13717222,0.00016583734,0.1481177,0.12877785,0.0117545138465033,14.92827011744184,0,0,0,0
29.214689826965355,42.129837,0.1554969,0.010220832,-0.1782034,11532.65,-0.14527607,0.000104465405,0.1539076,0.1022083199999999,0.0111927111943562,15.171249326070182,0,0,0,0
29.437518374125176,41.085632,0.15106905,0.0077617755,-0.18825214,12040.75,-0.14330727,6.024516e-05,0.14989647,0.077617755,0.0114339447021484,14.832504208882654,0,0,0,0
29.48794962565105,40.72332,0.22007298,-0.025932115,-0.23236135,11626.65,-0.2460051,0.0006724746,0.22577995,-0.25932115,0.0105528926849365,14.545388793945335,0,0,0,0
29.234214401245158,40.578056,0.18280391,-0.016653473,-0.20750031,11686.5,-0.19945739,0.00027733817,0.18584824,-0.16653473,0.0105792490641276,15.068183570437984,0,0,0,0
28.77436933517457,40.287525,0.14036398,0.019787531,-0.17536308,12281.7,-0.12057645,0.00039154643,0.13758652,0.19787531,0.0096894741058349,14.974113559722907,0,0,0,0
29.40596796671552,40.533623,0.17352518,-0.005780525,-0.18432468,11567.0,-0.1793057,3.3414468e-05,0.17452824,-0.05780525,0.011005474726359,14.555287297566757,0,0,0,0
29.53638579050701,40.713066,0.1833653,0.030490048,-0.20351432,11829.45,-0.15287524,0.0009296431,0.17777447,0.30490048,0.0099408562978108,14.67159852981571,0,0,0,0
28.81987374623617,41.494083,0.13123427,0.03658707,-0.15581898,11644.8,-0.09464719,0.0013386138,0.12643279,0.3658707,0.0110777473449707,15.02515818277996,0,0,0,0
29.21082426706954,42.235794,0.14283709,0.03934407,-0.17860761,11871.9,-0.10349303,0.0015479558,0.1372173,0.3934407,0.0117545138465033,14.92827011744184,0,0,0,0
28.77436933517457,41.680367,0.17537135,-0.0003908599,-0.1924097,11671.35,-0.17576222,1.5277145e-07,0.1754399,-0.003908599,0.0096894741058349,14.974113559722907,0,0,0,0
29.489220873514853,40.576347,0.19057913,-0.014406374,-0.20865749,11575.05,-0.20498551,0.0002075436,0.19332469,-0.14406374,0.0117224762174818,14.637499321831626,0,0,0,0
28.711374537150107,40.41228,0.20780635,-0.012800306,-0.22192998,11438.7,-0.22060665,0.00016384784,0.21046634,-0.12800306,0.0099601470099555,15.083465194702171,0,0,0,0
28.87584997812908,40.820736,0.190195,-0.019234588,-0.20491982,11427.35,-0.20942958,0.0003699694,0.19385332,-0.19234588,0.0109853935241699,15.018158531188988,0,0,0,0
29.507907485961937,40.854916,0.18757515,-0.010489671,-0.20276976,11404.45,-0.19806482,0.000110033194,0.18954274,-0.10489671,0.0105171871185302,14.82529443105065,0,0,0,0
29.21082426706954,40.34392,0.21398035,-0.039396428,-0.22305042,11519.35,-0.25337678,0.0015520786,0.22241041,-0.3939642799999999,0.0117545138465033,14.92827011744184,0,0,0,0
29.478845055898063,41.126648,0.1988385,-0.0043440484,-0.21547736,11703.1,-0.20318255,1.8870758e-05,0.19970226,-0.043440484,0.0112010693550109,14.937810198466025,0,0,0,0
29.53638579050701,42.48531,0.17585151,0.012149645,-0.19538556,11516.15,-0.16370188,0.00014761387,0.17371498,0.12149645,0.0099408562978108,14.67159852981571,0,0,0,0
29.383197085062704,42.531456,0.1607204,0.031597592,-0.18696643,11529.45,-0.1291228,0.0009984078,0.15564202,0.31597592,0.0116676606072319,14.912640349070244,0,0,0,0
29.13729852040612,40.928402,0.19537784,-0.036648214,-0.20713478,11112.0,-0.23202606,0.0013430917,0.20253809,-0.36648214,0.0113369719187418,14.88310012817385,0,0,0,0
28.87584997812908,42.027298,0.15160681,0.0037867127,-0.18275522,11644.1,-0.1478201,1.4339193e-05,0.15103273,0.037867127,0.0109853935241699,15.018158531188988,0,0,0,0
29.383197085062704,42.922817,0.1497237,0.01327328,-0.18364134,11913.5,-0.13645042,0.00017617998,0.14773637,0.1327328,0.0116676606072319,14.912640349070244,0,0,0,0
29.507907485961937,41.20526,0.1718587,-0.012280108,-0.18190017,11160.0,-0.1841388,0.00015080108,0.17396913,-0.1228010799999999,0.0105171871185302,14.82529443105065,0,0,0,0
29.383197085062704,40.12346,0.2167382,-0.065357886,-0.22318722,10847.2,-0.2820961,0.0042716535,0.23090374,-0.6535788600000001,0.0116676606072319,14.912640349070244,0,0,0,0
28.87584997812908,40.509697,0.13957258,0.028897146,-0.1636163,11371.25,-0.11067544,0.000835045,0.13553934,0.2889714599999999,0.0109853935241699,15.018158531188988,0,0,0,0
29.426291084289588,40.007248,0.20650962,-0.04371026,-0.21731359,12271.9,-0.25021988,0.0019105871,0.2155362,-0.4371026,0.0109315586090087,14.32123548719621,0,0,0,0
28.87584997812908,40.53875,0.12603085,0.041539352,-0.14652072,11125.15,-0.0844915,0.0017255177,0.120795615,0.41539352,0.0109853935241699,15.018158531188988,0,0,0,0
29.425578371683784,42.39986,0.11604083,0.025189433,-0.13934305,11970.2,-0.0908514,0.0006345075,0.11311783,0.25189433,0.0115013901392618,14.729311084747335,0,0,0,0
29.214689826965355,42.404987,0.119134195,0.044662822,-0.15920815,12253.55,-0.07447138,0.0019947677,0.113813326,0.4466282199999999,0.0111927111943562,15.171249326070182,0,0,0,0
28.87584997812908,42.534874,0.14317891,0.025225742,-0.17113239,12440.7,-0.117953174,0.000636338,0.13956712,0.25225742,0.0109853935241699,15.018158531188988,0,0,0,0
28.863900438944512,42.48702,0.15869728,0.013844731,-0.19545908,12042.3,-0.14485255,0.00019167658,0.15650016,0.13844731,0.0106722672780354,15.035710430145286,0,0,0,0
29.489220873514853,41.953808,0.13454,0.030863095,-0.17796227,11923.05,-0.10367691,0.00095253065,0.13038768,0.30863095,0.0117224762174818,14.637499321831626,0,0,0,0
28.967117881774925,39.532143,0.17534462,-0.022810616,-0.19743137,11521.1,-0.19815524,0.0005203242,0.17934434,-0.22810616,0.0105637062920464,14.902815755208335,0,0,0,0
29.53638579050701,40.0739,0.16969386,-0.016662158,-0.18825215,11303.5,-0.18635602,0.0002776275,0.17252132,-0.16662158,0.0099408562978108,14.67159852981571,0,0,0,0
29.63563849131268,41.717964,0.19822547,-0.013240357,-0.21625344,11586.2,-0.21146582,0.00017530704,0.20085004,-0.13240357,0.0094514126247829,14.539032554626488,0,0,0,0
29.489220873514853,41.28046,0.15413499,0.0011963269,-0.17266774,11233.15,-0.15293866,1.4311981e-06,0.15395059,0.011963269,0.0117224762174818,14.637499321831626,0,0,0,0
29.489220873514853,40.4909,0.119141646,0.040594853,-0.15447003,11803.25,-0.07854679,0.0016479422,0.11430511,0.40594853,0.0117224762174818,14.637499321831626,0,0,0,0
28.711374537150107,41.094177,0.22285183,-0.032291833,-0.23377413,11552.35,-0.25514367,0.0010427625,0.23004812,-0.32291833,0.0099601470099555,15.083465194702171,0,0,0,0
29.48794962565105,41.86665,0.17259404,-0.009622548,-0.19169047,11436.15,-0.1822166,9.259343e-05,0.17425485,-0.09622548,0.0105528926849365,14.545388793945335,0,0,0,0
29.0171795845032,40.972836,0.19112295,-0.017100755,-0.20680661,11468.25,-0.2082237,0.0002924358,0.1943913,-0.1710075499999999,0.0095214568244086,14.8354873021444,0,0,0,0
28.87584997812908,40.72503,0.17499734,0.0022047905,-0.20150265,11581.2,-0.17279255,4.8611014e-06,0.17461152,0.022047905,0.0109853935241699,15.018158531188988,0,0,0,0
29.3144397099813,40.6054,0.21562,-0.034257554,-0.2319743,11285.35,-0.24987754,0.00117358,0.2230066,-0.34257554,0.011785807079739,14.98104512956408,0,0,0,0
28.71447588602703,40.942074,0.21451926,-0.04725003,-0.23292923,11346.35,-0.2617693,0.0022325653,0.2246553,-0.4725003,0.0101193030675252,15.129899597167991,0,0,0,0
29.25716981887821,41.617134,0.19833277,0.005155149,-0.22211812,11785.4,-0.19317761,2.6575559e-05,0.19731033,0.05155149,0.0098183250427246,14.7552871068319,0,0,0,0
28.967117881774925,42.478474,0.17209025,0.041153386,-0.20149858,11641.8,-0.13093686,0.0016936013,0.16500814,0.41153386,0.0105637062920464,14.902815755208335,0,0,0,0
29.214689826965355,42.338337,0.18864307,-0.012340078,-0.2051199,11474.7,-0.20098314,0.00015227753,0.19097093,-0.12340078,0.0111927111943562,15.171249326070182,0,0,0,0
29.214689826965355,41.888866,0.20784117,-0.03564832,-0.21734725,11238.8,-0.24348949,0.0012708027,0.21525036,-0.3564832,0.0111927111943562,15.171249326070182,0,0,0,0
28.967117881774925,41.268497,0.19090925,-0.025242658,-0.20815049,11457.45,-0.21615191,0.0006371918,0.1957283,-0.25242658,0.0105637062920464,14.902815755208335,0,0,0,0
29.25716981887821,40.482353,0.16860302,-0.022093577,-0.19640283,11650.4,-0.1906966,0.00048812618,0.17232805,-0.22093577,0.0098183250427246,14.7552871068319,0,0,0,0
29.383197085062704,40.436207,0.1737348,0.0112533495,-0.19992052,11578.3,-0.16248146,0.00012663787,0.1717797,0.112533495,0.0116676606072319,14.912640349070244,0,0,0,0
29.478845055898063,41.07196,0.20285355,-0.035582785,-0.22629084,11273.05,-0.23843633,0.0012661346,0.21007164,-0.35582785,0.0112010693550109,14.937810198466025,0,0,0,0
29.48794962565105,41.227478,0.20588544,-0.038151402,-0.22036536,11493.6,-0.24403684,0.0014555295,0.21374026,-0.38151402,0.0105528926849365,14.545388793945335,0,0,0,0
29.40596796671552,41.2497,0.19085303,-0.025684236,-0.20942445,11616.95,-0.21653727,0.00065968,0.19575495,-0.25684236,0.011005474726359,14.555287297566757,0,0,0,0
28.967117881774925,42.10933,0.1572168,0.00860555,-0.18071534,12155.45,-0.14861125,7.405548e-05,0.15586387,0.0860555,0.0105637062920464,14.902815755208335,0,0,0,0
28.71447588602703,38.599022,0.14043543,0.019181842,-0.17407522,12532.7,-0.121253595,0.00036794305,0.13774163,0.19181842,0.0101193030675252,15.129899597167991,0,0,0,0
29.383197085062704,38.421284,0.18719366,-0.011162102,-0.19287461,11876.9,-0.19835576,0.00012459252,0.18928313,-0.11162102,0.0116676606072319,14.912640349070244,0,0,0,0
28.81987374623617,38.30849,0.12242976,0.05367804,-0.15272218,13087.5,-0.068751715,0.002881332,0.115857966,0.5367804,0.0110777473449707,15.02515818277996,0,0,0,0
29.234214401245158,38.270893,0.17477988,-0.015810046,-0.1930113,12158.5,-0.19058992,0.00024995755,0.17754316,-0.15810046,0.0105792490641276,15.068183570437984,0,0,0,0
29.48794962565105,38.797268,0.20144778,-0.03613318,-0.20395677,11192.4,-0.23758097,0.0013056068,0.20872675,-0.3613318,0.0105528926849365,14.545388793945335,0,0,0,0
28.863900438944512,39.81242,0.1828434,-0.012149592,-0.18279968,11245.7,-0.194993,0.00014761258,0.18506488,-0.12149592,0.0106722672780354,15.035710430145286,0,0,0,0
28.87584997812908,39.566322,0.1870927,-0.0077630053,-0.21132602,11562.6,-0.1948557,6.026425e-05,0.18854511,-0.0776300529999999,0.0109853935241699,15.018158531188988,0,0,0,0
28.775239880879724,39.904705,0.20075864,-0.02994517,-0.20584086,11564.4,-0.23070382,0.00089671323,0.20677039,-0.2994517,0.0100396521886189,15.071497853597007,0,0,0,0
29.53638579050701,40.2636,0.17039107,0.005779995,-0.17594992,11671.4,-0.16461107,3.3408345e-05,0.1694062,0.0577999499999999,0.0099408562978108,14.67159852981571,0,0,0,0
29.478845055898063,40.472095,0.20943135,-0.046432197,-0.21491855,11356.9,-0.25586355,0.002155949,0.2191557,-0.46432197,0.0112010693550109,14.937810198466025,0,0,0,0
29.43544333775841,40.57122,0.16965169,-0.009926654,-0.18908234,12062.7,-0.17957835,9.8538476e-05,0.17133576,-0.09926654,0.0112120342254638,14.495665486653678,0,0,0,0
29.234214401245158,39.942303,0.12663299,0.008431703,-0.14978491,12250.3,-0.118201286,7.109362e-05,0.12556526,0.08431703,0.0105792490641276,15.068183570437984,0,0,0,0
28.967117881774925,40.308033,0.09902995,0.028183619,-0.12566873,12249.9,-0.070846334,0.0007943163,0.09623893,0.28183619,0.0105637062920464,14.902815755208335,0,0,0,0
29.507907485961937,41.302677,0.10931118,0.027068406,-0.13515058,12404.1,-0.08224277,0.0007326986,0.1063523,0.27068406,0.0105171871185302,14.82529443105065,0,0,0,0
29.21082426706954,41.52143,0.09496934,0.041212898,-0.12753363,12488.2,-0.053756446,0.0016985029,0.09105538,0.41212898,0.0117545138465033,14.92827011744184,0,0,0,0
28.71447588602703,40.9848,0.17963003,-0.020640217,-0.18837243,11581.0,-0.20027025,0.00042601858,0.18333763,-0.20640217,0.0101193030675252,15.129899597167991,0,0,0,0
29.425578371683784,40.47893,0.13821034,0.017179651,-0.19312668,12695.4,-0.12103069,0.0002951404,0.13583593,0.17179651,0.0115013901392618,14.729311084747335,0,0,0,0
29.426291084289588,40.116623,0.15889846,-0.011902615,-0.18830962,11968.4,-0.17080107,0.00014167224,0.16078976,-0.11902615,0.0109315586090087,14.32123548719621,0,0,0,0
29.383197085062704,40.29436,0.17058063,0.018099805,-0.20410307,11941.6,-0.15248083,0.00032760296,0.16749315,0.18099805,0.0116676606072319,14.912640349070244,0,0,0,0
29.425578371683784,40.390064,0.14860524,0.009938504,-0.17869535,12286.5,-0.13866673,9.877385e-05,0.14712833,0.09938504,0.0115013901392618,14.729311084747335,0,0,0,0
29.40596796671552,39.93205,0.21359496,-0.03626137,-0.225706,11436.8,-0.24985632,0.0013148868,0.2213402,-0.3626137,0.011005474726359,14.555287297566757,0,0,0,0
28.81987374623617,40.36272,0.21497987,-0.0361403,-0.22155145,11567.2,-0.25112018,0.0013061212,0.22274931,-0.361403,0.0110777473449707,15.02515818277996,0,0,0,0
29.21082426706954,40.974545,0.20009576,-0.029755268,-0.21015242,11809.7,-0.22985102,0.00088537595,0.20604967,-0.29755268,0.0117545138465033,14.92827011744184,0,0,0,0
29.48794962565105,41.200134,0.18426798,0.01116491,-0.208844,11899.6,-0.17310306,0.00012465523,0.18221064,0.1116491,0.0105528926849365,14.545388793945335,0,0,0,0
29.214689826965355,41.029236,0.17454037,0.0022600836,-0.19289128,12056.3,-0.17228028,5.1079774e-06,0.17414589,0.022600836,0.0111927111943562,15.171249326070182,0,0,0,0
28.81987374623617,40.496025,0.2111551,-0.039105475,-0.21225935,11529.9,-0.25026056,0.0015292381,0.21941242,-0.39105475,0.0110777473449707,15.02515818277996,0,0,0,0
29.383197085062704,39.720135,0.18147221,-0.013857424,-0.20191135,11914.1,-0.19532964,0.00019202821,0.18398695,-0.13857424,0.0116676606072319,14.912640349070244,0,0,0,0
29.426291084289588,38.540916,0.20428827,-0.05295362,-0.19375668,11081.0,-0.25724187,0.0028040858,0.21510607,-0.5295362,0.0109315586090087,14.32123548719621,0,0,0,0
28.77436933517457,39.21085,0.19897221,-0.026681954,-0.19819169,11340.2,-0.22565416,0.0007119267,0.20428117,-0.26681954,0.0096894741058349,14.974113559722907,0,0,0,0
29.214689826965355,39.34415,0.21480261,-0.031263307,-0.21584797,11278.0,-0.24606591,0.0009773943,0.22151805,-0.3126330699999999,0.0111927111943562,15.171249326070182,0,0,0,0
29.383197085062704,39.549232,0.1448327,0.013543362,-0.16827866,12406.8,-0.13128935,0.00018342266,0.14287119,0.13543362,0.0116676606072319,14.912640349070244,0,0,0,0
29.21082426706954,40.321705,0.23008643,-0.03816149,-0.24076879,11780.3,-0.26824793,0.0014562992,0.23886687,-0.3816149,0.0117545138465033,14.92827011744184,0,0,0,0
29.21082426706954,41.162537,0.17652236,-0.013086945,-0.19148499,12140.7,-0.1896093,0.00017126813,0.1788325,-0.13086945,0.0117545138465033,14.92827011744184,0,0,0,0
29.0171795845032,42.307575,0.18364234,-0.026910009,-0.19306947,11843.7,-0.21055236,0.0007241486,0.18858416,-0.26910009,0.0095214568244086,14.8354873021444,0,0,0,0
28.87584997812908,42.738243,0.15118742,0.0034967007,-0.18274316,12695.9,-0.14769071,1.2226916e-05,0.15065876,0.034967007,0.0109853935241699,15.018158531188988,0,0,0,0
29.43544333775841,41.46674,0.21077096,-0.024988053,-0.22455421,12017.8,-0.23575902,0.00062440283,0.21603772,-0.24988053,0.0112120342254638,14.495665486653678,0,0,0,0
28.711374537150107,40.67034,0.20130554,-0.005320511,-0.21820375,11836.5,-0.20662606,2.8307837e-05,0.20237659,-0.05320511,0.0099601470099555,15.083465194702171,0,0,0,0
29.234214401245158,40.499443,0.19613148,0.007101754,-0.20851412,12025.0,-0.18902972,5.0434915e-05,0.1947386,0.07101754,0.0105792490641276,15.068183570437984,0,0,0,0
29.437518374125176,40.69085,0.16412188,-0.01116693,-0.1826484,12522.4,-0.17528881,0.00012470032,0.16595462,-0.1116693,0.0114339447021484,14.832504208882654,0,0,0,0
28.87584997812908,41.38129,0.10861398,0.071237884,-0.14458874,12801.2,-0.0373761,0.005074836,0.10087655,0.71237884,0.0109853935241699,15.018158531188988,0,0,0,0
29.507907485961937,42.567345,0.10867209,0.07451291,-0.14018951,12745.4,-0.034159176,0.0055521736,0.10057461,0.7451291,0.0105171871185302,14.82529443105065,0,0,0,0
29.53638579050701,42.013626,0.09699467,0.071274064,-0.13329814,13542.3,-0.025720602,0.005079992,0.09008146,0.71274064,0.0099408562978108,14.67159852981571,0,0,0,0
28.87584997812908,42.454548,0.10473409,0.082032904,-0.13467509,12785.8,-0.022701185,0.0067293975,0.09614245,0.8203290400000001,0.0109853935241699,15.018158531188988,0,0,0,0
29.478845055898063,43.360325,0.0927722,0.07300055,-0.13199376,12650.1,-0.019771647,0.005329081,0.08599978,0.7300055,0.0112010693550109,14.937810198466025,0,0,0,0
29.478845055898063,44.255844,0.122548394,0.04835905,-0.16182958,13105.4,-0.07418934,0.002338598,0.11662207,0.4835905,0.0112010693550109,14.937810198466025,0,0,0,0
28.87584997812908,42.04097,0.12855609,0.050146826,-0.16562717,12485.4,-0.07840927,0.0025147041,0.12210941,0.50146826,0.0109853935241699,15.018158531188988,0,0,0,0
29.48794962565105,41.46332,0.12773392,0.025922684,-0.16813838,11978.8,-0.10181122,0.00067198556,0.12442271,0.25922684,0.0105528926849365,14.545388793945335,0,0,0,0
29.489220873514853,42.567345,0.1381976,0.050278343,-0.17928462,11785.9,-0.087919265,0.0025279117,0.13124926,0.50278343,0.0117224762174818,14.637499321831626,0,0,0,0
29.53638579050701,44.190903,0.12188248,0.03297504,-0.14962278,12065.4,-0.08890744,0.0010873533,0.11786341,0.3297504,0.0099408562978108,14.67159852981571,0,0,0,0
28.81987374623617,43.329563,0.111080915,0.06492467,-0.13988987,12675.8,-0.046156246,0.0042152125,0.10386902,0.6492467000000001,0.0110777473449707,15.02515818277996,0,0,0,0
29.489220873514853,41.101013,0.10412794,0.08097851,-0.13171329,12410.3,-0.023149427,0.00655752,0.095695816,0.8097851,0.0117224762174818,14.637499321831626,0,0,0,0
28.77436933517457,41.374454,0.103859626,0.08013293,-0.13297267,12517.1,-0.023726696,0.006421286,0.09553705,0.8013293,0.0096894741058349,14.974113559722907,0,0,0,0
29.63563849131268,41.275333,0.13068277,0.04236879,-0.15454452,12697.5,-0.08831398,0.0017951141,0.1251459,0.4236879,0.0094514126247829,14.539032554626488,0,0,0,0
29.21082426706954,40.76263,0.17038533,0.012016704,-0.19425844,12227.3,-0.15836862,0.00014440117,0.16833785,0.12016704,0.0117545138465033,14.92827011744184,0,0,0,0
29.426291084289588,40.010666,0.12476008,0.05760234,-0.14758769,12291.7,-0.06715774,0.0033180295,0.117573604,0.5760234,0.0109315586090087,14.32123548719621,0,0,0,0
28.711374537150107,39.59025,0.09540109,0.077568494,-0.12490864,12877.1,-0.017832598,0.006016871,0.088000976,0.77568494,0.0099601470099555,15.083465194702171,0,0,0,0
29.40596796671552,42.963833,0.12781835,-0.026247444,-0.14211436,13596.3,-0.15406579,0.00068892824,0.13117325,-0.26247444,0.011005474726359,14.555287297566757,0,0,0,0
29.498190180460654,43.57395,0.16137365,0.010911406,-0.18183705,12216.45,-0.15046223,0.00011905879,0.15961282,0.10911406,0.0103383498390515,14.389676666259788,0,0,0,0
29.507907485961937,44.883053,0.16757062,0.0010075924,-0.19650537,12349.25,-0.16656302,1.0152424e-06,0.16740178,0.010075924,0.0105171871185302,14.82529443105065,0,0,0,0
28.87584997812908,46.486103,0.12927446,0.038640324,-0.16188838,12366.1,-0.09063413,0.0014930747,0.124279246,0.38640324,0.0109853935241699,15.018158531188988,0,0,0,0
29.63563849131268,46.120377,0.09874434,0.062227566,-0.13823363,12228.35,-0.036516774,0.00387227,0.09259972,0.62227566,0.0094514126247829,14.539032554626488,0,0,0,0
28.967117881774925,45.288086,0.12873112,0.039641052,-0.1610287,12355.65,-0.08909007,0.001571413,0.12362808,0.39641052,0.0105637062920464,14.902815755208335,0,0,0,0
29.478845055898063,43.28342,0.14901553,0.014791353,-0.16697021,11802.1,-0.13422418,0.00021878412,0.14681138,0.14791353,0.0112010693550109,14.937810198466025,0,0,0,0
28.711374537150107,42.512653,0.12809579,0.04204698,-0.15944782,11956.8,-0.08604882,0.0017679485,0.12270976,0.4204698,0.0099601470099555,15.083465194702171,0,0,0,0
29.383197085062704,40.88397,0.15877543,-0.0047357627,-0.18453059,11905.2,-0.1635112,2.2427446e-05,0.15952736,-0.047357627,0.0116676606072319,14.912640349070244,0,0,0,0
28.77436933517457,40.731865,0.1263029,0.032846663,-0.16350523,12546.05,-0.09345623,0.0010789032,0.122154266,0.32846663,0.0096894741058349,14.974113559722907,0,0,0,0
29.53638579050701,40.755795,0.12749584,0.04034697,-0.16407494,12162.6,-0.08714887,0.0016278779,0.12235177,0.4034697,0.0099408562978108,14.67159852981571,0,0,0,0
29.489220873514853,40.55242,0.12250778,0.035898164,-0.15893315,12736.4,-0.08660962,0.0012886783,0.11810998,0.35898164,0.0117224762174818,14.637499321831626,0,0,0,0
29.234214401245158,39.867107,0.14521825,-0.010139397,-0.17231531,11851.2,-0.15535764,0.000102807375,0.14669068,-0.10139397,0.0105792490641276,15.068183570437984,0,0,0,0
28.967117881774925,39.05362,0.23686226,-0.083272375,-0.23852172,11342.6,-0.32013464,0.006934288,0.25658634,-0.83272375,0.0105637062920464,14.902815755208335,0,0,0,0
29.425578371683784,37.038696,0.23335038,-0.14550027,-0.21924374,10646.65,-0.37885064,0.02117033,0.26730293,-1.4550027,0.0115013901392618,14.729311084747335,0,0,0,0
29.425578371683784,36.77209,0.19748792,-0.103380166,-0.19353811,10972.65,-0.3008681,0.010687459,0.21790425,-1.03380166,0.0115013901392618,14.729311084747335,0,0,0,0
29.214689826965355,36.66955,0.17605646,-0.040651813,-0.19214313,12589.85,-0.21670827,0.00165257,0.18321347,-0.40651813,0.0111927111943562,15.171249326070182,0,0,0,0
29.234214401245158,36.399525,0.1914375,-0.08894691,-0.19118795,10839.8,-0.2803844,0.007911553,0.20846526,-0.8894691,0.0105792490641276,15.068183570437984,0,0,0,0
29.48794962565105,37.057495,0.17782618,-0.08089527,-0.1730738,10351.35,-0.25872144,0.0065440442,0.19221148,-0.8089527000000001,0.0105528926849365,14.545388793945335,0,0,0,0
29.53638579050701,40.357594,0.13007848,0.024694318,-0.16944858,12090.2,-0.105384156,0.00060980936,0.12686628,0.2469431799999999,0.0099408562978108,14.67159852981571,0,0,0,0
28.87584997812908,40.728447,0.14212799,0.008663197,-0.17556043,11963.45,-0.13346478,7.5050986e-05,0.14089671,0.0866319699999999,0.0109853935241699,15.018158531188988,0,0,0,0
28.81987374623617,41.35053,0.1212644,0.036101624,-0.161564,12118.85,-0.085162774,0.0013033273,0.116886556,0.36101624,0.0110777473449707,15.02515818277996,0,0,0,0
29.234214401245158,41.50605,0.12896164,0.034963164,-0.16834496,12088.0,-0.09399847,0.0012224229,0.124452725,0.3496316399999999,0.0105792490641276,15.068183570437984,0,0,0,0
29.507907485961937,42.343464,0.14324503,0.032749932,-0.18289086,12213.85,-0.1104951,0.001072558,0.13855377,0.32749932,0.0105171871185302,14.82529443105065,0,0,0,0
29.234214401245158,42.492146,0.13366824,0.034871206,-0.17072426,12728.4,-0.09879704,0.0012160011,0.12900707,0.34871206,0.0105792490641276,15.068183570437984,0,0,0,0
29.383197085062704,42.31954,0.105449036,0.05804317,-0.13928007,11683.95,-0.04740586,0.0033690096,0.099328436,0.5804317,0.0116676606072319,14.912640349070244,0,0,0,0
28.863900438944512,42.924526,0.15168275,0.010996287,-0.1906569,12275.4,-0.14068647,0.00012091832,0.1500148,0.10996287,0.0106722672780354,15.035710430145286,0,0,0,0
29.3144397099813,44.67968,0.16550665,-0.014156473,-0.19046696,11962.65,-0.1796631,0.00020040572,0.16784963,-0.14156473,0.011785807079739,14.98104512956408,0,0,0,0
29.437518374125176,43.331272,0.16066559,0.003197487,-0.18276063,12669.95,-0.1574681,1.0223923e-05,0.16015187,0.03197487,0.0114339447021484,14.832504208882654,0,0,0,0
29.507907485961937,42.86642,0.13649978,0.028944021,-0.16786063,12390.55,-0.107555754,0.0008377563,0.13254891,0.28944021,0.0105171871185302,14.82529443105065,0,0,0,0
29.383197085062704,43.356907,0.093368664,0.048267026,-0.14527568,14349.55,-0.045101635,0.0023297057,0.08886203,0.4826702599999999,0.0116676606072319,14.912640349070244,0,0,0,0
28.71447588602703,43.2424,0.113913044,0.037759386,-0.15867683,13520.4,-0.07615366,0.0014257713,0.10961176,0.37759386,0.0101193030675252,15.129899597167991,0,0,0,0
29.437518374125176,42.133255,0.19816677,-0.023792807,-0.20840469,11167.95,-0.22195959,0.0005660977,0.20288172,-0.23792807,0.0114339447021484,14.832504208882654,0,0,0,0
29.234214401245158,42.442585,0.18451063,-0.02219047,-0.20131595,12094.55,-0.2067011,0.00049241696,0.18860501,-0.2219047,0.0105792490641276,15.068183570437984,0,0,0,0
29.63563849131268,43.478245,0.12768431,0.033671048,-0.16472094,13683.2,-0.09401326,0.0011337395,0.12338504,0.33671048,0.0094514126247829,14.539032554626488,0,0,0,0
28.967117881774925,43.41843,0.12246371,0.028282695,-0.15941615,13676.75,-0.094181016,0.0007999108,0.11900011,0.28282695,0.0105637062920464,14.902815755208335,0,0,0,0
29.0171795845032,44.202866,0.13520631,0.005378272,-0.14956488,12012.65,-0.12982804,2.8925808e-05,0.13447914,0.05378272,0.0095214568244086,14.8354873021444,0,0,0,0
29.43544333775841,45.09668,0.063857466,0.05037316,-0.10829036,13817.15,-0.013484307,0.0025374554,0.060640763,0.5037316000000001,0.0112120342254638,14.495665486653678,0,0,0,0
29.21082426706954,46.349384,0.039304826,0.08294864,-0.07629853,15147.45,0.043643817,0.006880477,0.03604454,0.8294864000000001,0.0117545138465033,14.92827011744184,0,0,0,0
29.507907485961937,44.216537,0.08265242,0.04699033,-0.13220794,14974.8,-0.03566209,0.002208091,0.07876856,0.4699032999999999,0.0105171871185302,14.82529443105065,0,0,0,0
29.478845055898063,41.620552,0.15535821,0.004171146,-0.1769868,12517.6,-0.15118706,1.7398459e-05,0.15471019,0.04171146,0.0112010693550109,14.937810198466025,0,0,0,0
29.3144397099813,41.789745,0.10643065,0.021832332,-0.14534701,13301.3,-0.08459832,0.0004766507,0.10410702,0.21832332,0.011785807079739,14.98104512956408,0,0,0,0
28.711374537150107,40.726738,0.08311998,0.04593016,-0.12459136,13635.25,-0.037189823,0.0021095795,0.079302266,0.4593016,0.0099601470099555,15.083465194702171,0,0,0,0
29.214689826965355,40.55242,0.048051342,0.08504729,-0.08399524,16430.0,0.036995947,0.0072330413,0.043964706,0.8504729,0.0111927111943562,15.171249326070182,0,0,0,0
29.383197085062704,41.013855,0.14341556,0.03825775,-0.15855455,13268.65,-0.1051578,0.0014636555,0.1379288,0.3825775,0.0116676606072319,14.912640349070244,0,0,0,0
29.214689826965355,41.458195,0.15676703,0.0007653878,-0.1819783,12861.65,-0.15600164,5.8581844e-07,0.15664704,0.007653878,0.0111927111943562,15.171249326070182,0,0,0,0
29.478845055898063,41.218933,0.17019477,-0.0042164056,-0.19384816,12836.45,-0.17441118,1.7778077e-05,0.17091238,-0.042164056,0.0112010693550109,14.937810198466025,0,0,0,0
29.48794962565105,40.733574,0.11468867,0.052094176,-0.15385284,12641.15,-0.06259449,0.0027138032,0.10871406,0.52094176,0.0105528926849365,14.545388793945335,0,0,0,0
29.214689826965355,39.978195,0.15615486,0.0023614783,-0.17769122,11537.5,-0.15379336,5.576579e-06,0.1557861,0.023614783,0.0111927111943562,15.171249326070182,0,0,0,0
29.489220873514853,41.07538,0.20486432,-0.04018055,-0.22096474,12082.9,-0.24504487,0.0016144764,0.21309589,-0.4018055,0.0117224762174818,14.637499321831626,0,0,0,0
29.478845055898063,42.03755,0.15653317,0.023190118,-0.17628478,12234.85,-0.13334304,0.0005377816,0.15290314,0.2319011799999999,0.0112010693550109,14.937810198466025,0,0,0,0
29.383197085062704,42.680138,0.12132104,0.04568147,-0.15395352,12536.8,-0.07563957,0.0020867968,0.115778916,0.4568147,0.0116676606072319,14.912640349070244,0,0,0,0
29.214689826965355,42.65621,0.114473306,0.03517588,-0.15398636,13321.4,-0.07929743,0.0012373425,0.11044661,0.3517588,0.0111927111943562,15.171249326070182,0,0,0,0
29.437518374125176,41.410343,0.16271634,-0.019145256,-0.1855166,12652.35,-0.1818616,0.0003665408,0.1658316,-0.19145256,0.0114339447021484,14.832504208882654,0,0,0,0
28.71447588602703,40.757504,0.15007134,0.009415805,-0.17503469,12152.75,-0.14065553,8.865739e-05,0.14865829,0.09415805,0.0101193030675252,15.129899597167991,0,0,0,0
29.43544333775841,40.742123,0.16955784,-0.0049737496,-0.18806599,11593.55,-0.1745316,2.4738185e-05,0.17040117,-0.049737496,0.0112120342254638,14.495665486653678,0,0,0,0
29.53638579050701,41.31293,0.21032734,-0.026537428,-0.21148816,11660.65,-0.23686478,0.00070423505,0.2159089,-0.2653742799999999,0.0099408562978108,14.67159852981571,0,0,0,0
29.21082426706954,41.91792,0.1383887,0.029542347,-0.16976099,13681.15,-0.10884635,0.0008727503,0.13430037,0.29542347,0.0117545138465033,14.92827011744184,0,0,0,0
29.3144397099813,41.254826,0.1888752,-0.016059516,-0.19859049,12317.3,-0.20493472,0.00025790805,0.19190845,-0.16059516,0.011785807079739,14.98104512956408,0,0,0,0
29.3144397099813,40.817318,0.246704,-0.060262706,-0.2439346,11352.1,-0.30696672,0.003631594,0.26157105,-0.60262706,0.011785807079739,14.98104512956408,0,0,0,0
28.71447588602703,40.89935,0.20959556,-0.04766312,-0.21552697,11359.65,-0.25725868,0.0022717728,0.21958554,-0.4766312,0.0101193030675252,15.129899597167991,0,0,0,0
29.425578371683784,40.80023,0.21394281,-0.054913163,-0.2219985,11540.6,-0.26885596,0.0030154556,0.22569108,-0.54913163,0.0115013901392618,14.729311084747335,0,0,0,0
28.81987374623617,41.37958,0.12650235,0.024949308,-0.15470949,12476.5,-0.10155304,0.00062246795,0.123346195,0.24949308,0.0110777473449707,15.02515818277996,0,0,0,0
29.214689826965355,41.203552,0.18410115,-0.03149953,-0.19700286,12961.55,-0.21560068,0.0009922205,0.18990025,-0.3149953,0.0111927111943562,15.171249326070182,0,0,0,0
29.587538973490425,40.819027,0.13789742,0.026170194,-0.17127013,12250.75,-0.11172722,0.0006848791,0.13428862,0.26170194,0.011531532605489,14.80689392089846,0,0,0,0
29.43544333775841,41.44623,0.11843499,0.04749091,-0.16159888,12562.65,-0.07094407,0.0022553867,0.112810396,0.4749091,0.0112120342254638,14.495665486653678,0,0,0,0
28.81987374623617,41.890575,0.1305619,0.019884335,-0.16418943,12537.2,-0.11067757,0.0003953868,0.12796576,0.19884335,0.0110777473449707,15.02515818277996,0,0,0,0
29.383197085062704,42.12471,0.13128133,0.032951605,-0.16357237,12342.25,-0.09832973,0.0010858082,0.1269554,0.32951605,0.0116676606072319,14.912640349070244,0,0,0,0
28.81987374623617,41.268497,0.17663288,-0.0133329425,-0.19559048,12075.95,-0.18996583,0.00017776735,0.17898792,-0.133329425,0.0110777473449707,15.02515818277996,0,0,0,0
28.81987374623617,41.28217,0.13821809,0.0144865485,-0.17246532,12673.45,-0.12373153,0.00020986008,0.13621578,0.144865485,0.0110777473449707,15.02515818277996,0,0,0,0
29.0171795845032,40.6054,0.14341098,0.005088373,-0.16906217,12867.9,-0.1383226,2.5891542e-05,0.14268126,0.05088373,0.0095214568244086,14.8354873021444,0,0,0,0
29.426291084289588,40.24822,0.21137513,-0.037229177,-0.21850175,11513.55,-0.24860431,0.0013860117,0.21924447,-0.37229177,0.0109315586090087,14.32123548719621,0,0,0,0
28.71447588602703,40.357594,0.18507557,-0.02063278,-0.1942032,11834.7,-0.20570834,0.00042571154,0.18889418,-0.2063278,0.0101193030675252,15.129899597167991,0,0,0,0
29.507907485961937,40.014084,0.16947356,0.004777329,-0.18556628,11946.35,-0.16469623,2.2822873e-05,0.16866392,0.04777329,0.0105171871185302,14.82529443105065,0,0,0,0
29.13729852040612,40.048264,0.14996207,0.0049370737,-0.1751542,12669.8,-0.145025,2.4374696e-05,0.1492217,0.049370737,0.0113369719187418,14.88310012817385,0,0,0,0
29.21082426706954,40.200363,0.19599456,-0.0298617,-0.20329118,12435.25,-0.22585626,0.00089172105,0.20184729,-0.298617,0.0117545138465033,14.92827011744184,0,0,0,0
29.498190180460654,40.455006,0.17158432,0.0010329054,-0.19377193,11890.45,-0.17055142,1.0668936e-06,0.17140709,0.0103290539999999,0.0103383498390515,14.389676666259788,0,0,0,0
29.48794962565105,41.277042,0.140785,0.011017964,-0.16964696,12192.35,-0.12976703,0.00012139553,0.13923383,0.11017964,0.0105528926849365,14.545388793945335,0,0,0,0
29.507907485961937,41.535103,0.12545857,0.026974462,-0.15674523,12293.1,-0.098484114,0.0007276216,0.122074395,0.26974462,0.0105171871185302,14.82529443105065,0,0,0,0
28.87584997812908,42.702354,0.13747671,0.010606433,-0.16430262,12661.4,-0.12687027,0.000112496426,0.13601857,0.10606433,0.0109853935241699,15.018158531188988,0,0,0,0
29.507907485961937,41.839306,0.15236655,-0.005518905,-0.1790717,12759.75,-0.15788546,3.045831e-05,0.15320745,-0.05518905,0.0105171871185302,14.82529443105065,0,0,0,0
29.214689826965355,41.478703,0.17961867,-0.03159408,-0.19352746,12517.0,-0.21121275,0.0009981857,0.18529356,-0.3159407999999999,0.0111927111943562,15.171249326070182,0,0,0,0
28.81987374623617,40.84637,0.22126544,-0.066363245,-0.22538695,11405.25,-0.28762868,0.00440408,0.23594932,-0.66363245,0.0110777473449707,15.02515818277996,0,0,0,0
28.77436933517457,40.34392,0.17864785,-0.03941762,-0.19378081,11572.4,-0.21806546,0.0015537487,0.18568972,-0.3941762,0.0096894741058349,14.974113559722907,0,0,0,0
28.77436933517457,41.418888,0.15610993,0.0065683406,-0.17403807,12050.1,-0.14954159,4.31431e-05,0.15508455,0.065683406,0.0096894741058349,14.974113559722907,0,0,0,0
29.214689826965355,41.731636,0.1076981,0.050922465,-0.1467068,12528.25,-0.05677563,0.0025930975,0.102213845,0.50922465,0.0111927111943562,15.171249326070182,0,0,0,0
29.587538973490425,42.536583,0.1349983,0.020860933,-0.15787843,12559.0,-0.11413738,0.0004351785,0.13218212,0.20860933,0.011531532605489,14.80689392089846,0,0,0,0
29.214689826965355,42.377644,0.14375971,0.014644261,-0.16930385,12570.55,-0.12911545,0.00021445438,0.14165446,0.14644261,0.0111927111943562,15.171249326070182,0,0,0,0
29.214689826965355,42.30074,0.11350501,0.042733032,-0.15287244,12470.2,-0.07077198,0.001826112,0.108654596,0.42733032,0.0111927111943562,15.171249326070182,0,0,0,0
28.77436933517457,42.731407,0.10610386,0.060382534,-0.14580436,12621.0,-0.045721326,0.0036460503,0.09969704,0.60382534,0.0096894741058349,14.974113559722907,0,0,0,0
28.711374537150107,42.34688,0.10907019,0.0580473,-0.13762572,12547.5,-0.051022895,0.003369489,0.10273896,0.580473,0.0099601470099555,15.083465194702171,0,0,0,0
28.711374537150107,42.01021,0.1359471,0.039458614,-0.16336714,12039.75,-0.096488476,0.0015569823,0.13058281,0.39458614,0.0099601470099555,15.083465194702171,0,0,0,0
29.0171795845032,43.220184,0.045705434,0.09600333,-0.0820611,15003.55,0.050297894,0.009216639,0.04131756,0.9600333,0.0095214568244086,14.8354873021444,0,0,0,0
28.711374537150107,43.088593,0.08601841,0.054647397,-0.11190922,14573.35,-0.03137102,0.002986338,0.08131773,0.54647397,0.0099601470099555,15.083465194702171,0,0,0,0
29.21082426706954,43.31589,0.13958818,0.014095106,-0.15363644,12764.05,-0.12549306,0.000198672,0.13762067,0.14095106,0.0117545138465033,14.92827011744184,0,0,0,0
28.71447588602703,44.583977,0.05702324,0.074007735,-0.08503656,13914.3,0.016984496,0.0054771444,0.052803077,0.7400773500000001,0.0101193030675252,15.129899597167991,0,0,0,0
28.967117881774925,43.623512,0.13743219,-0.01264347,-0.16108909,13415.7,-0.15007566,0.00015985736,0.13916981,-0.1264347,0.0105637062920464,14.902815755208335,0,0,0,0
29.25716981887821,43.035614,0.078682944,0.029634755,-0.10233297,13584.7,-0.04904819,0.0008782187,0.076351196,0.29634755,0.0098183250427246,14.7552871068319,0,0,0,0
28.87584997812908,42.685265,0.12086318,-0.0002103662,-0.13352528,12030.55,-0.121073544,4.4253937e-08,0.120888606,-0.002103662,0.0109853935241699,15.018158531188988,0,0,0,0
28.711374537150107,42.9194,0.13979027,-0.023453007,-0.1570595,12035.55,-0.16324328,0.00055004354,0.14306878,-0.23453007,0.0099601470099555,15.083465194702171,0,0,0,0
29.25716981887821,42.018753,0.20370562,-0.033493105,-0.20930716,11826.7,-0.23719873,0.0011217882,0.21052836,-0.33493105,0.0098183250427246,14.7552871068319,0,0,0,0
28.87584997812908,40.817318,0.20686977,-0.060555298,-0.21404855,11460.0,-0.26742506,0.003666944,0.21939683,-0.60555298,0.0109853935241699,15.018158531188988,0,0,0,0
29.13729852040612,39.981613,0.26945615,-0.10221559,-0.26740894,11204.35,-0.37167174,0.010448027,0.29699877,-1.0221559,0.0113369719187418,14.88310012817385,0,0,0,0
28.967117881774925,40.067062,0.23165202,-0.07564126,-0.23311448,11425.4,-0.30729327,0.0057216003,0.24917446,-0.7564126,0.0105637062920464,14.902815755208335,0,0,0,0
29.507907485961937,40.86346,0.22407095,-0.0576389,-0.22986323,11595.3,-0.28170985,0.0033222428,0.23698616,-0.576389,0.0105171871185302,14.82529443105065,0,0,0,0
29.63563849131268,41.7624,0.13795333,0.026464129,-0.14919771,11999.5,-0.11148919,0.0007003501,0.13430251,0.26464129,0.0094514126247829,14.539032554626488,0,0,0,0
29.53638579050701,41.234314,0.22998947,-0.11014734,-0.24666834,11882.8,-0.3401368,0.012132436,0.2553222,-1.1014734,0.0099408562978108,14.67159852981571,0,0,0,0
29.40596796671552,42.26143,0.1364934,8.280202e-05,-0.16277502,13439.2,-0.1364106,6.8561747e-09,0.13648209,0.0008280202,0.011005474726359,14.555287297566757,0,0,0,0
29.214689826965355,42.769005,0.0647421,0.051051974,-0.09790266,14170.5,-0.013690123,0.0026063041,0.061436888,0.51051974,0.0111927111943562,15.171249326070182,0,0,0,0
29.40596796671552,42.146927,0.08799002,0.017911162,-0.1193252,14013.05,-0.070078865,0.00032080972,0.086414024,0.17911162,0.011005474726359,14.555287297566757,0,0,0,0
29.478845055898063,41.803417,0.16495855,-0.014530279,-0.17971061,11914.0,-0.17948882,0.00021112901,0.16735545,-0.14530279,0.0112010693550109,14.937810198466025,0,0,0,0
28.711374537150107,42.88693,0.20217475,-0.043028634,-0.21195298,11637.8,-0.24520338,0.0018514635,0.21087405,-0.43028634,0.0099601470099555,15.083465194702171,0,0,0,0
28.81987374623617,43.732887,0.11935063,0.028103113,-0.14523987,12704.95,-0.091247514,0.000789785,0.1159965,0.28103113,0.0110777473449707,15.02515818277996,0,0,0,0
29.426291084289588,43.66111,0.117232226,0.0141154425,-0.12797575,13231.25,-0.10311678,0.00019924571,0.11557744,0.141154425,0.0109315586090087,14.32123548719621,0,0,0,0
29.48794962565105,43.978985,0.10424841,0.012761583,-0.12521973,12889.9,-0.09148683,0.00016285798,0.10291804,0.1276158299999999,0.0105528926849365,14.545388793945335,0,0,0,0
29.234214401245158,44.155014,0.13368712,0.0076044416,-0.14232346,11930.6,-0.12608267,5.7827536e-05,0.1326705,0.076044416,0.0105792490641276,15.068183570437984,0,0,0,0
29.43544333775841,42.203323,0.10220832,0.009300189,-0.13839963,13441.25,-0.09290812,8.649352e-05,0.10125776,0.09300189,0.0112120342254638,14.495665486653678,0,0,0,0
28.775239880879724,41.924755,0.15834466,-0.0039485963,-0.17738187,12554.6,-0.16229326,1.5591413e-05,0.1589699,-0.039485963,0.0100396521886189,15.071497853597007,0,0,0,0
28.77436933517457,43.257782,0.11567158,-0.0072963974,-0.1380537,12885.35,-0.12296797,5.323741e-05,0.11651556,-0.072963974,0.0096894741058349,14.974113559722907,0,0,0,0
29.426291084289588,44.915524,0.11650999,-0.001695451,-0.13566169,13532.65,-0.118205436,2.8745542e-06,0.11670752,-0.01695451,0.0109315586090087,14.32123548719621,0,0,0,0
29.214689826965355,45.670906,0.13176358,0.0024476082,-0.15854807,12900.75,-0.12931597,5.9907857e-06,0.13144107,0.024476082,0.0111927111943562,15.171249326070182,0,0,0,0
29.498190180460654,41.974316,0.19415724,-0.048494067,-0.20400411,11456.85,-0.24265131,0.0023516745,0.20357272,-0.48494067,0.0103383498390515,14.389676666259788,0,0,0,0
28.863900438944512,39.509926,0.22413896,-0.09823307,-0.20849735,10240.55,-0.32237202,0.009649735,0.24615683,-0.9823307,0.0106722672780354,15.035710430145286,0,0,0,0
29.21082426706954,41.65986,0.13363078,0.0070637506,-0.15728502,12606.85,-0.12656702,4.9896575e-05,0.13268684,0.070637506,0.0117545138465033,14.92827011744184,0,0,0,0
29.426291084289588,42.00166,0.15294199,-0.01211892,-0.1708205,12188.4,-0.16506091,0.00014686822,0.15479548,-0.1211892,0.0109315586090087,14.32123548719621,0,0,0,0
29.13729852040612,43.22702,0.16145052,0.009702232,-0.17980729,11724.6,-0.15174828,9.413329e-05,0.1598841,0.09702232,0.0113369719187418,14.88310012817385,0,0,0,0
28.967117881774925,43.27487,0.2178412,-0.04130809,-0.21939145,11470.65,-0.25914928,0.0017063583,0.2268398,-0.4130809,0.0105637062920464,14.902815755208335,0,0,0,0
29.234214401245158,43.50046,0.12974928,-0.021210553,-0.14089155,11712.4,-0.15095985,0.0004498876,0.13250135,-0.21210553,0.0105792490641276,15.068183570437984,0,0,0,0
29.21082426706954,43.379124,0.16095375,-0.045474846,-0.16954735,11485.5,-0.20642859,0.0020679617,0.16827309,-0.45474846,0.0117545138465033,14.92827011744184,0,0,0,0
29.498190180460654,43.01681,0.21525663,-0.035563465,-0.22057098,11387.6,-0.2508201,0.00126476,0.22291191,-0.35563465,0.0103383498390515,14.389676666259788,0,0,0,0
28.87584997812908,42.345173,0.20873138,-0.01613491,-0.2165992,11647.85,-0.22486629,0.0002603353,0.21209924,-0.1613491,0.0109853935241699,15.018158531188988,0,0,0,0
29.234214401245158,41.80171,0.22034249,-0.040335346,-0.22042641,11713.4,-0.2606778,0.0016269401,0.22923008,-0.40335346,0.0105792490641276,15.068183570437984,0,0,0,0
28.711374537150107,41.91621,0.25629124,-0.07005574,-0.2520741,11226.2,-0.32634696,0.004907807,0.2742459,-0.7005574000000001,0.0099601470099555,15.083465194702171,0,0,0,0
29.48794962565105,42.196487,0.24562563,-0.0542629,-0.24905308,11586.75,-0.29988852,0.0029444622,0.258954,-0.542629,0.0105528926849365,14.545388793945335,0,0,0,0
29.48794962565105,42.40328,0.19756193,-0.009409184,-0.21076684,11883.55,-0.20697112,8.8532746e-05,0.19942084,-0.09409184,0.0105528926849365,14.545388793945335,0,0,0,0
29.234214401245158,41.747017,0.11769055,0.044543717,-0.15363002,12660.2,-0.073146835,0.0019841427,0.11244818,0.4454371699999999,0.0105792490641276,15.068183570437984,0,0,0,0
29.498190180460654,41.444523,0.21817799,-0.05621811,-0.22335716,11460.1,-0.2743961,0.003160476,0.23044354,-0.5621811,0.0103383498390515,14.389676666259788,0,0,0,0
29.437518374125176,41.893993,0.20755492,-0.023586618,-0.2118296,11867.05,-0.23114154,0.0005563285,0.21245044,-0.23586618,0.0114339447021484,14.832504208882654,0,0,0,0
28.863900438944512,42.310993,0.21478583,-0.03785591,-0.22183098,11710.5,-0.25264174,0.0014330697,0.22291674,-0.3785591,0.0106722672780354,15.035710430145286,0,0,0,0
29.437518374125176,41.76411,0.23132633,-0.07246332,-0.23161054,11246.5,-0.30378965,0.0052509326,0.248089,-0.7246332,0.0114339447021484,14.832504208882654,0,0,0,0
29.383197085062704,41.803417,0.19190267,-0.03463504,-0.19870476,11572.3,-0.2265377,0.0011995862,0.19854921,-0.3463504,0.0116676606072319,14.912640349070244,0,0,0,0
29.426291084289588,41.714546,0.21642001,-0.048344973,-0.22199607,11449.0,-0.264765,0.0023372364,0.22688283,-0.48344973,0.0109315586090087,14.32123548719621,0,0,0,0
29.507907485961937,42.387897,0.19344948,-0.031353623,-0.20342702,11935.45,-0.2248031,0.0009830497,0.19951482,-0.3135362299999999,0.0105171871185302,14.82529443105065,0,0,0,0
28.71447588602703,43.257782,0.16090311,-0.00948388,-0.18419401,12483.0,-0.17038698,8.9943984e-05,0.1624291,-0.0948388,0.0101193030675252,15.129899597167991,0,0,0,0
29.3144397099813,43.30051,0.16345318,-0.005045905,-0.18770503,12359.4,-0.16849907,2.5461155e-05,0.16427794,-0.05045905,0.011785807079739,14.98104512956408,0,0,0,0
29.437518374125176,40.41399,0.1918238,-0.03252008,-0.206778,11804.7,-0.22434387,0.0010575558,0.19806191,-0.3252008,0.0114339447021484,14.832504208882654,0,0,0,0
28.967117881774925,40.72332,0.19081321,-0.018459141,-0.20325002,11687.1,-0.20927235,0.0003407399,0.19433546,-0.1845914099999999,0.0105637062920464,14.902815755208335,0,0,0,0
29.53638579050701,40.84637,0.2193974,-0.046127092,-0.22149569,11721.1,-0.26552448,0.0021277086,0.22951756,-0.46127092,0.0099408562978108,14.67159852981571,0,0,0,0
28.71447588602703,40.856625,0.1927393,-0.03551904,-0.199533,11700.0,-0.22825834,0.0012616024,0.19958521,-0.3551904,0.0101193030675252,15.129899597167991,0,0,0,0
29.43544333775841,40.87884,0.2161291,-0.040345527,-0.21527919,11876.65,-0.2564746,0.0016277615,0.22484893,-0.40345527,0.0112120342254638,14.495665486653678,0,0,0,0
28.863900438944512,41.294132,0.20864452,-0.035825998,-0.20933929,12050.1,-0.24447052,0.001283502,0.21611942,-0.35825998,0.0106722672780354,15.035710430145286,0,0,0,0
29.234214401245158,39.506508,0.15223849,0.005888455,-0.16973613,11933.4,-0.14635004,3.4673903e-05,0.15134203,0.05888455,0.0105792490641276,15.068183570437984,0,0,0,0
29.489220873514853,39.349277,0.109352544,0.033550568,-0.13948277,12452.55,-0.075801976,0.0011256406,0.10568371,0.33550568,0.0117224762174818,14.637499321831626,0,0,0,0
29.40596796671552,40.200363,0.18751173,-0.010056158,-0.20269546,12002.05,-0.19756788,0.00010112631,0.18939738,-0.10056158,0.011005474726359,14.555287297566757,0,0,0,0
29.425578371683784,40.8327,0.21316615,-0.019210791,-0.21676856,11639.0,-0.23237693,0.00036905453,0.21726124,-0.19210791,0.0115013901392618,14.729311084747335,0,0,0,0
29.383197085062704,42.128128,0.16734031,-0.010573602,-0.17821641,11889.95,-0.17791392,0.00011180108,0.1691097,-0.10573602,0.0116676606072319,14.912640349070244,0,0,0,0
29.21082426706954,42.770714,0.1434787,0.024278302,-0.16682398,12299.7,-0.11920041,0.0005894359,0.13999529,0.24278302,0.0117545138465033,14.92827011744184,0,0,0,0
28.81987374623617,42.93307,0.114669405,0.04896881,-0.14763281,12512.15,-0.0657006,0.0023979442,0.10905418,0.4896881,0.0110777473449707,15.02515818277996,0,0,0,0
29.437518374125176,42.252884,0.113335766,0.043392815,-0.15123054,12846.0,-0.06994295,0.0018829363,0.10841781,0.43392815,0.0114339447021484,14.832504208882654,0,0,0,0
29.437518374125176,41.841015,0.16546887,0.016115624,-0.184375,12045.1,-0.14935325,0.00025971333,0.16280223,0.1611562399999999,0.0114339447021484,14.832504208882654,0,0,0,0
29.40596796671552,41.738472,0.2120113,-0.025435232,-0.21572126,11630.0,-0.23744653,0.000646951,0.21740386,-0.2543523199999999,0.011005474726359,14.555287297566757,0,0,0,0
28.967117881774925,41.476994,0.16528149,0.005925926,-0.18348542,11749.25,-0.15935557,3.5116598e-05,0.16430205,0.0592592599999999,0.0105637062920464,14.902815755208335,0,0,0,0
29.478845055898063,41.212097,0.15677021,0.0021487153,-0.17925608,11907.85,-0.15462151,4.6169775e-06,0.15643337,0.021487153,0.0112010693550109,14.937810198466025,0,0,0,0
29.507907485961937,40.87884,0.16617195,-0.010811856,-0.18427655,12126.75,-0.1769838,0.000116896226,0.16796859,-0.10811856,0.0105171871185302,14.82529443105065,0,0,0,0
29.489220873514853,38.882717,0.14768654,0.0068177166,-0.16397254,11656.65,-0.14086883,4.648126e-05,0.14667965,0.068177166,0.0117224762174818,14.637499321831626,0,0,0,0
29.234214401245158,39.306553,0.18987572,-0.041830443,-0.19502227,11339.25,-0.23170617,0.0017497858,0.19781831,-0.41830443,0.0105792490641276,15.068183570437984,0,0,0,0
28.863900438944512,42.28023,0.10371913,0.054280795,-0.134515,11876.2,-0.049438335,0.0029464047,0.09808917,0.54280795,0.0106722672780354,15.035710430145286,0,0,0,0
29.383197085062704,42.55538,0.09843969,0.032424893,-0.13060358,12202.55,-0.066014804,0.0010513737,0.0952478,0.32424893,0.0116676606072319,14.912640349070244,0,0,0,0
28.81987374623617,40.581474,0.1473914,-0.0052865604,-0.17429702,12657.5,-0.15267795,2.7947723e-05,0.14817059,-0.052865604,0.0110777473449707,15.02515818277996,0,0,0,0
28.81987374623617,39.708168,0.15642695,-0.011455976,-0.17888835,12816.5,-0.16788292,0.00013123939,0.15821896,-0.11455976,0.0110777473449707,15.02515818277996,0,0,0,0
29.234214401245158,39.058746,0.20064248,-0.047050323,-0.21560505,11950.95,-0.24769281,0.002213733,0.21008278,-0.47050323,0.0105792490641276,15.068183570437984,0,0,0,0
29.426291084289588,37.539436,0.26060253,-0.10657916,-0.25487056,11391.75,-0.3671817,0.011359118,0.28837734,-1.0657916,0.0109315586090087,14.32123548719621,0,0,0,0
28.711374537150107,37.04724,0.3070882,-0.12591106,-0.28783944,11167.25,-0.43299925,0.015853593,0.345754,-1.2591106,0.0099601470099555,15.083465194702171,0,1,0,0
29.437518374125176,38.354633,0.14283118,0.00729443,-0.16297653,11656.8,-0.13553675,5.3208703e-05,0.1417893,0.0729443,0.0114339447021484,14.832504208882654,0,0,0,0
29.507907485961937,38.77847,0.20286338,-0.049800258,-0.20269781,11891.85,-0.25266364,0.0024800657,0.21296604,-0.49800258,0.0105171871185302,14.82529443105065,0,0,0,0
29.48794962565105,39.390293,0.24312975,-0.08785135,-0.24069285,11655.75,-0.3309811,0.0077178604,0.26448902,-0.8785135,0.0105528926849365,14.545388793945335,0,0,0,0
29.234214401245158,41.584663,0.12541054,0.019927874,-0.14981307,11994.2,-0.10548267,0.00039712017,0.12291137,0.19927874,0.0105792490641276,15.068183570437984,0,0,0,0
29.507907485961937,42.72457,0.112158544,0.029084448,-0.13733795,12131.4,-0.08307409,0.0008459051,0.10889647,0.2908444799999999,0.0105171871185302,14.82529443105065,0,0,0,0
29.48794962565105,42.56051,0.119043835,0.037169807,-0.14988028,12128.05,-0.08187403,0.0013815947,0.114619,0.37169807,0.0105528926849365,14.545388793945335,0,0,0,0
29.40596796671552,40.321705,0.18133338,-0.016152805,-0.20154363,11725.65,-0.19748619,0.0002609131,0.18426242,-0.1615280499999999,0.011005474726359,14.555287297566757,0,0,0,0
29.214689826965355,39.42789,0.13275468,0.031905424,-0.1592116,11657.45,-0.100849256,0.0010179561,0.12851909,0.31905424,0.0111927111943562,15.171249326070182,0,0,0,0
29.507907485961937,38.663963,0.20725434,-0.04870105,-0.20498495,11752.95,-0.2559554,0.0023717924,0.21734785,-0.4870105,0.0105171871185302,14.82529443105065,0,0,0,0
29.13729852040612,39.909832,0.18888529,-0.042406622,-0.19608411,11440.6,-0.2312919,0.0017983217,0.19689527,-0.42406622,0.0113369719187418,14.88310012817385,0,0,0,0
28.863900438944512,42.290485,0.14760512,-0.0026945048,-0.16838007,11959.9,-0.15029962,7.2603557e-06,0.14800283,-0.026945048,0.0106722672780354,15.035710430145286,0,0,0,0
29.3144397099813,42.184525,0.124490894,0.028828884,-0.15629455,12269.55,-0.09566201,0.00083110447,0.12090196,0.28828884,0.011785807079739,14.98104512956408,0,0,0,0
29.63563849131268,41.43427,0.15292354,-0.018841183,-0.17634293,12003.7,-0.17176472,0.00035499016,0.1558048,-0.18841183,0.0094514126247829,14.539032554626488,0,0,0,0
29.53638579050701,40.76434,0.110234335,0.031070491,-0.13840105,11746.05,-0.07916384,0.00096537545,0.106809296,0.31070491,0.0099408562978108,14.67159852981571,0,0,0,0
29.63563849131268,40.86517,0.10067669,0.050833173,-0.12687874,11616.5,-0.04984352,0.0025840113,0.09555898,0.50833173,0.0094514126247829,14.539032554626488,0,0,0,0
29.13729852040612,40.911312,0.13508664,0.018407522,-0.15991947,12065.25,-0.11667912,0.00033883683,0.13260002,0.1840752199999999,0.0113369719187418,14.88310012817385,0,0,0,0
29.507907485961937,40.738705,0.11924447,0.02029366,-0.14194278,12639.05,-0.09895081,0.00041183268,0.11682457,0.2029366,0.0105171871185302,14.82529443105065,0,0,0,0
29.437518374125176,39.836346,0.11925684,0.032761987,-0.14464924,11998.0,-0.086494856,0.0010733479,0.11534975,0.32761987,0.0114339447021484,14.832504208882654,0,0,0,0
28.863900438944512,39.337315,0.111051776,0.015208885,-0.13894717,12113.45,-0.09584289,0.0002313102,0.1093628,0.15208885,0.0106722672780354,15.035710430145286,0,0,0,0
29.214689826965355,39.77653,0.17212602,-0.061047263,-0.18659855,11670.85,-0.2331733,0.0037267683,0.18263386,-0.61047263,0.0111927111943562,15.171249326070182,0,0,0,0
28.711374537150107,41.066833,0.098069474,0.048760563,-0.13153479,12661.5,-0.049308907,0.0023775925,0.09328755,0.48760563,0.0099601470099555,15.083465194702171,0,0,0,0
29.21082426706954,42.46651,0.09501915,0.051459193,-0.13329527,12927.45,-0.04355995,0.0026480486,0.09012954,0.51459193,0.0117545138465033,14.92827011744184,0,0,0,0
28.711374537150107,43.04074,0.08053085,0.049188346,-0.11692882,12633.6,-0.031342503,0.0024194934,0.07656967,0.49188346,0.0099601470099555,15.083465194702171,0,0,0,0
29.234214401245158,42.510944,0.08782052,0.049876235,-0.12710777,12803.55,-0.037944287,0.002487639,0.08344036,0.4987623499999999,0.0105792490641276,15.068183570437984,0,0,0,0
29.426291084289588,41.870068,0.08571618,0.054114588,-0.12760973,13077.9,-0.031601593,0.0029283885,0.08107769,0.54114588,0.0109315586090087,14.32123548719621,0,0,0,0
29.489220873514853,40.757504,0.10302884,0.028114278,-0.13488026,12550.6,-0.07491456,0.00079041265,0.10013226,0.28114278,0.0117224762174818,14.637499321831626,0,0,0,0
29.383197085062704,39.03653,0.16196081,-0.036248293,-0.18270515,12361.45,-0.1982091,0.0013139389,0.16783161,-0.36248293,0.0116676606072319,14.912640349070244,0,0,0,0
29.507907485961937,40.72503,0.13877368,-0.00018214383,-0.15650174,12322.6,-0.13895582,3.3176377e-08,0.13879895,-0.0018214383,0.0105171871185302,14.82529443105065,0,0,0,0
28.967117881774925,43.163788,0.07099809,0.033542912,-0.09761148,12845.3,-0.03745517,0.0011251268,0.0686166,0.33542912,0.0105637062920464,14.902815755208335,0,0,0,0
29.214689826965355,43.445774,0.07876682,0.030788392,-0.10380983,12707.75,-0.04797843,0.00094792503,0.07634172,0.30788392,0.0111927111943562,15.171249326070182,0,0,0,0
29.214689826965355,43.037323,0.085245155,0.03106214,-0.11226825,12590.65,-0.054183014,0.00096485653,0.082597256,0.3106214,0.0111927111943562,15.171249326070182,0,0,0,0
29.437518374125176,42.55709,0.16011587,-0.021232538,-0.17417337,11961.15,-0.1813484,0.00045082066,0.16351552,-0.2123253799999999,0.0114339447021484,14.832504208882654,0,0,0,0
28.87584997812908,42.15718,0.14742693,0.0036579997,-0.16713488,12089.6,-0.14376894,1.3380963e-05,0.14688765,0.036579997,0.0109853935241699,15.018158531188988,0,0,0,0
29.425578371683784,41.79829,0.1796267,-0.004486158,-0.19233464,11991.05,-0.18411286,2.0125612e-05,0.18043254,-0.04486158,0.0115013901392618,14.729311084747335,0,0,0,0
28.887657101949088,40.694267,0.22891566,-0.057723433,-0.23424494,11452.4,-0.2866391,0.0033319944,0.24212946,-0.57723433,0.0088965702056884,14.813097466362876,0,0,0,0
29.507907485961937,40.613945,0.20005609,-0.041710418,-0.20468104,11666.6,-0.24176651,0.0017397588,0.20840052,-0.41710418,0.0105171871185302,14.82529443105065,0,0,0,0
29.13729852040612,40.98309,0.16937174,-0.015534151,-0.18591294,12287.0,-0.1849059,0.00024130987,0.17200279,-0.15534151,0.0113369719187418,14.88310012817385,0,0,0,0
29.587538973490425,40.70965,0.18238802,-0.02827256,-0.19455047,12194.4,-0.21066058,0.00079933763,0.1875446,-0.2827255999999999,0.011531532605489,14.80689392089846,0,0,0,0
29.0171795845032,40.564384,0.19334947,-0.03330678,-0.19614103,12085.9,-0.22665624,0.0011093417,0.19978932,-0.3330678,0.0095214568244086,14.8354873021444,0,0,0,0
29.3144397099813,40.55755,0.1249374,-0.0042857584,-0.14678027,12446.25,-0.12922315,1.8367724e-05,0.12547286,-0.042857584,0.011785807079739,14.98104512956408,0,0,0,0
29.498190180460654,40.752377,0.11653071,0.024349038,-0.15074287,12584.35,-0.09218167,0.00059287564,0.1136933,0.24349038,0.0103383498390515,14.389676666259788,0,0,0,0
29.25716981887821,40.97967,0.12582228,0.015169263,-0.15943527,12668.25,-0.110653006,0.00023010654,0.12391364,0.15169263,0.0098183250427246,14.7552871068319,0,0,0,0
29.40596796671552,41.372746,0.0946996,0.02229107,-0.12224178,12642.4,-0.07240853,0.0004968918,0.09258864,0.2229107,0.011005474726359,14.555287297566757,0,0,0,0
29.234214401245158,41.212097,0.10577523,0.028805,-0.14510721,12666.35,-0.07697023,0.00082972803,0.102728374,0.28805,0.0105792490641276,15.068183570437984,0,0,0,0
29.13729852040612,41.227478,0.09232757,0.036392134,-0.13413161,13338.4,-0.05593544,0.0013243875,0.08896758,0.36392134,0.0113369719187418,14.88310012817385,0,0,0,0
29.43544333775841,40.976254,0.0882656,0.034965448,-0.13199785,12993.1,-0.053300146,0.0012225825,0.08517935,0.34965448,0.0112120342254638,14.495665486653678,0,0,0,0
29.48794962565105,40.98309,0.11537645,0.034092516,-0.1659637,12788.25,-0.081283934,0.0011622997,0.111442976,0.34092516,0.0105528926849365,14.545388793945335,0,0,0,0
29.425578371683784,41.360783,0.124376945,0.024232166,-0.16896306,12557.15,-0.10014478,0.00058719784,0.12136303,0.24232166,0.0115013901392618,14.729311084747335,0,0,0,0
28.863900438944512,41.509468,0.10187753,0.036608685,-0.13130465,12189.5,-0.06526885,0.0013401957,0.09814793,0.36608685,0.0106722672780354,15.035710430145286,0,0,0,0
28.71447588602703,41.408634,0.109966055,0.04684884,-0.1493826,12269.45,-0.06311721,0.002194814,0.104814276,0.4684884,0.0101193030675252,15.129899597167991,0,0,0,0
29.489220873514853,40.646416,0.13673328,0.011406733,-0.1704315,12431.65,-0.12532656,0.00013011355,0.1351736,0.11406733,0.0117224762174818,14.637499321831626,0,0,0,0
28.81987374623617,39.335606,0.27633443,-0.11048159,-0.2711235,11411.0,-0.38681602,0.012206181,0.3068643,-1.1048159,0.0110777473449707,15.02515818277996,0,0,0,0
29.21082426706954,39.56803,0.19441384,-0.05434527,-0.20399757,11521.7,-0.24875912,0.0029534083,0.20497932,-0.5434527,0.0117545138465033,14.92827011744184,0,0,0,0
29.425578371683784,41.0412,0.13118799,0.008831646,-0.16414846,12093.35,-0.12235634,7.799798e-05,0.13002938,0.08831646,0.0115013901392618,14.729311084747335,0,0,0,0
28.87584997812908,41.67353,0.18706478,-0.028615834,-0.19753064,11711.7,-0.21568061,0.000818866,0.1924178,-0.28615834,0.0109853935241699,15.018158531188988,0,0,0,0
29.3144397099813,41.441105,0.13328715,0.020888198,-0.15684888,12266.0,-0.11239895,0.0004363168,0.13050301,0.20888198,0.011785807079739,14.98104512956408,0,0,0,0
28.77436933517457,41.200134,0.102501705,0.021519244,-0.13839479,12306.05,-0.08098246,0.00046307783,0.100295946,0.2151924399999999,0.0096894741058349,14.974113559722907,0,0,0,0
28.87584997812908,41.89912,0.106079906,0.028979117,-0.13901974,12015.35,-0.07710079,0.00083978917,0.103005804,0.28979117,0.0109853935241699,15.018158531188988,0,0,0,0
29.25716981887821,42.31783,0.101135805,0.039923027,-0.1459618,12588.15,-0.061212778,0.001593848,0.09709816,0.39923027,0.0098183250427246,14.7552871068319,0,0,0,0
29.214689826965355,41.962353,0.09524652,0.046306998,-0.13406143,12232.0,-0.048939526,0.002144338,0.090835944,0.46306998,0.0111927111943562,15.171249326070182,0,0,0,0
29.437518374125176,41.328312,0.09952523,0.036212306,-0.14094009,12137.9,-0.063312925,0.001311331,0.09592119,0.36212306,0.0114339447021484,14.832504208882654,0,0,0,0
29.13729852040612,41.442814,0.08715427,0.050097432,-0.12985235,12356.45,-0.037056837,0.0025097528,0.082788065,0.50097432,0.0113369719187418,14.88310012817385,0,0,0,0
29.383197085062704,41.083923,0.092213154,0.04320576,-0.1318407,12242.45,-0.049007393,0.0018667376,0.088229015,0.4320576,0.0116676606072319,14.912640349070244,0,0,0,0
29.478845055898063,39.9611,0.12831956,0.026218174,-0.15833944,11642.6,-0.10210138,0.00068739266,0.12495525,0.26218174,0.0112010693550109,14.937810198466025,0,0,0,0
28.87584997812908,39.027985,0.11256082,0.0319566,-0.15140438,11834.8,-0.080604225,0.0010212241,0.10896376,0.319566,0.0109853935241699,15.018158531188988,0,0,0,0
28.887657101949088,37.76161,0.14825965,-0.015917359,-0.16670087,11527.0,-0.16417702,0.00025336235,0.15061955,-0.1591735899999999,0.0088965702056884,14.813097466362876,0,0,0,0
28.81987374623617,39.607338,0.08923542,0.043226548,-0.12504753,11877.85,-0.046008866,0.0018685344,0.08537807,0.43226548,0.0110777473449707,15.02515818277996,0,0,0,0
29.40596796671552,42.534874,0.13396287,0.01587059,-0.16392109,12002.4,-0.118092276,0.0002518756,0.13183679,0.1587059,0.011005474726359,14.555287297566757,0,0,0,0
29.489220873514853,42.26827,0.11404842,0.032592684,-0.1510681,12076.1,-0.08145574,0.0010622831,0.110331275,0.3259268399999999,0.0117224762174818,14.637499321831626,0,0,0,0
28.887657101949088,41.359074,0.11660253,0.01614358,-0.15610951,12036.8,-0.10045895,0.00026061523,0.11472015,0.1614358,0.0088965702056884,14.813097466362876,0,0,0,0
29.478845055898063,40.88226,0.13213575,0.0143389,-0.1697631,12213.1,-0.11779684,0.00020560407,0.13024107,0.143389,0.0112010693550109,14.937810198466025,0,0,0,0
28.87584997812908,40.608818,0.09526619,0.039519135,-0.13368657,12454.0,-0.055747055,0.0015617621,0.091501355,0.3951913499999999,0.0109853935241699,15.018158531188988,0,0,0,0
28.967117881774925,40.613945,0.12109945,0.028281428,-0.15013458,12314.5,-0.09281802,0.0007998392,0.11767459,0.28281428,0.0105637062920464,14.902815755208335,0,0,0,0
29.3144397099813,41.921337,0.14818616,0.010703685,-0.17760845,11999.05,-0.13748248,0.000114568866,0.14660002,0.1070368499999999,0.011785807079739,14.98104512956408,0,0,0,0
29.13729852040612,43.346653,0.14612783,0.005793743,-0.16845371,12455.9,-0.14033408,3.3567456e-05,0.14528121,0.05793743,0.0113369719187418,14.88310012817385,0,0,0,0
28.775239880879724,43.080048,0.1128863,0.0030172088,-0.13031371,12912.6,-0.10986909,9.103548e-06,0.1125457,0.030172088,0.0100396521886189,15.071497853597007,0,0,0,0
28.863900438944512,42.3691,0.1845991,-0.019669928,-0.19655783,11853.65,-0.20426902,0.00038690606,0.18823016,-0.19669928,0.0106722672780354,15.035710430145286,0,0,0,0
29.383197085062704,41.9333,0.18605688,-0.036690507,-0.19268587,12022.7,-0.22274739,0.0013461934,0.1928834,-0.3669050699999999,0.0116676606072319,14.912640349070244,0,0,0,0
28.967117881774925,42.07344,0.2152711,-0.05319227,-0.21891406,11952.15,-0.26846337,0.0028294174,0.22672185,-0.5319227,0.0105637062920464,14.902815755208335,0,0,0,0
29.507907485961937,34.21883,-0.0013969844,-0.044595618,0.0047052046,10218.8,-0.04319863,0.001988769,-0.0014592839,-0.44595618,0.0105171871185302,14.82529443105065,0,0,0,0
29.40596796671552,39.256992,0.15713495,-0.011790346,-0.17619115,12085.8,-0.16892529,0.00013901228,0.15898763,-0.11790346,0.011005474726359,14.555287297566757,0,0,0,0
29.21082426706954,41.319767,0.15998697,-0.006922218,-0.17184387,12248.25,-0.16690919,4.7917103e-05,0.16109443,-0.06922218,0.0117545138465033,14.92827011744184,0,0,0,0
28.967117881774925,41.0224,0.18197373,-0.010465926,-0.19618061,12378.55,-0.19243965,0.00010953559,0.18387824,-0.10465926,0.0105637062920464,14.902815755208335,0,0,0,0
29.21082426706954,41.07538,0.19666032,-0.007418542,-0.2107931,12245.25,-0.20407887,5.503477e-05,0.19811927,-0.07418542,0.0117545138465033,14.92827011744184,0,0,0,0
29.13729852040612,41.37958,0.1339298,0.023225365,-0.15756251,12310.4,-0.11070444,0.00053941755,0.13081923,0.23225365,0.0113369719187418,14.88310012817385,0,0,0,0
29.383197085062704,41.955517,0.18627852,-0.009564743,-0.19488429,11608.25,-0.19584326,9.148432e-05,0.18806022,-0.09564743,0.0116676606072319,14.912640349070244,0,0,0,0
29.507907485961937,40.894222,0.1753126,-0.029051708,-0.18969159,11891.25,-0.2043643,0.00084400177,0.18040572,-0.29051708,0.0105171871185302,14.82529443105065,0,0,0,0
29.507907485961937,41.027527,0.2162474,-0.061780356,-0.22311302,11647.95,-0.27802774,0.0038168125,0.22960724,-0.61780356,0.0105171871185302,14.82529443105065,0,0,0,0
29.234214401245158,39.451817,0.23389046,-0.062377114,-0.23454419,11978.1,-0.29626757,0.0038909041,0.24847986,-0.62377114,0.0105792490641276,15.068183570437984,0,0,0,0
29.234214401245158,39.648354,0.23941453,-0.06500882,-0.24202639,11798.85,-0.30442333,0.0042261467,0.25497857,-0.6500881999999999,0.0105792490641276,15.068183570437984,0,0,0,0
28.81987374623617,41.33344,0.096983954,0.021548998,-0.12549904,12602.4,-0.07543495,0.00046435933,0.094894044,0.21548998,0.0110777473449707,15.02515818277996,0,0,0,0
28.87584997812908,41.856396,0.08626736,0.030773323,-0.11667478,12534.1,-0.055494037,0.0009469974,0.08361263,0.30773323,0.0109853935241699,15.018158531188988,0,0,0,0
29.40596796671552,41.664986,0.12977152,-0.013874001,-0.15417334,12460.95,-0.14364551,0.0001924879,0.13157196,-0.13874001,0.011005474726359,14.555287297566757,0,0,0,0
28.863900438944512,40.210617,0.15985812,-0.012819563,-0.18241431,12240.75,-0.17267768,0.0001643412,0.16190742,-0.12819563,0.0106722672780354,15.035710430145286,0,0,0,0
28.863900438944512,38.67251,0.27322724,-0.09455588,-0.26479596,11595.35,-0.3677831,0.008940813,0.29906246,-0.9455588,0.0106722672780354,15.035710430145286,0,0,0,0
28.887657101949088,40.34734,0.19837904,-0.040268358,-0.21312724,11817.3,-0.2386474,0.0016215405,0.20636745,-0.40268358,0.0088965702056884,14.813097466362876,0,0,0,0
29.48794962565105,42.680138,0.13706101,0.017005354,-0.16541937,11976.8,-0.12005566,0.00028918206,0.13473025,0.17005354,0.0105528926849365,14.545388793945335,0,0,0,0
29.63563849131268,43.42185,0.114524625,0.04150404,-0.14242382,12882.65,-0.07302059,0.0017225853,0.10977139,0.4150404,0.0094514126247829,14.539032554626488,0,0,0,0
29.25716981887821,42.777554,0.11837655,0.027303236,-0.15492588,13311.15,-0.09107331,0.0007454667,0.115144484,0.27303236,0.0098183250427246,14.7552871068319,0,0,0,0
28.77436933517457,42.955288,0.13018213,0.024247847,-0.16432698,12387.3,-0.10593429,0.0005879581,0.1270255,0.24247847,0.0096894741058349,14.974113559722907,0,0,0,0
28.81987374623617,43.114227,0.14448255,0.024703503,-0.1764327,12620.1,-0.11977905,0.000610263,0.14091332,0.24703503,0.0110777473449707,15.02515818277996,0,0,0,0
29.437518374125176,42.821987,0.15473904,-0.01616696,-0.19464363,12237.45,-0.170906,0.00026137062,0.1572407,-0.1616696,0.0114339447021484,14.832504208882654,0,0,0,0
29.507907485961937,43.023647,0.12410627,0.028234253,-0.15697777,12387.15,-0.09587202,0.000797173,0.12060223,0.28234253,0.0105171871185302,14.82529443105065,0,0,0,0
29.437518374125176,41.81709,0.17877784,-0.030632999,-0.19277915,11519.65,-0.20941085,0.0009383806,0.18425435,-0.30632999,0.0114339447021484,14.832504208882654,0,0,0,0
29.478845055898063,41.160828,0.1928569,-0.052650757,-0.21072851,11763.3,-0.24550766,0.0027721021,0.20301096,-0.52650757,0.0112010693550109,14.937810198466025,0,0,0,0
28.863900438944512,41.83076,0.17896737,-0.014096221,-0.19842736,12255.25,-0.1930636,0.00019870346,0.18149014,-0.14096221,0.0106722672780354,15.035710430145286,0,0,0,0
29.53638579050701,41.2497,0.171235,-0.012622096,-0.1874891,12044.1,-0.1838571,0.0001593173,0.17339633,-0.12622096,0.0099408562978108,14.67159852981571,0,0,0,0
29.13729852040612,41.437687,0.17644352,-0.018215802,-0.18627065,11732.1,-0.19465932,0.00033181542,0.17965758,-0.18215802,0.0113369719187418,14.88310012817385,0,0,0,0
28.711374537150107,41.79829,0.14878555,0.018929306,-0.18087152,12331.85,-0.12985624,0.00035831865,0.14596914,0.18929306,0.0099601470099555,15.083465194702171,0,0,0,0
28.887657101949088,41.670113,0.1723952,-0.0056217937,-0.18890104,12241.8,-0.17801699,3.1604563e-05,0.17336437,-0.0562179369999999,0.0088965702056884,14.813097466362876,0,0,0,0
28.87584997812908,42.09224,0.19881377,-0.009541958,-0.2140898,11778.7,-0.20835572,9.104895e-05,0.20071085,-0.09541958,0.0109853935241699,15.018158531188988,0,0,0,0
28.87584997812908,42.19136,0.22333933,-0.057289228,-0.23072052,11397.25,-0.28062856,0.0032820555,0.23613428,-0.57289228,0.0109853935241699,15.018158531188988,0,0,0,0
29.63563849131268,42.046097,0.18787543,-0.019496296,-0.206642,11780.4,-0.20737174,0.00038010557,0.19153832,-0.19496296,0.0094514126247829,14.539032554626488,0,0,0,0
29.3144397099813,42.234085,0.17927529,-0.015104392,-0.19263585,11917.2,-0.19437969,0.00022814264,0.18198314,-0.15104392,0.011785807079739,14.98104512956408,0,0,0,0
28.863900438944512,42.62887,0.16192594,-0.004612172,-0.1872592,11909.55,-0.16653812,2.127213e-05,0.16267277,-0.04612172,0.0106722672780354,15.035710430145286,0,0,0,0
28.87584997812908,42.43575,0.16885081,-0.012309567,-0.19221315,11719.95,-0.18116038,0.00015152546,0.1709293,-0.12309567,0.0109853935241699,15.018158531188988,0,0,0,0
28.71447588602703,41.870068,0.1641791,-0.015862415,-0.18946396,11866.9,-0.18004152,0.0002516162,0.16678338,-0.15862415,0.0101193030675252,15.129899597167991,0,0,0,0
29.383197085062704,42.570763,0.15373486,-0.0012556543,-0.18924746,11861.45,-0.15499051,1.5766675e-06,0.15392789,-0.012556543,0.0116676606072319,14.912640349070244,0,0,0,0
28.81987374623617,43.741432,0.10808997,0.07353805,-0.17968062,13189.45,-0.03455192,0.0054078447,0.10014124,0.7353805,0.0110777473449707,15.02515818277996,0,0,0,0
29.383197085062704,41.061707,0.18270762,-0.032830983,-0.1994391,11685.05,-0.2155386,0.0010778735,0.1887061,-0.32830983,0.0116676606072319,14.912640349070244,0,0,0,0
28.863900438944512,40.352467,0.20122997,-0.0478448,-0.21029595,11340.7,-0.24907477,0.002289125,0.21085778,-0.478448,0.0106722672780354,15.035710430145286,0,0,0,0
29.507907485961937,41.077087,0.16854896,-0.015182766,-0.19694667,12377.45,-0.18373172,0.0002305164,0.17110799,-0.15182766,0.0105171871185302,14.82529443105065,0,0,0,0
29.426291084289588,41.52314,0.15975471,-0.041011773,-0.17369157,11807.8,-0.20076649,0.0016819654,0.16630654,-0.41011773,0.0109315586090087,14.32123548719621,0,0,0,0
29.40596796671552,41.46332,0.16252992,-0.009524081,-0.19314186,12483.9,-0.172054,9.070811e-05,0.16407786,-0.09524081,0.011005474726359,14.555287297566757,0,0,0,0
28.863900438944512,41.394962,0.22624427,-0.056961562,-0.2313287,11736.95,-0.28320584,0.0032446198,0.2391315,-0.56961562,0.0106722672780354,15.035710430145286,0,0,0,0
29.437518374125176,40.53704,0.20865965,-0.049566586,-0.2143616,11302.25,-0.25822625,0.0024568462,0.2190022,-0.49566586,0.0114339447021484,14.832504208882654,0,0,0,0
29.234214401245158,41.22235,0.11153144,0.024148608,-0.14610605,13265.7,-0.08738282,0.0005831552,0.1088381,0.24148608,0.0105792490641276,15.068183570437984,0,0,0,0
29.43544333775841,41.377872,0.09079974,0.04800743,-0.13363037,13910.3,-0.042792313,0.0023047132,0.08644068,0.4800742999999999,0.0112120342254638,14.495665486653678,0,0,0,0
29.43544333775841,41.758984,0.11681871,0.03632089,-0.15746059,13718.8,-0.080497816,0.0013192071,0.112575755,0.3632089,0.0112120342254638,14.495665486653678,0,0,0,0
29.234214401245158,41.7436,0.18668108,-0.015340579,-0.20832446,11667.8,-0.20202164,0.00023533335,0.18954487,-0.15340579,0.0105792490641276,15.068183570437984,0,0,0,0
29.234214401245158,41.678658,0.21084115,-0.023593789,-0.221534,11454.95,-0.23443495,0.00055666687,0.2158157,-0.23593789,0.0105792490641276,15.068183570437984,0,0,0,0
29.507907485961937,40.468678,0.1608016,-0.0066138157,-0.19292286,11944.3,-0.16741541,4.374256e-05,0.16186512,-0.066138157,0.0105171871185302,14.82529443105065,0,0,0,0
29.383197085062704,39.92692,0.19075105,-0.016174093,-0.20868166,11807.45,-0.20692514,0.00026160126,0.19383627,-0.16174093,0.0116676606072319,14.912640349070244,0,0,0,0
28.87584997812908,40.015793,0.1806353,0.021253057,-0.20358735,11625.05,-0.15938225,0.00045169244,0.17679626,0.2125305699999999,0.0109853935241699,15.018158531188988,0,0,0,0
29.498190180460654,40.793392,0.21351889,-0.042851597,-0.21655312,11159.7,-0.25637048,0.0018362593,0.22266851,-0.4285159699999999,0.0103383498390515,14.389676666259788,0,0,0,0
29.234214401245158,40.789974,0.19599622,-0.031658255,-0.21011701,11598.5,-0.22765449,0.001002245,0.20220113,-0.31658255,0.0105792490641276,15.068183570437984,0,0,0,0
29.63563849131268,39.786785,0.17797892,-0.021186575,-0.19307953,11329.05,-0.19916548,0.00044887094,0.18174967,-0.21186575,0.0094514126247829,14.539032554626488,0,0,0,0
29.489220873514853,40.027756,0.19959953,-0.038354144,-0.2020733,11048.6,-0.23795368,0.0014710402,0.207255,-0.38354144,0.0117224762174818,14.637499321831626,0,0,0,0
28.81987374623617,40.842953,0.1423698,0.005364449,-0.1695027,12059.3,-0.13700536,2.8777315e-05,0.14160608,0.05364449,0.0110777473449707,15.02515818277996,0,0,0,0
29.437518374125176,41.128357,0.14446314,0.011210469,-0.17597012,12388.0,-0.13325268,0.00012567462,0.14284365,0.11210469,0.0114339447021484,14.832504208882654,0,0,0,0
29.0171795845032,40.335377,0.18545997,-0.03772268,-0.21169384,11653.05,-0.22318265,0.0014230005,0.192456,-0.3772268,0.0095214568244086,14.8354873021444,0,0,0,0
28.87584997812908,40.1884,0.18988872,-0.049444854,-0.21810402,11941.05,-0.23933357,0.0024447937,0.19927773,-0.49444854,0.0109853935241699,15.018158531188988,0,0,0,0
29.63563849131268,40.15764,0.20531721,-0.027868973,-0.2255222,11570.45,-0.2331862,0.00077667966,0.2110392,-0.2786897299999999,0.0094514126247829,14.539032554626488,0,0,0,0
28.967117881774925,40.68743,0.20083837,-0.00032384787,-0.22665194,11801.4,-0.20116222,1.04877444e-07,0.20090342,-0.0032384786999999,0.0105637062920464,14.902815755208335,0,0,0,0
28.81987374623617,41.008728,0.19580922,-0.029663444,-0.21115379,11292.2,-0.22547266,0.00087991985,0.2016176,-0.29663444,0.0110777473449707,15.02515818277996,0,0,0,0
29.40596796671552,41.30097,0.15587464,0.024285069,-0.19127743,11925.6,-0.13158956,0.00058976456,0.15208921,0.2428506899999999,0.011005474726359,14.555287297566757,0,0,0,0
29.0171795845032,41.492374,0.13534935,0.033097234,-0.17570186,12242.5,-0.10225211,0.001095427,0.13086966,0.33097234,0.0095214568244086,14.8354873021444,0,0,0,0
29.478845055898063,42.54,0.13220409,0.032109957,-0.16055265,12285.5,-0.10009413,0.0010310493,0.12795903,0.32109957,0.0112010693550109,14.937810198466025,0,0,0,0
29.383197085062704,42.721153,0.17814808,-0.0039104773,-0.19687586,12108.2,-0.18205854,1.5291835e-05,0.17884472,-0.039104773,0.0116676606072319,14.912640349070244,0,0,0,0
29.214689826965355,42.59298,0.121500134,0.014777768,-0.15332837,13183.25,-0.10672237,0.00021838244,0.119704634,0.14777768,0.0111927111943562,15.171249326070182,0,0,0,0
28.967117881774925,42.15718,0.16620028,-0.01557828,-0.18823138,12030.95,-0.18177857,0.00024268281,0.16878939,-0.1557828,0.0105637062920464,14.902815755208335,0,0,0,0
29.498190180460654,40.87884,0.19847894,-0.014965392,-0.22402643,11606.15,-0.21344432,0.00022396294,0.20144925,-0.14965392,0.0103383498390515,14.389676666259788,0,0,0,0
29.63563849131268,40.52166,0.2310588,-0.073376484,-0.23605984,11265.75,-0.30443528,0.0053841085,0.2480131,-0.7337648400000001,0.0094514126247829,14.539032554626488,0,0,0,0
29.63563849131268,41.41547,0.17955448,-0.019705022,-0.20324115,11804.1,-0.1992595,0.00038828788,0.18309261,-0.19705022,0.0094514126247829,14.539032554626488,0,0,0,0
29.234214401245158,42.20845,0.18633828,-0.001158715,-0.20699169,11843.45,-0.18749699,1.3426204e-06,0.1865542,-0.01158715,0.0105792490641276,15.068183570437984,0,0,0,0
29.507907485961937,43.133026,0.11617366,0.050280616,-0.1442541,12661.55,-0.06589305,0.0025281403,0.11033238,0.50280616,0.0105171871185302,14.82529443105065,0,0,0,0
28.87584997812908,42.845913,0.13019718,0.019785868,-0.17316203,12660.6,-0.11041132,0.00039148054,0.12762113,0.19785868,0.0109853935241699,15.018158531188988,0,0,0,0
29.234214401245158,42.379353,0.2046004,-0.010326898,-0.21793485,11705.7,-0.2149273,0.00010664482,0.20671329,-0.10326898,0.0105792490641276,15.068183570437984,0,0,0,0
29.383197085062704,42.36568,0.1827845,-0.019579316,-0.19488482,11457.6,-0.20236382,0.0003833496,0.1863633,-0.19579316,0.0116676606072319,14.912640349070244,0,0,0,0
29.48794962565105,42.099075,0.19356559,-0.009908691,-0.19832407,11171.95,-0.20347428,9.818215e-05,0.19548357,-0.09908691,0.0105528926849365,14.545388793945335,0,0,0,0
29.489220873514853,41.323185,0.18609102,-0.019627256,-0.21015432,11938.05,-0.20571828,0.0003852292,0.18974347,-0.1962725599999999,0.0117224762174818,14.637499321831626,0,0,0,0
28.87584997812908,40.971127,0.14935043,-0.00033950846,-0.18591627,12147.3,-0.14968994,1.1526599e-07,0.14940113,-0.0033950846,0.0109853935241699,15.018158531188988,0,0,0,0
29.478845055898063,40.6242,0.16695452,-0.0028958512,-0.20024382,12044.5,-0.16985036,8.385954e-06,0.167438,-0.028958512,0.0112010693550109,14.937810198466025,0,0,0,0
28.863900438944512,40.808773,0.17530225,-0.012001249,-0.19595782,11880.9,-0.1873035,0.00014402998,0.17740609,-0.12001249,0.0106722672780354,15.035710430145286,0,0,0,0
29.3144397099813,40.33025,0.20913449,-0.03783554,-0.21885811,11389.25,-0.24697003,0.0014315281,0.2170472,-0.3783554,0.011785807079739,14.98104512956408,0,0,0,0
29.53638579050701,39.996994,0.18094546,-0.0049355594,-0.18961886,11382.5,-0.18588102,2.4359744e-05,0.18183853,-0.049355594,0.0099408562978108,14.67159852981571,0,0,0,0
29.507907485961937,39.72697,0.13801205,0.008892034,-0.16492777,11919.35,-0.12912,7.906827e-05,0.13678484,0.08892034,0.0105171871185302,14.82529443105065,0,0,0,0
29.40596796671552,39.96452,0.15560603,0.0095035,-0.17647706,11609.25,-0.14610253,9.031651e-05,0.15412724,0.095035,0.011005474726359,14.555287297566757,0,0,0,0
29.40596796671552,40.579765,0.147255,0.01910539,-0.17377453,11832.95,-0.12814961,0.0003650159,0.14444163,0.1910539,0.011005474726359,14.555287297566757,0,0,0,0
28.887657101949088,41.470158,0.16417702,0.017658446,-0.19114853,11784.35,-0.14651857,0.0003118207,0.1612779,0.17658446,0.0088965702056884,14.813097466362876,0,0,0,0
28.967117881774925,40.93182,0.13637294,0.02152481,-0.1646526,12359.7,-0.11484814,0.00046331738,0.13343754,0.2152481,0.0105637062920464,14.902815755208335,0,0,0,0
28.967117881774925,39.513344,0.1447624,0.0028404559,-0.17337339,11430.9,-0.14192194,8.068188e-06,0.1443512,0.028404559,0.0105637062920464,14.902815755208335,0,0,0,0
28.775239880879724,39.891033,0.18124956,-0.016401328,-0.20212652,11687.3,-0.1976509,0.0002690036,0.1842223,-0.1640132799999999,0.0100396521886189,15.071497853597007,0,0,0,0
28.77436933517457,41.00531,0.20184073,-0.02292593,-0.21726142,11335.7,-0.22476666,0.00052559824,0.20646812,-0.2292593,0.0096894741058349,14.974113559722907,0,0,0,0
28.967117881774925,41.582954,0.19271539,-0.032295384,-0.20386748,11019.85,-0.22501077,0.0010429918,0.1989392,-0.32295384,0.0105637062920464,14.902815755208335,0,0,0,0
28.87584997812908,42.02388,0.18601716,-0.024767898,-0.20091274,11371.5,-0.21078506,0.0006134488,0.19062442,-0.24767898,0.0109853935241699,15.018158531188988,0,0,0,0
28.711374537150107,41.753857,0.19246766,-0.022174083,-0.2076424,11585.35,-0.21464175,0.00049168995,0.19673546,-0.22174083,0.0099601470099555,15.083465194702171,0,0,0,0
29.214689826965355,41.62568,0.118625835,0.039120257,-0.15638265,11856.9,-0.07950558,0.0015303944,0.11398516,0.3912025699999999,0.0111927111943562,15.171249326070182,0,0,0,0
29.21082426706954,41.78291,0.15999167,-0.0008091585,-0.18581776,11905.4,-0.16080081,6.5473745e-07,0.16012113,-0.008091585,0.0117545138465033,14.92827011744184,0,0,0,0
28.81987374623617,41.487247,0.14065868,0.029461687,-0.17390427,11715.25,-0.11119699,0.00086799107,0.13651463,0.29461687,0.0110777473449707,15.02515818277996,0,0,0,0
29.498190180460654,39.662025,0.20053701,-0.060715437,-0.20611188,10668.9,-0.26125246,0.003686364,0.2127127,-0.6071543699999999,0.0103383498390515,14.389676666259788,0,0,0,0
29.40596796671552,40.46355,0.22953932,-0.076210074,-0.23532705,11382.75,-0.3057494,0.005807976,0.24703252,-0.76210074,0.011005474726359,14.555287297566757,0,0,0,0
29.507907485961937,40.342213,0.1731347,-0.012147612,-0.18486731,11674.45,-0.1852823,0.00014756447,0.17523788,-0.12147612,0.0105171871185302,14.82529443105065,0,0,0,0
29.63563849131268,39.12198,0.26135072,-0.104943395,-0.24668027,10413.0,-0.36629412,0.011013116,0.28877774,-1.04943395,0.0094514126247829,14.539032554626488,0,0,0,0
29.507907485961937,39.18863,0.20053092,-0.06189018,-0.20619932,11364.0,-0.2624211,0.0038303945,0.21294181,-0.6189018000000001,0.0105171871185302,14.82529443105065,0,0,0,0
29.40596796671552,40.130295,0.18126193,-0.025459163,-0.19009364,11601.75,-0.2067211,0.00064816896,0.18587671,-0.25459163,0.011005474726359,14.555287297566757,0,0,0,0
29.40596796671552,42.722862,0.13094604,0.039073937,-0.1598295,11911.5,-0.0918721,0.0015267725,0.12582946,0.39073937,0.011005474726359,14.555287297566757,0,0,0,0
28.863900438944512,42.76046,0.13480237,0.03678151,-0.17055224,12205.75,-0.09802086,0.0013528793,0.12984413,0.3678151,0.0106722672780354,15.035710430145286,0,0,0,0
29.489220873514853,43.1279,0.13998017,0.03208659,-0.17471012,11979.55,-0.107893586,0.0010295492,0.13548869,0.3208659,0.0117224762174818,14.637499321831626,0,0,0,0
28.77436933517457,41.811962,0.18608743,-0.023419203,-0.21930383,11952.85,-0.20950663,0.0005484591,0.19044544,-0.23419203,0.0096894741058349,14.974113559722907,0,0,0,0
29.214689826965355,39.217686,0.18198708,-0.033303943,-0.20184955,11577.55,-0.21529102,0.0011091526,0.18804798,-0.33303943,0.0111927111943562,15.171249326070182,0,0,0,0
29.53638579050701,39.841473,0.1720422,-0.033523716,-0.18305856,11091.6,-0.20556591,0.0011238394,0.1778097,-0.33523716,0.0099408562978108,14.67159852981571,0,0,0,0
29.425578371683784,41.65473,0.17496964,-0.0066225166,-0.20137091,11917.95,-0.18159217,4.3857726e-05,0.17612839,-0.066225166,0.0115013901392618,14.729311084747335,0,0,0,0
28.81987374623617,41.116394,0.19521491,-0.008801322,-0.21148172,11488.0,-0.20401622,7.746328e-05,0.19693306,-0.08801322,0.0110777473449707,15.02515818277996,0,0,0,0
29.214689826965355,40.613945,0.12570731,0.034970053,-0.15149823,11755.45,-0.09073727,0.0012229045,0.12131133,0.34970053,0.0111927111943562,15.171249326070182,0,0,0,0
29.63563849131268,40.48064,0.2151982,-0.020005528,-0.22637978,11564.65,-0.23520374,0.00040022118,0.21950336,-0.20005528,0.0094514126247829,14.539032554626488,0,0,0,0
28.87584997812908,41.20526,0.18221799,-0.007656656,-0.20299031,11993.8,-0.18987463,5.8624388e-05,0.18361317,-0.07656656,0.0109853935241699,15.018158531188988,0,0,0,0
29.383197085062704,41.025818,0.1642565,0.03055946,-0.19228713,11848.85,-0.13369705,0.00093388057,0.15923691,0.3055946,0.0116676606072319,14.912640349070244,0,0,0,0
29.234214401245158,40.596855,0.21691625,-0.03530226,-0.22860254,11292.35,-0.2522185,0.0012462494,0.22457388,-0.3530226,0.0105792490641276,15.068183570437984,0,0,0,0
29.21082426706954,41.195007,0.16474651,0.00024193304,-0.18584546,11754.7,-0.16450457,5.8531597e-08,0.16470665,0.0024193304,0.0117545138465033,14.92827011744184,0,0,0,0
28.77436933517457,40.976254,0.17953785,-0.011786124,-0.19585985,11257.95,-0.19132397,0.0001389127,0.1816539,-0.11786124,0.0096894741058349,14.974113559722907,0,0,0,0
29.214689826965355,41.487247,0.14445095,0.025822904,-0.17506054,12156.4,-0.11862805,0.00066682237,0.1407208,0.25822904,0.0111927111943562,15.171249326070182,0,0,0,0
29.214689826965355,41.359074,0.12577254,0.031246629,-0.15141077,11898.25,-0.0945259,0.00097635173,0.12184256,0.31246629,0.0111927111943562,15.171249326070182,0,0,0,0
29.0171795845032,41.67695,0.15742557,0.011246196,-0.18156105,12050.7,-0.14617938,0.00012647692,0.15565513,0.11246196,0.0095214568244086,14.8354873021444,0,0,0,0
29.214689826965355,42.234085,0.13211392,0.0001799856,-0.16720071,12348.05,-0.13193394,3.2394816e-08,0.13209015,0.001799856,0.0111927111943562,15.171249326070182,0,0,0,0
29.3144397099813,42.26143,0.16764882,0.001071682,-0.19646376,11626.1,-0.16657715,1.1485022e-06,0.16746916,0.01071682,0.011785807079739,14.98104512956408,0,0,0,0
28.71447588602703,42.86813,0.13072033,0.032907285,-0.17298794,11874.3,-0.09781305,0.0010828895,0.12641868,0.32907285,0.0101193030675252,15.129899597167991,0,0,0,0
29.507907485961937,42.196487,0.15049888,0.027280089,-0.17975181,11960.75,-0.12321879,0.0007442032,0.14639325,0.27280089,0.0105171871185302,14.82529443105065,0,0,0,0
29.507907485961937,41.5915,0.15818572,0.027254846,-0.18578742,11750.6,-0.13093087,0.00074282667,0.1538744,0.27254846,0.0105171871185302,14.82529443105065,0,0,0,0
29.48794962565105,40.484062,0.18042545,-0.017383955,-0.20039171,11680.05,-0.19780941,0.00030220192,0.18356197,-0.17383955,0.0105528926849365,14.545388793945335,0,0,0,0
29.40596796671552,40.65496,0.15906012,0.007237967,-0.1808275,11685.4,-0.15182215,5.238817e-05,0.15790884,0.07237967,0.011005474726359,14.555287297566757,0,0,0,0
29.21082426706954,41.77949,0.17369632,0.007516359,-0.1926326,11815.2,-0.16617996,5.6495654e-05,0.17239076,0.07516359,0.0117545138465033,14.92827011744184,0,0,0,0
29.425578371683784,39.463783,0.17952996,-0.01748388,-0.20457289,11730.4,-0.19701385,0.0003056861,0.18266885,-0.1748388,0.0115013901392618,14.729311084747335,0,0,0,0
28.81987374623617,39.162994,0.14485154,0.023660593,-0.17167102,11853.0,-0.12119094,0.00055982365,0.14142427,0.23660593,0.0110777473449707,15.02515818277996,0,0,0,0
29.53638579050701,37.416386,0.17831482,-0.0031314935,-0.18663666,12072.3,-0.18144631,9.806251e-06,0.17887323,-0.031314935,0.0099408562978108,14.67159852981571,0,0,0,0
29.426291084289588,37.156616,0.23429275,-0.0803339,-0.24313158,11466.6,-0.31462663,0.006453536,0.2531144,-0.803339,0.0109315586090087,14.32123548719621,0,0,0,0
29.63563849131268,38.13759,0.20653403,-0.0213062,-0.21188773,11804.7,-0.22784023,0.00045395418,0.21093448,-0.213062,0.0094514126247829,14.539032554626488,0,0,0,0
29.21082426706954,38.4247,0.19932579,-0.031301077,-0.20316604,11384.4,-0.23062685,0.0009797574,0.20556489,-0.31301077,0.0117545138465033,14.92827011744184,0,0,0,0
28.967117881774925,38.00087,0.21026003,-0.03619786,-0.21365216,11425.5,-0.2464579,0.0013102852,0.217871,-0.3619786,0.0105637062920464,14.902815755208335,0,0,0,0
29.489220873514853,38.523827,0.1485783,0.007125754,-0.1954566,12210.2,-0.14145254,5.0776365e-05,0.14751956,0.07125754,0.0117224762174818,14.637499321831626,0,0,0,0
29.437518374125176,38.66738,0.20517826,-0.032934133,-0.2300325,11613.9,-0.23811239,0.001084657,0.21193562,-0.32934133,0.0114339447021484,14.832504208882654,0,0,0,0
29.48794962565105,40.143967,0.18207356,0.02904767,-0.21269454,12209.1,-0.1530259,0.0008437672,0.17678475,0.2904767,0.0105528926849365,14.545388793945335,0,0,0,0
28.77436933517457,40.475513,0.17728664,0.018649736,-0.19785504,12079.8,-0.1586369,0.00034781266,0.17398028,0.18649736,0.0096894741058349,14.974113559722907,0,0,0,0
29.214689826965355,40.742123,0.10220357,0.020514734,-0.1281684,12431.8,-0.081688836,0.00042085428,0.10010689,0.20514734,0.0111927111943562,15.171249326070182,0,0,0,0
29.383197085062704,41.46674,0.08763809,0.028170338,-0.11625396,12524.3,-0.059467748,0.000793568,0.08516929,0.28170338,0.0116676606072319,14.912640349070244,0,0,0,0
28.887657101949088,41.972607,0.09630963,0.03238817,-0.12717566,12552.8,-0.06392146,0.0010489936,0.093190335,0.3238817,0.0088965702056884,14.813097466362876,0,0,0,0
29.21082426706954,41.84956,0.10873441,0.035013538,-0.13948059,12303.3,-0.073720865,0.0012259478,0.10492723,0.35013538,0.0117545138465033,14.92827011744184,0,0,0,0
29.13729852040612,41.008728,0.13040249,0.019390743,-0.15676722,12531.0,-0.11101174,0.00037600094,0.12787388,0.19390743,0.0113369719187418,14.88310012817385,0,0,0,0
29.43544333775841,40.598564,0.16339605,-0.00034790675,-0.2031103,12060.0,-0.16374396,1.2103911e-07,0.1634529,-0.0034790675,0.0112120342254638,14.495665486653678,0,0,0,0
28.71447588602703,40.198654,0.13581468,0.019450033,-0.16283442,11962.2,-0.11636464,0.0003783038,0.13317308,0.19450033,0.0101193030675252,15.129899597167991,0,0,0,0
29.507907485961937,40.34905,0.18114603,0.027040744,-0.20288643,11894.8,-0.15410528,0.00073120184,0.1762477,0.27040744,0.0105171871185302,14.82529443105065,0,0,0,0
29.214689826965355,40.54046,0.18992992,-0.0154129965,-0.21518356,11575.1,-0.2053429,0.00023756047,0.19285731,-0.154129965,0.0111927111943562,15.171249326070182,0,0,0,0
29.234214401245158,40.290943,0.16750634,-0.0058672093,-0.18387768,11890.7,-0.17337355,3.442415e-05,0.16848913,-0.0586720929999999,0.0105792490641276,15.068183570437984,0,0,0,0
29.478845055898063,40.113205,0.09417825,0.06489022,-0.13037428,12844.9,-0.029288037,0.0042107403,0.08806701,0.6489022,0.0112010693550109,14.937810198466025,0,0,0,0
29.425578371683784,41.18988,0.14524773,0.020955872,-0.17278007,12106.9,-0.12429185,0.00043914854,0.14220393,0.20955872,0.0115013901392618,14.729311084747335,0,0,0,0
29.63563849131268,41.76411,0.16098846,0.007643086,-0.1920148,11872.3,-0.15334538,5.8416757e-05,0.15975802,0.07643086,0.0094514126247829,14.539032554626488,0,0,0,0
29.40596796671552,41.68891,0.16783315,-0.0022223557,-0.17880608,11894.0,-0.17005551,4.938865e-06,0.16820613,-0.0222235569999999,0.011005474726359,14.555287297566757,0,0,0,0
29.498190180460654,41.630806,0.15085611,0.0015528406,-0.17945524,12306.7,-0.14930326,2.4113137e-06,0.15062185,0.015528406,0.0103383498390515,14.389676666259788,0,0,0,0
29.214689826965355,39.463783,0.17816663,-0.0005347443,-0.19753419,12311.8,-0.17870137,2.8595147e-07,0.1782619,-0.0053474429999999,0.0111927111943562,15.171249326070182,0,0,0,0
29.13729852040612,38.51699,0.18281157,-0.008326843,-0.19350493,11691.5,-0.19113842,6.9336325e-05,0.18433382,-0.08326843,0.0113369719187418,14.88310012817385,0,0,0,0
29.489220873514853,39.658607,0.16790204,0.0,-0.17509727,11691.5,-0.16790204,0.0,0.16790204,0.0,0.0117224762174818,14.637499321831626,0,0,0,0
29.478845055898063,39.853436,0.22229017,-0.03588524,-0.22489004,11150.7,-0.2581754,0.0012877504,0.23026711,-0.3588523999999999,0.0112010693550109,14.937810198466025,0,0,0,0
29.507907485961937,39.436436,0.15110612,-0.016984882,-0.17407781,12217.9,-0.168091,0.00028848622,0.15367264,-0.16984882,0.0105171871185302,14.82529443105065,0,0,0,0
29.507907485961937,39.70304,0.13928096,0.022646144,-0.16678031,12616.2,-0.116634816,0.0005128478,0.13612679,0.22646144,0.0105171871185302,14.82529443105065,0,0,0,0
29.478845055898063,40.77972,0.14039864,0.013692259,-0.16470993,12511.1,-0.12670638,0.00018747794,0.13847627,0.13692259,0.0112010693550109,14.937810198466025,0,0,0,0
29.498190180460654,41.17279,0.19298485,-0.044133928,-0.20339334,11899.3,-0.23711878,0.0019478035,0.20150204,-0.44133928,0.0103383498390515,14.389676666259788,0,0,0,0
29.48794962565105,41.582954,0.21322723,-0.034031108,-0.21765475,11747.0,-0.24725834,0.0011581163,0.22048359,-0.34031108,0.0105528926849365,14.545388793945335,0,0,0,0
29.63563849131268,41.719673,0.18580797,-0.028978318,-0.20885903,12027.7,-0.21478629,0.0008397429,0.19119237,-0.28978318,0.0094514126247829,14.539032554626488,0,0,0,0
29.383197085062704,41.012146,0.1781724,-0.00550009,-0.18522955,11829.3,-0.18367249,3.0250987e-05,0.17915235,-0.0550009,0.0116676606072319,14.912640349070244,0,0,0,0
29.426291084289588,40.769466,0.15637681,0.020592496,-0.1802033,12436.5,-0.13578431,0.00042405087,0.15315662,0.20592496,0.0109315586090087,14.32123548719621,0,0,0,0
29.0171795845032,41.077087,0.13619061,0.03804721,-0.16438505,12026.0,-0.0981434,0.0014475901,0.13100894,0.3804721,0.0095214568244086,14.8354873021444,0,0,0,0
29.489220873514853,41.545357,0.11284197,0.050005496,-0.14535578,13265.4,-0.062836476,0.0025005497,0.10719925,0.50005496,0.0117224762174818,14.637499321831626,0,0,0,0
29.478845055898063,41.822216,0.100295484,0.033359192,-0.12901652,12767.5,-0.06693629,0.0011128357,0.09694971,0.33359192,0.0112010693550109,14.937810198466025,0,0,0,0
29.425578371683784,40.854916,0.1404577,0.016390605,-0.16481563,12585.4,-0.124067105,0.0002686519,0.13815552,0.16390605,0.0115013901392618,14.729311084747335,0,0,0,0
28.863900438944512,41.644478,0.14326599,0.029247548,-0.17460096,12300.7,-0.11401844,0.0008554191,0.13907582,0.29247548,0.0106722672780354,15.035710430145286,0,0,0,0
29.40596796671552,43.671364,0.09144726,0.08163679,-0.12246921,12725.9,-0.009810465,0.0066645653,0.0839818,0.8163679,0.011005474726359,14.555287297566757,0,0,0,0
29.507907485961937,43.876446,0.103142254,0.054031964,-0.13673158,13099.0,-0.049110293,0.002919453,0.09756928,0.54031964,0.0105171871185302,14.82529443105065,0,0,0,0
28.863900438944512,42.55709,0.16137785,0.012992126,-0.17881373,12572.9,-0.14838572,0.00016879533,0.15928121,0.1299212599999999,0.0106722672780354,15.035710430145286,0,0,0,0
29.478845055898063,41.62397,0.13047297,0.02958065,-0.16235931,12405.2,-0.10089232,0.0008750149,0.1266135,0.2958064999999999,0.0112010693550109,14.937810198466025,0,0,0,0
29.425578371683784,42.550255,0.101911046,0.038071677,-0.12910765,12523.1,-0.06383937,0.0014494527,0.098031126,0.38071677,0.0115013901392618,14.729311084747335,0,0,0,0
29.40596796671552,44.327625,0.15995766,-0.01436121,-0.19706847,11946.7,-0.17431888,0.00020624435,0.16225486,-0.1436121,0.011005474726359,14.555287297566757,0,0,0,0
28.81987374623617,43.288548,0.1274388,0.042493727,-0.1478683,12703.7,-0.084945075,0.0018057168,0.12202345,0.42493727,0.0110777473449707,15.02515818277996,0,0,0,0
29.383197085062704,40.393482,0.084448546,0.08106482,-0.111919925,12452.3,-0.0033837245,0.006571505,0.07760274,0.8106481999999999,0.0116676606072319,14.912640349070244,0,0,0,0
28.81987374623617,40.660088,0.12287774,0.03612691,-0.15776126,12368.3,-0.08675082,0.0013051538,0.11843854,0.3612691,0.0110777473449707,15.02515818277996,0,0,0,0
29.40596796671552,41.07367,0.11090884,0.041979186,-0.14098747,12762.2,-0.06892966,0.001762252,0.10625298,0.41979186,0.011005474726359,14.555287297566757,0,0,0,0
29.40596796671552,40.923275,0.09355251,0.059770826,-0.12505053,13239.9,-0.03378168,0.0035725518,0.087960795,0.59770826,0.011005474726359,14.555287297566757,0,0,0,0
28.81987374623617,39.996994,0.1304258,0.033435367,-0.15215942,12388.3,-0.09699044,0.0011179238,0.12606497,0.33435367,0.0110777473449707,15.02515818277996,0,0,0,0
29.40596796671552,40.113205,0.16330747,-0.012232145,-0.17476824,12331.5,-0.17553963,0.00014962538,0.16530508,-0.12232145,0.011005474726359,14.555287297566757,0,0,0,0
29.0171795845032,43.35178,0.17465469,-0.009964661,-0.18923455,11708.95,-0.18461935,9.929447e-05,0.17639507,-0.09964661,0.0095214568244086,14.8354873021444,0,0,0,0
29.21082426706954,43.48508,0.19044042,-0.0271631,-0.20618118,11634.05,-0.21760352,0.00073783397,0.19561337,-0.271631,0.0117545138465033,14.92827011744184,0,0,0,0
29.214689826965355,44.187485,0.14089406,0.023308765,-0.18102399,12149.5,-0.117585294,0.0005432985,0.13760999,0.2330876499999999,0.0111927111943562,15.171249326070182,0,0,0,0
29.383197085062704,44.2473,0.14293998,0.020091245,-0.16930433,12290.65,-0.12284874,0.00040365808,0.14006814,0.20091245,0.0116676606072319,14.912640349070244,0,0,0,0
28.711374537150107,44.6643,0.16076095,0.015207783,-0.17719938,12549.35,-0.14555316,0.00023127667,0.15831614,0.15207783,0.0099601470099555,15.083465194702171,0,0,0,0
28.77436933517457,43.756813,0.1250805,0.041500483,-0.15507352,12219.45,-0.08358001,0.00172229,0.119889595,0.41500483,0.0096894741058349,14.974113559722907,0,0,0,0
28.775239880879724,43.411594,0.12722336,0.034829825,-0.16217509,12285.15,-0.09239353,0.0012131167,0.12279219,0.34829825,0.0100396521886189,15.071497853597007,0,0,0,0
29.234214401245158,42.931362,0.13952054,0.025266211,-0.17205305,12231.3,-0.11425434,0.0006383814,0.13599539,0.25266211,0.0105792490641276,15.068183570437984,0,0,0,0
29.40596796671552,40.60711,0.13785867,0.018423574,-0.17240877,11896.85,-0.119435094,0.0003394281,0.13531882,0.18423574,0.011005474726359,14.555287297566757,0,0,0,0
28.711374537150107,39.697914,0.1406587,0.006964769,-0.1779296,11607.1,-0.13369393,4.850801e-05,0.13967906,0.06964769,0.0099601470099555,15.083465194702171,0,0,0,0
29.48794962565105,39.198883,0.11449406,-0.012429147,-0.15107635,11359.6,-0.1269232,0.0001544837,0.115917124,-0.12429147,0.0105528926849365,14.545388793945335,0,0,0,0
29.234214401245158,39.113434,0.13276027,0.0112967435,-0.14806694,11031.45,-0.12146352,0.00012761641,0.13126051,0.1129674349999999,0.0105792490641276,15.068183570437984,0,0,0,0
28.81987374623617,39.32877,0.20655937,-0.072755985,-0.20610495,11342.65,-0.27931535,0.0052934336,0.2215878,-0.72755985,0.0110777473449707,15.02515818277996,0,0,0,0
29.437518374125176,39.438145,0.18914975,-0.07215626,-0.1800984,11146.25,-0.26130602,0.005206525,0.20279808,-0.7215625999999999,0.0114339447021484,14.832504208882654,0,0,0,0
29.40596796671552,38.122208,0.07262919,-0.010253483,-0.0879391,11503.5,-0.08288267,0.00010513393,0.07337389,-0.10253483,0.011005474726359,14.555287297566757,0,0,0,0
28.967117881774925,37.869274,0.11323087,-0.014715528,-0.13224117,11723.35,-0.1279464,0.00021654676,0.114897124,-0.14715528,0.0105637062920464,14.902815755208335,0,0,0,0
28.87584997812908,37.6659,0.15135038,0.0035294117,-0.17638889,11679.0,-0.14782098,1.2456748e-05,0.1508162,0.035294117,0.0109853935241699,15.018158531188988,0,0,0,0
29.425578371683784,36.619987,0.16795334,-0.05494778,-0.18523677,12014.0,-0.22290112,0.0030192584,0.177182,-0.5494778,0.0115013901392618,14.729311084747335,0,0,0,0
29.48794962565105,38.39223,0.18255949,-0.034486104,-0.19737138,11127.85,-0.2170456,0.0011892915,0.18885526,-0.3448610399999999,0.0105528926849365,14.545388793945335,0,0,0,0
29.214689826965355,40.03801,0.1263117,0.03206288,-0.16606505,12447.25,-0.09424883,0.0010280283,0.12226179,0.3206288,0.0111927111943562,15.171249326070182,0,0,0,0
29.43544333775841,40.788265,0.12713957,0.031954642,-0.17266086,12432.45,-0.09518493,0.0010210993,0.12307687,0.31954642,0.0112120342254638,14.495665486653678,0,0,0,0
29.507907485961937,41.259953,0.12032188,0.03130998,-0.1604304,12170.5,-0.08901189,0.0009803149,0.1165546,0.3130998,0.0105171871185302,14.82529443105065,0,0,0,0
29.507907485961937,41.307804,0.13024594,0.02605002,-0.16967805,12163.35,-0.10419592,0.0006786036,0.12685303,0.2605002,0.0105171871185302,14.82529443105065,0,0,0,0
29.63563849131268,42.121292,0.13645509,0.04268973,-0.17404822,12147.65,-0.09376536,0.0018224128,0.13062987,0.4268973,0.0094514126247829,14.539032554626488,0,0,0,0
29.3144397099813,42.063187,0.16991444,-0.003370098,-0.1952991,11518.35,-0.17328455,1.1357561e-05,0.17048708,-0.03370098,0.011785807079739,14.98104512956408,0,0,0,0
29.25716981887821,41.5727,0.11599222,0.045417823,-0.14757471,11590.95,-0.0705744,0.0020627785,0.11072411,0.45417823,0.0098183250427246,14.7552871068319,0,0,0,0
29.587538973490425,42.08882,0.15279973,0.011924742,-0.18865117,12021.6,-0.14087498,0.00014219947,0.15097763,0.11924742,0.011531532605489,14.80689392089846,0,0,0,0
29.234214401245158,44.683098,0.1442407,0.0031860287,-0.17924199,12276.35,-0.14105467,1.01507785e-05,0.14378114,0.031860287,0.0105792490641276,15.068183570437984,0,0,0,0
29.489220873514853,43.633766,0.1462861,0.022721276,-0.17134023,12191.3,-0.12356483,0.0005162564,0.1429623,0.2272127599999999,0.0117224762174818,14.637499321831626,0,0,0,0
28.81987374623617,42.340046,0.09455252,0.049297094,-0.14236072,13814.4,-0.045255423,0.0024302036,0.08989135,0.4929709399999999,0.0110777473449707,15.02515818277996,0,0,0,0
29.48794962565105,42.48189,0.08338319,0.054145075,-0.13070199,13643.8,-0.029238118,0.0029316891,0.078868404,0.54145075,0.0105528926849365,14.545388793945335,0,0,0,0
29.214689826965355,42.60836,0.13983065,-0.0040511885,-0.16906205,12617.0,-0.14388184,1.6412127e-05,0.14039713,-0.040511885,0.0111927111943562,15.171249326070182,0,0,0,0
29.437518374125176,43.28684,0.24821918,-0.06735766,-0.25444716,11698.65,-0.31557685,0.0045370543,0.26493865,-0.6735766,0.0114339447021484,14.832504208882654,0,0,0,0
28.81987374623617,42.893764,0.18073949,-0.034464788,-0.20845282,12903.4,-0.21520428,0.0011878216,0.18696864,-0.34464788,0.0110777473449707,15.02515818277996,0,0,0,0
29.507907485961937,43.39963,0.11121312,0.039519362,-0.15357386,12904.7,-0.07169375,0.00156178,0.10681804,0.39519362,0.0105171871185302,14.82529443105065,0,0,0,0
29.425578371683784,42.76046,0.09913972,0.04466215,-0.13655451,12978.25,-0.054477565,0.0019947079,0.09471192,0.4466215,0.0115013901392618,14.729311084747335,0,0,0,0
29.425578371683784,43.70896,0.068141915,0.07675602,-0.10146873,14589.5,0.008614107,0.005891487,0.062911615,0.7675601999999999,0.0115013901392618,14.729311084747335,0,0,0,0
29.63563849131268,45.226562,0.05511283,0.057941638,-0.091433525,14576.75,0.0028288055,0.0033572332,0.051919505,0.57941638,0.0094514126247829,14.539032554626488,0,0,0,0
28.77436933517457,46.655296,0.040245946,0.10841308,-0.078215525,15323.4,0.06816713,0.011753395,0.03588276,1.0841308,0.0096894741058349,14.974113559722907,0,0,0,0
29.63563849131268,44.90527,0.07906048,0.051374044,-0.1253962,14921.85,-0.027686432,0.0026392925,0.07499882,0.51374044,0.0094514126247829,14.539032554626488,0,0,0,0
29.21082426706954,41.227478,0.2506501,-0.060617197,-0.24971849,11299.1,-0.31126732,0.0036744447,0.26584384,-0.60617197,0.0117545138465033,14.92827011744184,0,0,0,0
29.489220873514853,41.318058,0.13200967,0.010098104,-0.16139267,12800.95,-0.12191157,0.00010197171,0.13067663,0.10098104,0.0117224762174818,14.637499321831626,0,0,0,0
28.81987374623617,41.758984,0.10482331,0.028539976,-0.14711905,13555.3,-0.076283336,0.0008145302,0.10183166,0.28539976,0.0110777473449707,15.02515818277996,0,0,0,0
28.967117881774925,40.998474,0.13837847,0.019238137,-0.16971834,13145.55,-0.11914033,0.0003701059,0.13571632,0.19238137,0.0105637062920464,14.902815755208335,0,0,0,0
29.13729852040612,40.854916,0.07959204,0.051272977,-0.116998315,15143.45,-0.028319066,0.002628918,0.07551112,0.51272977,0.0113369719187418,14.88310012817385,0,0,0,0
29.43544333775841,42.070023,0.1670834,0.015091215,-0.19371966,12957.4,-0.15199219,0.00022774478,0.16456191,0.15091215,0.0112120342254638,14.495665486653678,0,0,0,0
29.437518374125176,41.907665,0.13535583,0.033806108,-0.16920267,12537.15,-0.10154973,0.0011428528,0.13077998,0.33806108,0.0114339447021484,14.832504208882654,0,0,0,0
29.48794962565105,40.499443,0.16117781,-0.014924426,-0.18154597,11473.35,-0.17610224,0.00022273847,0.16358331,-0.14924426,0.0105528926849365,14.545388793945335,0,0,0,0
29.498190180460654,40.84808,0.17070882,0.00089321466,-0.1952981,11407.3,-0.1698156,7.978324e-07,0.17055634,0.0089321466,0.0103383498390515,14.389676666259788,0,0,0,0
29.437518374125176,42.309284,0.12708092,0.048659746,-0.16267316,11835.15,-0.07842117,0.0023677708,0.12089719,0.48659746,0.0114339447021484,14.832504208882654,0,0,0,0
28.87584997812908,42.791225,0.13786054,0.02470745,-0.17359404,12367.55,-0.113153085,0.0006104581,0.13445435,0.2470744999999999,0.0109853935241699,15.018158531188988,0,0,0,0
28.775239880879724,42.85275,0.09139357,0.042096857,-0.1383927,13161.05,-0.04929671,0.0017721454,0.087546185,0.42096857,0.0100396521886189,15.071497853597007,0,0,0,0
29.40596796671552,42.44942,0.11550713,0.03301255,-0.15851985,13209.4,-0.08249459,0.0010898284,0.11169395,0.3301255,0.011005474726359,14.555287297566757,0,0,0,0
29.234214401245158,41.268497,0.11852989,0.024535637,-0.1530449,12843.75,-0.09399425,0.0006019975,0.115621686,0.24535637,0.0105792490641276,15.068183570437984,0,0,0,0
29.53638579050701,40.86688,0.14269464,0.010186782,-0.17202567,12498.1,-0.13250786,0.00010377052,0.14124104,0.10186782,0.0099408562978108,14.67159852981571,0,0,0,0
29.21082426706954,40.807064,0.1838717,-0.026384344,-0.19672942,11773.95,-0.21025604,0.00069613365,0.18872303,-0.26384344,0.0117545138465033,14.92827011744184,0,0,0,0
29.478845055898063,41.29755,0.19489612,-0.015459461,-0.19851263,11979.55,-0.21035558,0.00023899494,0.1979091,-0.15459461,0.0112010693550109,14.937810198466025,0,0,0,0
29.214689826965355,41.88032,0.16503695,0.0069945063,-0.19018404,13072.7,-0.15804243,4.8923117e-05,0.1638826,0.069945063,0.0111927111943562,15.171249326070182,0,0,0,0
28.71447588602703,41.598335,0.22909702,-0.041971087,-0.23083393,11876.55,-0.2710681,0.0017615723,0.23871247,-0.4197108699999999,0.0101193030675252,15.129899597167991,0,0,0,0
29.234214401245158,41.44794,0.26829785,-0.07284946,-0.25999686,11040.35,-0.3411473,0.0053070434,0.2878432,-0.7284946000000001,0.0105792490641276,15.068183570437984,0,0,0,0
28.81987374623617,42.10762,0.11020673,0.025530191,-0.1303273,12791.65,-0.08467654,0.00065179064,0.10739314,0.25530191,0.0110777473449707,15.02515818277996,0,0,0,0
29.234214401245158,41.629097,0.20401269,-0.051235214,-0.21396337,11808.05,-0.2552479,0.0026250472,0.21446532,-0.51235214,0.0105792490641276,15.068183570437984,0,0,0,0
29.43544333775841,42.09053,0.17870082,-0.018491555,-0.20296484,12048.15,-0.19719237,0.00034193762,0.18200527,-0.1849155499999999,0.0112120342254638,14.495665486653678,0,0,0,0
29.507907485961937,42.02559,0.18434878,-0.01743728,-0.20258094,12205.65,-0.20178606,0.0003040587,0.18756333,-0.1743728,0.0105171871185302,14.82529443105065,0,0,0,0
29.437518374125176,41.203552,0.14914522,-0.0031665792,-0.17880861,12740.55,-0.15231179,1.0027224e-05,0.1496175,-0.031665792,0.0114339447021484,14.832504208882654,0,0,0,0
29.40596796671552,41.46503,0.13215284,0.031386364,-0.16636407,12433.25,-0.10076648,0.0009851039,0.12800504,0.31386364,0.011005474726359,14.555287297566757,0,0,0,0
29.214689826965355,41.805126,0.15405685,8.6825654e-05,-0.17880479,12460.8,-0.15397003,7.538694e-09,0.15404348,0.00086825654,0.0111927111943562,15.171249326070182,0,0,0,0
29.13729852040612,42.201614,0.12154433,0.040892087,-0.15758587,12463.0,-0.080652244,0.0016721627,0.11657412,0.40892087,0.0113369719187418,14.88310012817385,0,0,0,0
29.437518374125176,41.562447,0.11030797,0.049157936,-0.14797986,12585.55,-0.06115003,0.0024165027,0.10488545,0.49157936,0.0114339447021484,14.832504208882654,0,0,0,0
29.426291084289588,41.160828,0.13482209,0.019817859,-0.1592483,12440.35,-0.11500423,0.0003927475,0.1321502,0.19817859,0.0109315586090087,14.32123548719621,0,0,0,0
29.21082426706954,40.631035,0.13416618,0.019384397,-0.16451164,12556.85,-0.11478178,0.00037575484,0.13156545,0.19384397,0.0117545138465033,14.92827011744184,0,0,0,0
29.214689826965355,40.48064,0.18297575,-0.019009126,-0.20095605,12334.7,-0.20198488,0.00036134687,0.18645397,-0.19009126,0.0111927111943562,15.171249326070182,0,0,0,0
29.425578371683784,40.684013,0.18748342,-0.022496382,-0.20077987,11588.35,-0.2099798,0.0005060872,0.19170111,-0.2249638199999999,0.0115013901392618,14.729311084747335,0,0,0,0
28.81987374623617,40.456715,0.1391128,0.025322335,-0.16958125,13105.85,-0.113790475,0.0006412206,0.13559015,0.25322335,0.0110777473449707,15.02515818277996,0,0,0,0
28.81987374623617,40.926693,0.20780884,-0.034755588,-0.22771633,13052.2,-0.24256442,0.0012079509,0.21503136,-0.34755588,0.0110777473449707,15.02515818277996,0,0,0,0
29.383197085062704,41.74189,0.16698208,0.011141634,-0.19033152,12506.45,-0.15584044,0.00012413602,0.16512163,0.1114163399999999,0.0116676606072319,14.912640349070244,0,0,0,0
29.426291084289588,41.550484,0.13439171,0.023441678,-0.15587361,12308.8,-0.11095004,0.0005495123,0.13124135,0.23441678,0.0109315586090087,14.32123548719621,0,0,0,0
29.40596796671552,42.370808,0.12947974,0.009403581,-0.15939358,12947.5,-0.12007615,8.842734e-05,0.12826216,0.09403581,0.011005474726359,14.555287297566757,0,0,0,0
29.587538973490425,43.247528,0.15083799,0.00021167222,-0.1677056,12107.45,-0.15062632,4.4805123e-08,0.15080605,0.0021167222,0.011531532605489,14.80689392089846,0,0,0,0
28.71447588602703,43.343235,0.099806264,0.029475918,-0.12818229,13006.6,-0.07033035,0.0008688297,0.09686439,0.29475918,0.0101193030675252,15.129899597167991,0,0,0,0
29.425578371683784,41.7436,0.20178498,-0.032310177,-0.20906152,11874.0,-0.23409516,0.0010439475,0.20830469,-0.32310177,0.0115013901392618,14.729311084747335,0,0,0,0
29.489220873514853,41.52314,0.24013552,-0.07871626,-0.24197769,11711.25,-0.31885177,0.0061962497,0.2590381,-0.7871625999999999,0.0117224762174818,14.637499321831626,0,0,0,0
29.3144397099813,40.42766,0.16253854,0.0012226362,-0.18186046,12277.3,-0.1613159,1.4948394e-06,0.16233982,0.012226362,0.011785807079739,14.98104512956408,0,0,0,0
28.77436933517457,39.660316,0.14501035,0.021083517,-0.16558915,11955.85,-0.12392683,0.0004445147,0.14195302,0.21083517,0.0096894741058349,14.974113559722907,0,0,0,0
29.3144397099813,40.24822,0.22513363,-0.062896505,-0.22596607,11518.85,-0.28803012,0.00395597,0.23929374,-0.62896505,0.011785807079739,14.98104512956408,0,0,0,0
29.53638579050701,40.62249,0.19127658,-0.038465656,-0.20352383,11685.3,-0.22974224,0.0014796067,0.19863416,-0.38465656,0.0099408562978108,14.67159852981571,0,0,0,0
29.426291084289588,41.752144,0.120273404,0.044240125,-0.16103241,12499.05,-0.07603328,0.0019571886,0.11495249,0.4424012499999999,0.0109315586090087,14.32123548719621,0,0,0,0
29.426291084289588,42.047806,0.12778623,0.046348333,-0.15951453,12537.4,-0.0814379,0.0021481682,0.12186355,0.4634833299999999,0.0109315586090087,14.32123548719621,0,0,0,0
29.25716981887821,41.777782,0.14287163,0.031774685,-0.17034061,12431.55,-0.111096956,0.0010096305,0.13833193,0.3177468499999999,0.0098183250427246,14.7552871068319,0,0,0,0
28.77436933517457,42.05806,0.14689675,0.020268908,-0.17680217,12399.95,-0.12662785,0.00041082865,0.14391932,0.20268908,0.0096894741058349,14.974113559722907,0,0,0,0
29.3144397099813,41.69404,0.11586756,0.05437243,-0.15470888,12510.4,-0.06149513,0.0029563613,0.10956756,0.5437243,0.011785807079739,14.98104512956408,0,0,0,0
28.863900438944512,41.794872,0.12633337,0.034007043,-0.16277024,12411.5,-0.09232632,0.001156479,0.12203714,0.34007043,0.0106722672780354,15.035710430145286,0,0,0,0
29.48794962565105,42.29732,0.09540428,0.063181534,-0.12981805,12596.1,-0.032222748,0.0039919065,0.089376494,0.63181534,0.0105528926849365,14.545388793945335,0,0,0,0
29.426291084289588,42.731407,0.10089758,0.058911927,-0.12900877,12889.15,-0.041985653,0.0034706153,0.09495351,0.5891192700000001,0.0109315586090087,14.32123548719621,0,0,0,0
29.63563849131268,43.616676,0.12398299,0.011090982,-0.1430809,12827.0,-0.11289201,0.00012300987,0.1226079,0.1109098199999999,0.0094514126247829,14.539032554626488,0,0,0,0
28.967117881774925,44.2473,0.096770965,0.034421965,-0.12440977,13111.55,-0.062348995,0.0011848718,0.093439914,0.34421965,0.0105637062920464,14.902815755208335,0,0,0,0
28.887657101949088,43.338108,0.13961564,-0.006614841,-0.16628456,13139.55,-0.14623047,4.375612e-05,0.14053917,-0.0661484099999999,0.0088965702056884,14.813097466362876,0,0,0,0
29.21082426706954,43.062958,0.08132747,0.002377602,-0.104525186,12665.65,-0.07894986,5.652991e-06,0.0811341,0.02377602,0.0117545138465033,14.92827011744184,0,0,0,0
28.77436933517457,42.905727,0.12558378,-0.017600296,-0.14443749,12537.65,-0.14318408,0.00030977046,0.12779409,-0.17600296,0.0096894741058349,14.974113559722907,0,0,0,0
28.87584997812908,42.81515,0.091412194,0.0064473567,-0.11653299,13339.4,-0.08496484,4.1568408e-05,0.09082283,0.064473567,0.0109853935241699,15.018158531188988,0,0,0,0
28.87584997812908,41.666695,0.19239017,-0.042095557,-0.20027855,11847.5,-0.23448573,0.001772036,0.20048895,-0.42095557,0.0109853935241699,15.018158531188988,0,0,0,0
29.489220873514853,41.420597,0.17420517,-0.045200188,-0.18588997,11527.25,-0.21940535,0.0020430568,0.18207927,-0.45200188,0.0117224762174818,14.637499321831626,0,0,0,0
29.426291084289588,41.48554,0.19064584,-0.026060386,-0.2051751,12065.15,-0.21670623,0.0006791437,0.19561414,-0.26060386,0.0109315586090087,14.32123548719621,0,0,0,0
28.967117881774925,40.955746,0.1797684,-0.040080316,-0.18878649,11837.15,-0.2198487,0.0016064317,0.18697357,-0.40080316,0.0105637062920464,14.902815755208335,0,0,0,0
29.437518374125176,40.924984,0.19332513,-0.04485006,-0.20164135,12149.95,-0.2381752,0.0020115278,0.20199578,-0.4485005999999999,0.0114339447021484,14.832504208882654,0,0,0,0
29.234214401245158,40.870296,0.22367665,-0.021777887,-0.22704215,12264.05,-0.24545453,0.00047427637,0.22854786,-0.2177788699999999,0.0105792490641276,15.068183570437984,0,0,0,0
29.53638579050701,40.579765,0.21431367,-0.050490182,-0.21927217,11828.75,-0.26480386,0.0025492585,0.2251344,-0.5049018200000001,0.0099408562978108,14.67159852981571,0,0,0,0
29.214689826965355,41.502632,0.13052237,0.021470722,-0.13669741,12149.1,-0.10905166,0.00046099187,0.12771997,0.21470722,0.0111927111943562,15.171249326070182,0,0,0,0
28.775239880879724,42.979214,0.051720425,0.090611786,-0.07541385,14810.2,0.038891364,0.008210496,0.047033947,0.90611786,0.0100396521886189,15.071497853597007,0,0,0,0
29.25716981887821,42.28365,0.12185009,-0.002916541,-0.13926199,13420.3,-0.12476663,8.506211e-06,0.12220547,-0.02916541,0.0098183250427246,14.7552871068319,0,0,0,0
28.81987374623617,41.377872,0.20920272,-0.051492766,-0.21717289,11440.75,-0.2606955,0.002651505,0.21997516,-0.51492766,0.0110777473449707,15.02515818277996,0,0,0,0
29.53638579050701,42.20845,0.1576514,-0.014891617,-0.17841856,12443.95,-0.17254302,0.00022176026,0.15999907,-0.14891617,0.0099408562978108,14.67159852981571,0,0,0,0
29.63563849131268,44.349842,0.12822819,0.02332964,-0.15708989,12294.55,-0.10489855,0.0005442721,0.12523668,0.2332964,0.0094514126247829,14.539032554626488,0,0,0,0
28.81987374623617,43.978985,0.16522545,-0.0157339,-0.1831089,12104.5,-0.18095934,0.0002475556,0.16782509,-0.1573389999999999,0.0110777473449707,15.02515818277996,0,0,0,0
29.214689826965355,43.068085,0.13016756,0.018163905,-0.15169817,11681.4,-0.112003654,0.00032992742,0.1278032,0.18163905,0.0111927111943562,15.171249326070182,0,0,0,0
28.81987374623617,42.912563,0.12177844,0.0040611224,-0.14430444,12076.6,-0.11771732,1.6492713e-05,0.12128389,0.0406112239999999,0.0110777473449707,15.02515818277996,0,0,0,0
29.478845055898063,41.57612,0.085929126,0.032725245,-0.12009933,13234.75,-0.053203885,0.0010709416,0.083117075,0.32725245,0.0112010693550109,14.937810198466025,0,0,0,0
28.77436933517457,41.80171,0.06693544,0.027854912,-0.09986092,13980.65,-0.039080534,0.0007758961,0.065070964,0.27854912,0.0096894741058349,14.974113559722907,0,0,0,0
29.48794962565105,43.115936,0.07208063,0.019625742,-0.10252335,13783.75,-0.05245489,0.00038516973,0.07066599,0.19625742,0.0105528926849365,14.545388793945335,0,0,0,0
28.71447588602703,43.982403,0.11219017,0.022425793,-0.12805025,13008.85,-0.08976438,0.00050291617,0.109674215,0.22425793,0.0101193030675252,15.129899597167991,0,0,0,0
29.507907485961937,43.394505,0.21039203,-0.05229238,-0.21609451,11721.5,-0.2626844,0.0027344932,0.22139393,-0.5229238,0.0105171871185302,14.82529443105065,0,0,0,0
29.13729852040612,39.721844,0.21712914,-0.053455632,-0.22151761,11138.45,-0.27058476,0.0028575044,0.22873591,-0.5345563200000001,0.0113369719187418,14.88310012817385,0,0,0,0
28.967117881774925,38.79385,0.21430026,-0.10399111,-0.20031412,10152.7,-0.31829137,0.010814151,0.23658559,-1.0399111,0.0105637062920464,14.902815755208335,0,0,0,0
29.507907485961937,40.84466,0.117788255,0.039528742,-0.15449098,12326.05,-0.07825951,0.0015625214,0.11313223,0.39528742,0.0105171871185302,14.82529443105065,0,0,0,0
28.711374537150107,41.531685,0.11643709,0.04047756,-0.14863795,12789.05,-0.07595953,0.0016384328,0.111724004,0.4047756,0.0099601470099555,15.083465194702171,0,0,0,0
29.48794962565105,42.5776,0.10786654,0.051761933,-0.14379767,12352.65,-0.056104604,0.0026792977,0.10228316,0.51761933,0.0105528926849365,14.545388793945335,0,0,0,0
29.587538973490425,42.493855,0.1493288,0.0067448067,-0.17159931,12141.6,-0.142584,4.5492416e-05,0.14832161,0.067448067,0.011531532605489,14.80689392089846,0,0,0,0
29.43544333775841,42.748497,0.23728783,-0.09179896,-0.23728783,11268.95,-0.3290868,0.008427049,0.2590706,-0.9179896,0.0112120342254638,14.495665486653678,0,0,0,0
29.234214401245158,43.362034,0.07953706,-0.009816081,-0.094253406,11876.75,-0.089353144,9.6355456e-05,0.0803178,-0.09816081,0.0105792490641276,15.068183570437984,0,0,0,0
29.587538973490425,43.023647,0.09581174,-4.651812e-05,-0.12302147,12864.85,-0.09585826,2.1639355e-09,0.095816195,-0.0004651812,0.011531532605489,14.80689392089846,0,0,0,0
29.507907485961937,42.553673,0.16436815,-0.022054132,-0.17609018,12112.05,-0.18642229,0.0004863848,0.16799316,-0.22054132,0.0105171871185302,14.82529443105065,0,0,0,0
29.40596796671552,42.247757,0.15337424,-0.029772436,-0.17119607,12192.5,-0.18314667,0.000886398,0.15794055,-0.29772436,0.011005474726359,14.555287297566757,0,0,0,0
29.13729852040612,42.413532,0.17063323,-0.024634968,-0.18535715,12128.15,-0.1952682,0.00060688163,0.17483677,-0.24634968,0.0113369719187418,14.88310012817385,0,0,0,0
28.887657101949088,42.40328,0.20636502,-0.030403633,-0.2190815,12123.5,-0.23676866,0.00092438085,0.21263927,-0.3040363299999999,0.0088965702056884,14.813097466362876,0,0,0,0
29.425578371683784,41.63935,0.19548872,-0.012295201,-0.20824037,11805.7,-0.20778392,0.00015117199,0.1978923,-0.12295201,0.0115013901392618,14.729311084747335,0,0,0,0
28.77436933517457,41.12323,0.16663186,0.0001640787,-0.18538561,11941.3,-0.16646779,2.692182e-08,0.16660452,0.001640787,0.0096894741058349,14.974113559722907,0,0,0,0
29.437518374125176,41.40009,0.19803086,-0.0407959,-0.20499359,11737.8,-0.23882677,0.0016643053,0.20610972,-0.407959,0.0114339447021484,14.832504208882654,0,0,0,0
29.234214401245158,41.77949,0.18170589,-0.0071700905,-0.19877407,12288.8,-0.18887599,5.1410196e-05,0.18300875,-0.071700905,0.0105792490641276,15.068183570437984,0,0,0,0
29.40596796671552,41.93159,0.18387634,-0.04213623,-0.19256267,12057.15,-0.22601256,0.0017754618,0.19162418,-0.4213622999999999,0.011005474726359,14.555287297566757,0,0,0,0
29.478845055898063,41.736763,0.20959546,-0.048486665,-0.20972766,11194.35,-0.25808212,0.002350957,0.21975803,-0.4848666499999999,0.0112010693550109,14.937810198466025,0,0,0,0
29.383197085062704,42.02559,0.20937797,-0.040366754,-0.21488537,11690.45,-0.24974473,0.0016294748,0.21782988,-0.40366754,0.0116676606072319,14.912640349070244,0,0,0,0
28.967117881774925,41.68891,0.21116081,-0.03453319,-0.21345049,11619.3,-0.245694,0.0011925412,0.21845287,-0.3453318999999999,0.0105637062920464,14.902815755208335,0,0,0,0
29.383197085062704,41.93159,0.2209611,-0.04999024,-0.22256221,11533.1,-0.27095133,0.002499024,0.232007,-0.4999023999999999,0.0116676606072319,14.912640349070244,0,0,0,0
29.48794962565105,42.54,0.15988353,0.007005831,-0.17319477,12545.2,-0.15287769,4.9081667e-05,0.15876341,0.07005831,0.0105528926849365,14.545388793945335,0,0,0,0
29.507907485961937,42.55709,0.1662911,0.0031424228,-0.18430968,12274.35,-0.16314869,9.8748205e-06,0.16576855,0.031424228,0.0105171871185302,14.82529443105065,0,0,0,0
29.507907485961937,40.077316,0.18529052,-0.03214784,-0.19375657,11470.3,-0.21743836,0.0010334835,0.19124721,-0.3214783999999999,0.0105171871185302,14.82529443105065,0,0,0,0
28.711374537150107,40.063644,0.22442193,-0.055057235,-0.22919093,11531.35,-0.27947918,0.0030312992,0.23677798,-0.55057235,0.0099601470099555,15.083465194702171,0,0,0,0
29.63563849131268,41.12494,0.23342426,-0.06327625,-0.23082024,11414.7,-0.2967005,0.0040038847,0.24819447,-0.6327625000000001,0.0094514126247829,14.539032554626488,0,0,0,0
29.437518374125176,41.406925,0.19067968,-0.033966895,-0.19990505,12188.5,-0.22464657,0.00115375,0.19715647,-0.3396689499999999,0.0114339447021484,14.832504208882654,0,0,0,0
28.887657101949088,40.82757,0.20114635,-0.040312212,-0.20737886,11825.65,-0.24145856,0.0016250743,0.20925501,-0.40312212,0.0088965702056884,14.813097466362876,0,0,0,0
29.489220873514853,40.986507,0.22354957,-0.036908574,-0.22201066,11533.75,-0.26045814,0.0013622429,0.23180047,-0.36908574,0.0117224762174818,14.637499321831626,0,0,0,0
28.863900438944512,40.290943,0.15495484,0.0152145475,-0.17490661,12172.5,-0.13974029,0.00023148245,0.15259726,0.152145475,0.0106722672780354,15.035710430145286,0,0,0,0
29.48794962565105,39.83122,0.1803181,-0.014300337,-0.19471632,11765.4,-0.19461845,0.00020449965,0.18289672,-0.14300337,0.0105528926849365,14.545388793945335,0,0,0,0
29.13729852040612,39.398838,0.104310334,0.043009188,-0.13777485,12865.15,-0.061301142,0.0018497903,0.099824026,0.43009188,0.0113369719187418,14.88310012817385,0,0,0,0
29.587538973490425,40.2824,0.10383183,0.048564743,-0.1353468,13067.85,-0.055267088,0.0023585344,0.09878927,0.48564743,0.011531532605489,14.80689392089846,0,0,0,0
29.214689826965355,42.07686,0.14480206,0.017654771,-0.166364,12437.5,-0.12714729,0.00031169094,0.14224562,0.17654771,0.0111927111943562,15.171249326070182,0,0,0,0
29.3144397099813,42.90231,0.16811804,0.0085205035,-0.17791608,11818.75,-0.15959755,7.259898e-05,0.1666856,0.085205035,0.011785807079739,14.98104512956408,0,0,0,0
29.53638579050701,42.827114,0.12853593,0.029994547,-0.15186185,12128.85,-0.09854138,0.0008996728,0.12468055,0.29994547,0.0099408562978108,14.67159852981571,0,0,0,0
29.48794962565105,42.442585,0.09643167,0.059467506,-0.13510086,12694.95,-0.036964163,0.0035363846,0.09069712,0.59467506,0.0105528926849365,14.545388793945335,0,0,0,0
29.214689826965355,42.213577,0.09890481,0.05660104,-0.13708988,12781.05,-0.042303767,0.0032036777,0.09330669,0.5660104,0.0111927111943562,15.171249326070182,0,0,0,0
29.383197085062704,41.67182,0.22111465,-0.04323905,-0.2274214,11683.9,-0.2643537,0.0018696155,0.23067544,-0.4323905,0.0116676606072319,14.912640349070244,0,0,0,0
28.87584997812908,41.41547,0.23288667,-0.037107155,-0.22884457,11574.3,-0.26999384,0.0013769411,0.24152844,-0.37107155,0.0109853935241699,15.018158531188988,0,0,0,0
29.48794962565105,41.617134,0.22405185,-0.01443218,-0.22643878,11839.75,-0.23848404,0.00020828782,0.22728541,-0.1443218,0.0105528926849365,14.545388793945335,0,0,0,0
28.967117881774925,41.39838,0.17982768,-0.006820031,-0.19187391,11943.55,-0.18664771,4.6512825e-05,0.18105412,-0.06820031,0.0105637062920464,14.902815755208335,0,0,0,0
29.21082426706954,39.855145,0.08741215,0.057141095,-0.12071147,12332.55,-0.030271057,0.0032651047,0.082417324,0.57141095,0.0117545138465033,14.92827011744184,0,0,0,0
28.71447588602703,40.34734,0.09115291,0.05829323,-0.12702753,12348.2,-0.032859676,0.003398101,0.08583931,0.5829323,0.0101193030675252,15.129899597167991,0,0,0,0
28.863900438944512,42.218704,0.09860563,0.036694475,-0.12960108,12621.05,-0.061911155,0.0013464845,0.09498735,0.36694475,0.0106722672780354,15.035710430145286,0,0,0,0
28.711374537150107,42.080276,0.115449704,0.03835625,-0.13634667,12441.55,-0.07709346,0.0014712017,0.11102149,0.3835625,0.0099601470099555,15.083465194702171,0,0,0,0
28.87584997812908,42.07515,0.100280635,0.048726562,-0.1362623,12994.65,-0.05155407,0.002374278,0.095394306,0.48726562,0.0109853935241699,15.018158531188988,0,0,0,0
28.87584997812908,41.70942,0.12893182,0.029092489,-0.16258514,12568.55,-0.09983934,0.00084637286,0.12518087,0.29092489,0.0109853935241699,15.018158531188988,0,0,0,0
28.81987374623617,40.76263,0.13487773,0.009451684,-0.16253798,12467.25,-0.12542604,8.933433e-05,0.1336029,0.09451684,0.0110777473449707,15.02515818277996,0,0,0,0
29.63563849131268,37.47962,0.21699816,-0.06693706,-0.21114036,11588.35,-0.28393522,0.0044805696,0.23152338,-0.6693706,0.0094514126247829,14.539032554626488,0,0,0,0
29.234214401245158,37.120728,0.21806715,-0.06482597,-0.2119657,11492.05,-0.28289312,0.004202406,0.23220357,-0.6482597,0.0105792490641276,15.068183570437984,0,0,0,0
28.967117881774925,39.074127,0.11859828,0.034670312,-0.14672329,11929.5,-0.083927974,0.0012020307,0.11448645,0.34670312,0.0105637062920464,14.902815755208335,0,0,0,0
29.234214401245158,39.79704,0.13995083,0.025997747,-0.16244005,11911.5,-0.113953084,0.00067588285,0.13631243,0.25997747,0.0105792490641276,15.068183570437984,0,0,0,0
28.711374537150107,40.601982,0.12744072,0.01756145,-0.15071175,12274.5,-0.10987928,0.00030840453,0.12520269,0.1756145,0.0099601470099555,15.083465194702171,0,0,0,0
29.3144397099813,41.91792,0.11429872,0.024561511,-0.14405423,12253.2,-0.089737214,0.0006032678,0.111491375,0.24561511,0.011785807079739,14.98104512956408,0,0,0,0
29.63563849131268,42.859585,0.092238255,0.048759807,-0.12354109,12365.85,-0.043478444,0.002377519,0.087740734,0.48759807,0.0094514126247829,14.539032554626488,0,0,0,0
29.13729852040612,42.509235,0.07594336,0.0587578,-0.10923832,12121.3,-0.01718556,0.0034524791,0.071481094,0.5875779999999999,0.0113369719187418,14.88310012817385,0,0,0,0
29.507907485961937,40.196945,0.13118204,0.02137796,-0.15676393,12160.4,-0.10980408,0.0004570172,0.12837763,0.2137796,0.0105171871185302,14.82529443105065,0,0,0,0
28.81987374623617,39.53898,0.12158782,0.006170576,-0.1338087,12095.65,-0.11541724,3.8076007e-05,0.120837554,0.06170576,0.0110777473449707,15.02515818277996,0,0,0,0
29.214689826965355,39.515053,0.16066624,-0.019659474,-0.18574709,12171.1,-0.18032572,0.00038649497,0.16382486,-0.19659474,0.0111927111943562,15.171249326070182,0,0,0,0
28.863900438944512,40.22087,0.1565835,-0.016640775,-0.18475063,12197.9,-0.17322429,0.00027691538,0.15918918,-0.16640775,0.0106722672780354,15.035710430145286,0,0,0,0
29.478845055898063,41.991405,0.13787633,0.029701205,-0.16617534,12086.15,-0.10817513,0.00088216155,0.13378124,0.29701205,0.0112010693550109,14.937810198466025,0,0,0,0
29.426291084289588,40.822445,0.19430934,-0.041080542,-0.20557602,11748.5,-0.23538987,0.0016876109,0.20229167,-0.41080542,0.0109315586090087,14.32123548719621,0,0,0,0
29.383197085062704,40.48919,0.2509188,-0.121109955,-0.2505936,11304.2,-0.37202877,0.014667621,0.28130758,-1.21109955,0.0116676606072319,14.912640349070244,0,0,0,0
28.711374537150107,40.88226,0.16274618,-0.009918632,-0.1872229,12107.0,-0.1726648,9.8379256e-05,0.16436039,-0.09918632,0.0099601470099555,15.083465194702171,0,0,0,0
29.0171795845032,41.017273,0.16333266,-0.0039046444,-0.18769754,12151.8,-0.1672373,1.5246248e-05,0.16397041,-0.039046444,0.0095214568244086,14.8354873021444,0,0,0,0
29.40596796671552,42.389606,0.13960466,0.030992158,-0.16689195,12272.25,-0.1086125,0.00096051383,0.135278,0.30992158,0.011005474726359,14.555287297566757,0,0,0,0
29.478845055898063,42.080276,0.12147479,-0.0015355147,-0.14755228,12081.55,-0.1230103,2.3578054e-06,0.12166131,-0.015355147,0.0112010693550109,14.937810198466025,0,0,0,0
28.87584997812908,40.44817,0.137354,-0.0121933585,-0.15858188,11775.85,-0.14954737,0.000148678,0.13902882,-0.121933585,0.0109853935241699,15.018158531188988,0,0,0,0
28.967117881774925,40.67205,0.08900561,0.051905397,-0.12239317,12099.75,-0.037100215,0.0026941702,0.084385745,0.51905397,0.0105637062920464,14.902815755208335,0,0,0,0
29.43544333775841,40.27898,0.19234505,-0.09381674,-0.1995574,11238.05,-0.2861618,0.00880158,0.21039024,-0.9381674,0.0112120342254638,14.495665486653678,0,0,0,0
29.489220873514853,40.943783,0.113673985,0.03194666,-0.1397399,12148.05,-0.081727326,0.0010205889,0.110042475,0.3194666,0.0117224762174818,14.637499321831626,0,0,0,0
29.507907485961937,41.360783,0.10775235,0.028320678,-0.13853335,12188.1,-0.079431675,0.00080206076,0.10470073,0.28320678,0.0105171871185302,14.82529443105065,0,0,0,0
28.81987374623617,40.942074,0.13026138,-0.013049874,-0.14774193,12148.55,-0.14331125,0.00017029922,0.13196127,-0.13049874,0.0110777473449707,15.02515818277996,0,0,0,0
29.48794962565105,40.83099,0.14278021,-0.009833465,-0.15877406,11845.75,-0.15261368,9.669705e-05,0.14418425,-0.09833465,0.0105528926849365,14.545388793945335,0,0,0,0
29.21082426706954,40.890804,0.11554473,0.017790094,-0.1464895,12653.4,-0.09775463,0.00031648748,0.11348917,0.17790094,0.0117545138465033,14.92827011744184,0,0,0,0
29.234214401245158,40.601982,0.08039556,0.016099727,-0.11215487,12700.6,-0.06429583,0.0002592012,0.07910121,0.16099727,0.0105792490641276,15.068183570437984,0,0,0,0
29.587538973490425,39.83122,0.17948258,-0.054768164,-0.18838851,11579.05,-0.23425075,0.0029995518,0.18931252,-0.54768164,0.011531532605489,14.80689392089846,0,0,0,0
29.40596796671552,40.714775,0.16414534,-0.003519142,-0.18226035,11761.6,-0.16766448,1.238436e-05,0.164723,-0.03519142,0.011005474726359,14.555287297566757,0,0,0,0
29.214689826965355,43.10739,0.08814961,0.039467808,-0.122455955,12536.45,-0.0486818,0.0015577079,0.084670536,0.39467808,0.0111927111943562,15.171249326070182,0,0,0,0
29.48794962565105,42.974087,0.10546527,0.021694936,-0.13185425,12702.9,-0.083770335,0.00047067023,0.103177205,0.21694936,0.0105528926849365,14.545388793945335,0,0,0,0
28.87584997812908,40.613945,0.19400877,-0.04030171,-0.20092538,11347.8,-0.23431048,0.0016242279,0.20182765,-0.4030170999999999,0.0109853935241699,15.018158531188988,0,0,0,0
28.967117881774925,39.995285,0.17967579,-0.047644407,-0.1831048,10477.15,-0.2273202,0.0022699896,0.18823634,-0.47644407,0.0105637062920464,14.902815755208335,0,0,0,0
29.234214401245158,40.333668,0.21305129,-0.05317345,-0.21608391,11624.35,-0.26622474,0.0028274157,0.22437996,-0.5317345,0.0105792490641276,15.068183570437984,0,0,0,0
29.48794962565105,40.663506,0.19628088,-0.025554527,-0.2093359,11718.55,-0.2218354,0.00065303384,0.20129675,-0.25554527,0.0105528926849365,14.545388793945335,0,0,0,0
28.81987374623617,41.311222,0.16057883,0.00057134917,-0.17548129,11688.15,-0.16000749,3.2643985e-07,0.16048709,0.0057134917,0.0110777473449707,15.02515818277996,0,0,0,0
29.489220873514853,41.232605,0.14964573,0.0047772108,-0.17051938,12345.9,-0.14486852,2.2821745e-05,0.14893083,0.047772108,0.0117224762174818,14.637499321831626,0,0,0,0
29.40596796671552,41.776073,0.13437882,0.0073520797,-0.16245326,12616.15,-0.12702674,5.4053075e-05,0.13339086,0.073520797,0.011005474726359,14.555287297566757,0,0,0,0
29.425578371683784,41.53852,0.1391103,0.02278402,-0.1752602,12625.9,-0.11632628,0.0005191116,0.1359408,0.2278402,0.0115013901392618,14.729311084747335,0,0,0,0
28.711374537150107,41.094177,0.12377204,0.03939208,-0.16231088,12660.65,-0.084379956,0.0015517361,0.118896395,0.3939208,0.0099601470099555,15.083465194702171,0,0,0,0
29.383197085062704,40.63958,0.11872036,0.0028331215,-0.15178744,12409.3,-0.11588724,8.026577e-06,0.11838401,0.028331215,0.0116676606072319,14.912640349070244,0,0,0,0
29.48794962565105,40.663506,0.10071491,0.03501459,-0.14147854,12636.05,-0.065700315,0.0012260214,0.09718841,0.3501459,0.0105528926849365,14.545388793945335,0,0,0,0
29.3144397099813,41.012146,0.111512676,0.029591732,-0.1498052,12634.85,-0.081920944,0.0008756706,0.10821282,0.29591732,0.011785807079739,14.98104512956408,0,0,0,0
28.71447588602703,41.52485,0.10207525,0.030069048,-0.135605,12792.6,-0.0720062,0.00090414763,0.099005945,0.30069048,0.0101193030675252,15.129899597167991,0,0,0,0
29.426291084289588,41.57612,0.111462906,0.04185132,-0.14931968,12519.4,-0.06961159,0.0017515329,0.10679804,0.4185132,0.0109315586090087,14.32123548719621,0,0,0,0
28.711374537150107,41.567574,0.09090909,0.041223824,-0.13433544,13217.7,-0.049685266,0.0016994036,0.087161474,0.41223824,0.0099601470099555,15.083465194702171,0,0,0,0
29.40596796671552,41.439396,0.10318943,0.038316682,-0.14646788,12817.1,-0.06487275,0.0014681682,0.09923556,0.3831668199999999,0.011005474726359,14.555287297566757,0,0,0,0
29.437518374125176,41.20868,0.12020303,0.035424467,-0.17130639,12857.2,-0.08477856,0.0012548929,0.11594491,0.35424467,0.0114339447021484,14.832504208882654,0,0,0,0
29.25716981887821,40.960873,0.20962757,-0.043539137,-0.21854834,11645.75,-0.2531667,0.0018956565,0.21875457,-0.43539137,0.0098183250427246,14.7552871068319,0,0,0,0
28.967117881774925,41.051453,0.24680464,-0.08561761,-0.2417356,11108.05,-0.33242226,0.007330375,0.26793545,-0.8561761,0.0105637062920464,14.902815755208335,0,0,0,0
29.498190180460654,41.26679,0.18789089,-0.035490736,-0.2019399,11501.85,-0.22338162,0.0012595922,0.19455926,-0.35490736,0.0103383498390515,14.389676666259788,0,0,0,0
29.53638579050701,41.822216,0.12156036,0.036223896,-0.15630434,12062.4,-0.08533646,0.0013121706,0.11715697,0.36223896,0.0099408562978108,14.67159852981571,0,0,0,0
29.53638579050701,41.44965,0.1320512,0.018247074,-0.16791648,12098.0,-0.11380412,0.00033295574,0.12964165,0.18247074,0.0099408562978108,14.67159852981571,0,0,0,0
28.967117881774925,40.942074,0.18286502,-0.020707773,-0.19238894,11555.95,-0.2035728,0.00042881188,0.18665175,-0.20707773,0.0105637062920464,14.902815755208335,0,0,0,0
29.48794962565105,41.03778,0.18084228,-0.031233475,-0.18729128,11318.65,-0.21207576,0.0009755299,0.18649061,-0.31233475,0.0105528926849365,14.545388793945335,0,0,0,0
29.383197085062704,41.051453,0.10454313,0.03422248,-0.13523065,11834.7,-0.07032065,0.001171178,0.1009654,0.3422248,0.0116676606072319,14.912640349070244,0,0,0,0
29.3144397099813,40.701103,0.096431226,0.028460372,-0.13190314,11668.9,-0.06797086,0.00080999284,0.09368676,0.28460372,0.011785807079739,14.98104512956408,0,0,0,0
29.489220873514853,41.227478,0.08617835,0.045778137,-0.13749655,12196.2,-0.04040021,0.0020956376,0.082233265,0.45778137,0.0117224762174818,14.637499321831626,0,0,0,0
28.81987374623617,41.912792,0.090265,0.049375497,-0.13502094,12534.65,-0.0408895,0.0024379396,0.08580812,0.4937549699999999,0.0110777473449707,15.02515818277996,0,0,0,0
29.3144397099813,41.90254,0.073894344,0.039998766,-0.10728085,12815.75,-0.033895582,0.0015999012,0.07093866,0.3999876599999999,0.011785807079739,14.98104512956408,0,0,0,0
28.887657101949088,41.41547,0.12399528,0.015056056,-0.13287129,11806.3,-0.10893922,0.00022668483,0.1221284,0.15056056,0.0088965702056884,14.813097466362876,0,0,0,0
28.967117881774925,40.13884,0.12079971,0.011181027,-0.14495525,11502.45,-0.109618686,0.00012501536,0.11944905,0.1118102699999999,0.0105637062920464,14.902815755208335,0,0,0,0
29.425578371683784,41.236023,0.11403298,0.017001849,-0.13824466,11673.75,-0.097031124,0.00028906288,0.1120942,0.17001849,0.0115013901392618,14.729311084747335,0,0,0,0
28.887657101949088,41.013855,0.11115545,0.033221282,-0.13900562,11915.5,-0.07793417,0.0011036535,0.10746273,0.3322128199999999,0.0088965702056884,14.813097466362876,0,0,0,0
29.214689826965355,38.870754,0.11696983,-0.011818553,-0.12636022,12167.9,-0.12878838,0.0001396782,0.11835224,-0.11818553,0.0111927111943562,15.171249326070182,0,0,0,0
29.48794962565105,39.441563,0.09527736,0.037721246,-0.12739198,11630.3,-0.057556115,0.0014228926,0.09168338,0.3772124599999999,0.0105528926849365,14.545388793945335,0,0,0,0
28.887657101949088,39.248447,0.10774734,-0.0025362924,-0.13142383,11839.2,-0.11028363,6.4327787e-06,0.10802061,-0.025362924,0.0088965702056884,14.813097466362876,0,0,0,0
28.87584997812908,40.08757,0.081809126,0.04477934,-0.12166495,12503.75,-0.037029788,0.0020051894,0.07814577,0.4477934,0.0109853935241699,15.018158531188988,0,0,0,0
28.81987374623617,41.757275,0.14920913,0.033414185,-0.1764748,11995.05,-0.115794934,0.0011165078,0.14422342,0.3341418499999999,0.0110777473449707,15.02515818277996,0,0,0,0
28.81987374623617,41.96919,0.1198382,0.051694095,-0.15749864,12094.8,-0.068144105,0.0026722795,0.11364327,0.5169409500000001,0.0110777473449707,15.02515818277996,0,0,0,0
29.234214401245158,42.33321,0.120444424,0.0551293,-0.16215926,12291.95,-0.06531512,0.00303924,0.11380441,0.551293,0.0105792490641276,15.068183570437984,0,0,0,0
29.48794962565105,41.98115,0.13382673,0.040241744,-0.17024335,12075.45,-0.093584985,0.001619398,0.1284413,0.40241744,0.0105528926849365,14.545388793945335,0,0,0,0
29.43544333775841,41.150574,0.2218362,-0.03482722,-0.22587681,11274.35,-0.2566634,0.0012129354,0.22956213,-0.3482722,0.0112120342254638,14.495665486653678,0,0,0,0
28.81987374623617,40.275562,0.11512077,0.019848,-0.14565744,12021.9,-0.095272765,0.00039394308,0.11283585,0.19848,0.0110777473449707,15.02515818277996,0,0,0,0
29.425578371683784,41.1933,0.15417917,0.00735385,-0.17395991,11696.35,-0.14682531,5.4079108e-05,0.15304536,0.0735385,0.0115013901392618,14.729311084747335,0,0,0,0
29.21082426706954,43.138153,0.10221204,0.034149356,-0.13020061,12334.05,-0.068062685,0.0011661785,0.098721564,0.34149356,0.0117545138465033,14.92827011744184,0,0,0,0
28.887657101949088,43.006557,0.16165388,0.0004313358,-0.18152569,12052.6,-0.16122253,1.8605057e-07,0.16158415,0.004313358,0.0088965702056884,14.813097466362876,0,0,0,0
29.234214401245158,43.295383,0.10062506,-0.0037379684,-0.11616065,12945.2,-0.10436303,1.3972408e-05,0.101001196,-0.037379684,0.0105792490641276,15.068183570437984,0,0,0,0
29.43544333775841,42.929653,0.12796353,-0.0018061409,-0.14705223,12691.05,-0.12976967,3.262145e-06,0.12819465,-0.018061409,0.0112120342254638,14.495665486653678,0,0,0,0
28.81987374623617,42.994595,0.16940166,-0.011905799,-0.17967467,12424.6,-0.18130745,0.00014174805,0.17141852,-0.11905799,0.0110777473449707,15.02515818277996,0,0,0,0
29.63563849131268,44.437,0.14256608,0.0002776276,-0.15709719,12735.85,-0.14228846,7.707708e-08,0.1425265,0.002776276,0.0094514126247829,14.539032554626488,0,0,0,0
29.425578371683784,48.63433,0.07873448,0.04426688,-0.1072744,13805.75,-0.034467604,0.0019595565,0.07524915,0.4426688,0.0115013901392618,14.729311084747335,0,0,0,0
29.53638579050701,49.176086,0.068383,0.0424415,-0.09090909,13579.45,-0.025941499,0.0018012808,0.065480724,0.424415,0.0099408562978108,14.67159852981571,0,0,0,0
29.40596796671552,40.65667,0.021526497,0.011827206,-0.03285034,11817.6,-0.009699291,0.00013988282,0.0212719,0.11827206,0.011005474726359,14.555287297566757,0,0,0,0
29.507907485961937,36.48327,-0.012796718,-0.040327355,0.016136492,10173.4,-0.027530637,0.0016262955,-0.013312776,-0.40327355,0.0105171871185302,14.82529443105065,0,0,0,0
29.25716981887821,38.494774,0.17401274,-0.025084037,-0.1855141,12111.9,-0.19909677,0.0006292089,0.17837767,-0.25084037,0.0098183250427246,14.7552871068319,0,0,0,0
29.426291084289588,40.50286,0.1174167,0.011789492,-0.14415076,13124.9,-0.10562721,0.00013899212,0.11603242,0.11789492,0.0109315586090087,14.32123548719621,0,0,0,0
29.25716981887821,41.311222,0.10403439,0.031323776,-0.13561496,13151.65,-0.07271061,0.0009811788,0.10077564,0.31323776,0.0098183250427246,14.7552871068319,0,0,0,0
28.87584997812908,40.497734,0.18865795,-0.0042743683,-0.19766481,12027.2,-0.19293232,1.8270224e-05,0.18946436,-0.042743683,0.0109853935241699,15.018158531188988,0,0,0,0
29.0171795845032,40.290943,0.15750414,-0.0051227226,-0.17317158,12266.35,-0.16262686,2.6242287e-05,0.158311,-0.051227226,0.0095214568244086,14.8354873021444,0,0,0,0
28.87584997812908,40.890804,0.12890072,0.0066060117,-0.15013297,12524.85,-0.12229471,4.363939e-05,0.1280492,0.066060117,0.0109853935241699,15.018158531188988,0,0,0,0
29.21082426706954,41.118103,0.18275978,-0.0415473,-0.1921727,11737.55,-0.22430708,0.0017261781,0.19035295,-0.415473,0.0117545138465033,14.92827011744184,0,0,0,0
28.967117881774925,41.0224,0.14281394,-0.00017647578,-0.16837603,12516.65,-0.14299041,3.11437e-08,0.14283913,-0.0017647577999999,0.0105637062920464,14.902815755208335,0,0,0,0
29.214689826965355,41.227478,0.19014204,-0.022096714,-0.20251408,12049.6,-0.21223876,0.00048826472,0.19434355,-0.22096714,0.0111927111943562,15.171249326070182,0,0,0,0
29.63563849131268,40.284107,0.213529,-0.055095088,-0.22788009,12204.45,-0.2686241,0.003035469,0.2252934,-0.55095088,0.0094514126247829,14.539032554626488,0,0,0,0
29.3144397099813,40.287525,0.19932877,-0.042053804,-0.22395527,12147.8,-0.24138257,0.0017685224,0.20771131,-0.42053804,0.011785807079739,14.98104512956408,0,0,0,0
29.507907485961937,39.583412,0.21387713,-0.045245845,-0.22100583,11908.55,-0.25912297,0.0020471865,0.22355418,-0.45245845,0.0105171871185302,14.82529443105065,0,0,0,0
29.53638579050701,39.72697,0.26779455,-0.086076565,-0.2585476,10934.75,-0.35387114,0.0074091754,0.2908454,-0.8607656499999999,0.0099408562978108,14.67159852981571,0,0,0,0
29.3144397099813,41.77949,0.13613704,-0.004042086,-0.16118075,12352.35,-0.14017913,1.6338461e-05,0.13668732,-0.04042086,0.011785807079739,14.98104512956408,0,0,0,0
28.863900438944512,41.287296,0.19631302,-0.041823197,-0.21706782,11939.4,-0.23813622,0.0017491799,0.20452346,-0.41823197,0.0106722672780354,15.035710430145286,0,0,0,0
29.214689826965355,39.8278,0.22503959,-0.06666098,-0.2371797,12083.15,-0.29170057,0.0044436865,0.24004096,-0.6666097999999999,0.0111927111943562,15.171249326070182,0,0,0,0
29.0171795845032,39.841473,0.24363555,-0.08004619,-0.24655136,12204.05,-0.32368174,0.006407393,0.26313764,-0.8004619000000001,0.0095214568244086,14.8354873021444,0,0,0,0
29.507907485961937,42.046097,0.16465284,-0.007245452,-0.19879173,12423.85,-0.17189829,5.2496576e-05,0.16584583,-0.07245452,0.0105171871185302,14.82529443105065,0,0,0,0
29.437518374125176,43.049286,0.10777525,0.038966354,-0.14790502,12658.15,-0.0688089,0.0015183768,0.10357564,0.38966354,0.0114339447021484,14.832504208882654,0,0,0,0
28.87584997812908,42.46651,0.08509034,0.041025776,-0.12408212,14372.3,-0.044064563,0.0016831144,0.081599444,0.41025776,0.0109853935241699,15.018158531188988,0,0,0,0
29.437518374125176,42.40328,0.12666632,0.009923744,-0.16261873,12395.05,-0.11674258,9.848069e-05,0.12540932,0.09923744,0.0114339447021484,14.832504208882654,0,0,0,0
28.967117881774925,42.269978,0.15811497,-0.006983363,-0.18556006,12249.15,-0.16509834,4.876736e-05,0.15921915,-0.06983363,0.0105637062920464,14.902815755208335,0,0,0,0
29.587538973490425,42.442585,0.18819253,-0.013179671,-0.20805827,11514.3,-0.2013722,0.00017370372,0.19067284,-0.13179671,0.011531532605489,14.80689392089846,0,0,0,0
29.63563849131268,43.047577,0.14584829,0.012924339,-0.18146537,11846.15,-0.13292395,0.00016703854,0.14396329,0.12924339,0.0094514126247829,14.539032554626488,0,0,0,0
29.507907485961937,42.230667,0.11992382,0.021266103,-0.15455371,12052.75,-0.09865772,0.00045224716,0.11737351,0.21266103,0.0105171871185302,14.82529443105065,0,0,0,0
29.40596796671552,41.958935,0.1625743,-0.014998571,-0.18762212,11978.75,-0.17757288,0.00022495713,0.16501269,-0.14998571,0.011005474726359,14.555287297566757,0,0,0,0
29.3144397099813,42.50069,0.16107714,0.006398764,-0.17801164,12246.05,-0.15467837,4.0944182e-05,0.16004644,0.06398764,0.011785807079739,14.98104512956408,0,0,0,0
29.478845055898063,41.408634,0.17700887,0.012313091,-0.19164027,11558.4,-0.16469577,0.00015161223,0.17482933,0.12313091,0.0112010693550109,14.937810198466025,0,0,0,0
28.87584997812908,41.584663,0.20584658,-0.020760885,-0.21629024,11467.55,-0.22660746,0.0004310143,0.21012013,-0.20760885,0.0109853935241699,15.018158531188988,0,0,0,0
28.967117881774925,41.60517,0.14626604,0.0215171,-0.17830367,12378.8,-0.12474895,0.00046298554,0.14311883,0.215171,0.0105637062920464,14.902815755208335,0,0,0,0
29.0171795845032,41.911083,0.16186276,-0.007787995,-0.17948534,11822.7,-0.16965076,6.065287e-05,0.16312335,-0.07787995,0.0095214568244086,14.8354873021444,0,0,0,0
29.437518374125176,42.427204,0.12837254,0.019172955,-0.15816927,12024.85,-0.10919958,0.00036760222,0.12591125,0.1917295499999999,0.0114339447021484,14.832504208882654,0,0,0,0
28.81987374623617,42.271687,0.17235775,-0.02950484,-0.1918753,11684.25,-0.20186259,0.00087053556,0.17744315,-0.2950484,0.0110777473449707,15.02515818277996,0,0,0,0
29.507907485961937,42.232376,0.18687044,-0.02523328,-0.20278785,11785.5,-0.21210372,0.0006367184,0.1915858,-0.2523328,0.0105171871185302,14.82529443105065,0,0,0,0
29.13729852040612,42.406696,0.18690708,-0.032538507,-0.19425823,11386.4,-0.2194456,0.0010587545,0.19298877,-0.32538507,0.0113369719187418,14.88310012817385,0,0,0,0
29.63563849131268,42.666466,0.14942606,0.0067662895,-0.1790481,12453.05,-0.14265977,4.578267e-05,0.148415,0.067662895,0.0094514126247829,14.539032554626488,0,0,0,0
29.498190180460654,42.52291,0.13762811,0.02202643,-0.16689077,12308.8,-0.11560168,0.0004851637,0.13459666,0.2202643,0.0103383498390515,14.389676666259788,0,0,0,0
29.53638579050701,42.38448,0.16243401,-0.0020008597,-0.18681975,12012.15,-0.16443488,4.0034392e-06,0.16275902,-0.020008597,0.0099408562978108,14.67159852981571,0,0,0,0
29.21082426706954,43.165497,0.20378119,-0.022748219,-0.22287913,11642.65,-0.2265294,0.0005174815,0.20841685,-0.22748219,0.0117545138465033,14.92827011744184,0,0,0,0
29.234214401245158,44.754875,0.15987901,0.011578063,-0.1943283,12267.75,-0.14830095,0.00013405154,0.15802792,0.11578063,0.0105792490641276,15.068183570437984,0,0,0,0
29.437518374125176,41.458195,0.107391,0.02403744,-0.14322329,12416.05,-0.08335356,0.00057779846,0.10480959,0.2403744,0.0114339447021484,14.832504208882654,0,0,0,0
29.425578371683784,39.901287,0.06788076,-0.024103051,-0.070836864,11174.75,-0.09198381,0.00058095704,0.0695169,-0.24103051,0.0115013901392618,14.729311084747335,0,0,0,0
29.25716981887821,41.70771,0.19359002,-0.0056859087,-0.20765702,11646.7,-0.19927593,3.2329557e-05,0.19469075,-0.0568590869999999,0.0098183250427246,14.7552871068319,0,0,0,0
29.437518374125176,42.4836,0.10846053,0.04233394,-0.14399308,13239.05,-0.0661266,0.0017921622,0.103868976,0.4233394,0.0114339447021484,14.832504208882654,0,0,0,0
28.863900438944512,42.11104,0.12691772,0.025638917,-0.15934846,13293.8,-0.1012788,0.0006573541,0.12366368,0.25638917,0.0106722672780354,15.035710430145286,0,0,0,0
29.21082426706954,41.36591,0.18737562,-0.0014575757,-0.19783045,11767.4,-0.1888332,2.1245269e-06,0.18764874,-0.014575757,0.0117545138465033,14.92827011744184,0,0,0,0
29.3144397099813,41.629097,0.11241688,0.037948746,-0.1480129,13447.25,-0.07446813,0.0014401074,0.108150795,0.37948746,0.011785807079739,14.98104512956408,0,0,0,0
29.48794962565105,41.728218,0.07859605,0.055345893,-0.12045055,13857.6,-0.023250157,0.0030631681,0.074246086,0.55345893,0.0105528926849365,14.545388793945335,0,0,0,0
28.77436933517457,41.077087,0.118370205,0.03593631,-0.15826795,13798.8,-0.082433894,0.0012914184,0.114116415,0.3593631,0.0096894741058349,14.974113559722907,0,0,0,0
29.48794962565105,41.258244,0.15793902,-0.020782342,-0.18987429,12238.6,-0.17872135,0.00043190573,0.16122136,-0.2078234199999999,0.0105528926849365,14.545388793945335,0,0,0,0
28.81987374623617,41.18817,0.13961741,0.026931945,-0.16358815,12210.35,-0.11268547,0.0007253297,0.13585724,0.26931945,0.0110777473449707,15.02515818277996,0,0,0,0
28.711374537150107,40.393482,0.2107042,-0.006270001,-0.22248219,11514.2,-0.21697421,3.9312912e-05,0.21202531,-0.06270001,0.0099601470099555,15.083465194702171,0,0,0,0
29.43544333775841,39.53385,0.21557438,-0.025261585,-0.22231132,11336.7,-0.24083596,0.00063814764,0.22102013,-0.25261585,0.0112120342254638,14.495665486653678,0,0,0,0
29.13729852040612,38.874172,0.17825325,-0.013042707,-0.19705045,11937.2,-0.19129595,0.0001701122,0.18057814,-0.13042707,0.0113369719187418,14.88310012817385,0,0,0,0
29.3144397099813,38.992096,0.17591968,-0.021856407,-0.19252424,11626.9,-0.1977761,0.00047770253,0.17976466,-0.21856407,0.011785807079739,14.98104512956408,0,0,0,0
29.437518374125176,40.195236,0.18827693,-0.016022377,-0.20789209,12108.05,-0.20429932,0.00025671656,0.19129358,-0.16022377,0.0114339447021484,14.832504208882654,0,0,0,0
29.425578371683784,40.74554,0.15719005,-0.004856763,-0.1782166,12131.0,-0.16204682,2.3588145e-05,0.1579535,-0.04856763,0.0115013901392618,14.729311084747335,0,0,0,0
28.77436933517457,39.46207,0.12983899,0.019205185,-0.16426674,11675.15,-0.110633805,0.0003688391,0.1273454,0.19205185,0.0096894741058349,14.974113559722907,0,0,0,0
28.87584997812908,39.721844,0.15614772,-0.002529693,-0.18667154,11624.9,-0.15867741,6.399347e-06,0.15654272,-0.02529693,0.0109853935241699,15.018158531188988,0,0,0,0
29.25716981887821,40.885677,0.15750018,0.02093713,-0.1905481,11937.9,-0.13656305,0.0004383634,0.15420257,0.2093713,0.0098183250427246,14.7552871068319,0,0,0,0
29.383197085062704,40.819027,0.18293889,-0.012871332,-0.20133117,11781.75,-0.19581021,0.00016567117,0.18529356,-0.12871332,0.0116676606072319,14.912640349070244,0,0,0,0
29.437518374125176,39.561195,0.25804925,-0.083384305,-0.26558247,11380.4,-0.34143355,0.006952942,0.2795665,-0.83384305,0.0114339447021484,14.832504208882654,0,0,0,0
29.234214401245158,39.441563,0.21245353,-0.06335836,-0.23374467,11748.95,-0.2758119,0.004014282,0.22591424,-0.6335836,0.0105792490641276,15.068183570437984,0,0,0,0
29.383197085062704,39.971355,0.19507271,-0.004091408,-0.2201223,11830.15,-0.1991641,1.673962e-05,0.19587083,-0.04091408,0.0116676606072319,14.912640349070244,0,0,0,0
28.967117881774925,39.98674,0.16449086,0.03861933,-0.195483,12181.45,-0.12587154,0.0014914525,0.15813833,0.3861933,0.0105637062920464,14.902815755208335,0,0,0,0
29.40596796671552,39.815838,0.17127372,0.033018205,-0.2,12038.25,-0.13825552,0.0010902019,0.16561857,0.33018205,0.011005474726359,14.555287297566757,0,0,0,0
29.507907485961937,39.97307,0.20196567,-0.023199635,-0.2244452,11558.7,-0.22516531,0.0005382231,0.2066512,-0.23199635,0.0105171871185302,14.82529443105065,0,0,0,0
29.48794962565105,40.613945,0.16000544,0.0014627582,-0.19459611,12058.6,-0.15854268,2.1396615e-06,0.15977138,0.014627582,0.0105528926849365,14.545388793945335,0,0,0,0
29.437518374125176,42.05977,0.15531167,0.0056086904,-0.18907852,12021.15,-0.14970298,3.145741e-05,0.15444057,0.0560869039999999,0.0114339447021484,14.832504208882654,0,0,0,0
29.0171795845032,42.74166,0.18058363,-0.0063503818,-0.20794381,12145.55,-0.18693401,4.0327348e-05,0.1817304,-0.063503818,0.0095214568244086,14.8354873021444,0,0,0,0
28.81987374623617,42.536583,0.12295779,0.027438346,-0.16258611,13101.75,-0.09551944,0.0007528629,0.119584024,0.2743834599999999,0.0110777473449707,15.02515818277996,0,0,0,0
29.383197085062704,42.54342,0.15705124,0.0011045549,-0.18864793,12250.75,-0.15594667,1.2200414e-06,0.15687776,0.011045549,0.0116676606072319,14.912640349070244,0,0,0,0
28.967117881774925,42.11104,0.16312833,-0.0034130733,-0.18348789,11764.2,-0.16654141,1.1649069e-05,0.1636851,-0.034130733,0.0105637062920464,14.902815755208335,0,0,0,0
29.13729852040612,41.60688,0.17433067,-0.00965702,-0.19659296,11852.35,-0.18398768,9.325803e-05,0.17601417,-0.0965702,0.0113369719187418,14.88310012817385,0,0,0,0
29.13729852040612,41.051453,0.18312648,-0.008865997,-0.20988321,12238.9,-0.19199248,7.86059e-05,0.18475008,-0.08865997,0.0113369719187418,14.88310012817385,0,0,0,0
29.507907485961937,41.441105,0.17739932,-0.010397796,-0.19374798,11601.6,-0.18779711,0.00010811415,0.17924389,-0.10397796,0.0105171871185302,14.82529443105065,0,0,0,0
28.711374537150107,41.94697,0.18675214,-0.025092417,-0.20344357,11670.25,-0.21184456,0.0006296294,0.19143821,-0.25092417,0.0099601470099555,15.083465194702171,0,0,0,0
29.383197085062704,41.88203,0.20009258,-0.033627234,-0.21050175,11377.55,-0.23371981,0.0011307908,0.20682114,-0.33627234,0.0116676606072319,14.912640349070244,0,0,0,0
29.489220873514853,41.729927,0.2195286,-0.024653703,-0.23026903,11260.35,-0.2441823,0.00060780504,0.2249408,-0.24653703,0.0117224762174818,14.637499321831626,0,0,0,0
29.507907485961937,40.988216,0.1967216,-0.009850764,-0.21220703,11583.45,-0.20657237,9.703755e-05,0.19865945,-0.09850764,0.0105171871185302,14.82529443105065,0,0,0,0
29.48794962565105,40.974545,0.20478594,-0.027801618,-0.21786979,11238.05,-0.23258756,0.00077293,0.21047932,-0.27801618,0.0105528926849365,14.545388793945335,0,0,0,0
28.711374537150107,41.059998,0.1880965,0.028243074,-0.2141696,12199.8,-0.15985343,0.00079767127,0.18278408,0.28243074,0.0099601470099555,15.083465194702171,0,0,0,0
29.43544333775841,40.74554,0.18823908,-0.0020114984,-0.22046916,11828.35,-0.19025058,4.0461255e-06,0.18861772,-0.020114984,0.0112120342254638,14.495665486653678,0,0,0,0
29.437518374125176,39.98503,0.22048444,-0.033043273,-0.22790386,11396.55,-0.2535277,0.0010918578,0.22776997,-0.3304327299999999,0.0114339447021484,14.832504208882654,0,0,0,0
29.40596796671552,40.049973,0.20711483,-0.019304678,-0.22298193,11491.95,-0.22641951,0.0003726706,0.21111311,-0.1930467799999999,0.011005474726359,14.555287297566757,0,0,0,0
29.40596796671552,40.161057,0.17377518,0.008181608,-0.19968638,11987.5,-0.16559358,6.693872e-05,0.17235343,0.08181608,0.011005474726359,14.555287297566757,0,0,0,0
29.21082426706954,40.099533,0.18890266,-0.0052971654,-0.20739679,11795.0,-0.19419982,2.8059958e-05,0.1899033,-0.0529716539999999,0.0117545138465033,14.92827011744184,0,0,0,0
29.383197085062704,39.383457,0.21833156,-0.0467446,-0.21940836,11170.25,-0.26507616,0.0021850576,0.22853738,-0.467446,0.0116676606072319,14.912640349070244,0,0,0,0
29.426291084289588,39.30997,0.21460912,-0.03780569,-0.22052526,11325.35,-0.25241482,0.0014292704,0.22272256,-0.3780569,0.0109315586090087,14.32123548719621,0,0,0,0
28.81987374623617,39.75944,0.21701111,-0.05726141,-0.21598355,11020.65,-0.27427253,0.0032788692,0.22943747,-0.5726141,0.0110777473449707,15.02515818277996,0,0,0,0
29.40596796671552,40.93353,0.1625175,0.011929295,-0.18845133,12076.0,-0.1505882,0.00014230808,0.16057879,0.11929295,0.011005474726359,14.555287297566757,0,0,0,0
29.40596796671552,40.147385,0.18271099,-0.020405674,-0.19938381,11622.9,-0.20311667,0.0004163916,0.18643934,-0.20405674,0.011005474726359,14.555287297566757,0,0,0,0
28.863900438944512,38.783596,0.18997395,-0.0107220765,-0.19603069,11298.65,-0.20069602,0.00011496293,0.19201086,-0.107220765,0.0106722672780354,15.035710430145286,0,0,0,0
29.425578371683784,39.022858,0.18326345,-0.027092895,-0.20115484,11250.7,-0.21035634,0.0007340249,0.18822858,-0.27092895,0.0115013901392618,14.729311084747335,0,0,0,0
29.48794962565105,40.615654,0.2017494,-0.011976569,-0.21878983,11709.75,-0.21372597,0.0001434382,0.20416567,-0.11976569,0.0105528926849365,14.545388793945335,0,0,0,0
29.214689826965355,41.203552,0.19036916,-0.0154620195,-0.20352696,11356.55,-0.20583118,0.00023907406,0.19331264,-0.154620195,0.0111927111943562,15.171249326070182,0,0,0,0
29.425578371683784,40.88226,0.14881204,0.0075917267,-0.16975845,11460.85,-0.1412203,5.7634315e-05,0.1476823,0.075917267,0.0115013901392618,14.729311084747335,0,0,0,0
29.25716981887821,41.077087,0.15187232,0.014560436,-0.17924075,11968.0,-0.13731189,0.00021200629,0.149661,0.14560436,0.0098183250427246,14.7552871068319,0,0,0,0
29.214689826965355,41.424015,0.15465423,0.015993005,-0.17805302,11978.7,-0.13866124,0.0002557762,0.15218085,0.15993005,0.0111927111943562,15.171249326070182,0,0,0,0
28.967117881774925,41.649605,0.15632059,0.000842734,-0.19464724,11972.4,-0.15547785,7.102006e-07,0.15618885,0.00842734,0.0105637062920464,14.902815755208335,0,0,0,0
29.43544333775841,40.542168,0.19089329,-0.025702737,-0.20468217,11375.15,-0.21659604,0.0006606307,0.19579978,-0.25702737,0.0112120342254638,14.495665486653678,0,0,0,0
28.77436933517457,39.17325,0.2168017,-0.07615214,-0.21705456,10730.95,-0.29295385,0.005799148,0.23331162,-0.7615213999999999,0.0096894741058349,14.974113559722907,0,0,0,0
29.426291084289588,39.940594,0.18251017,-0.020494036,-0.20650657,11604.5,-0.20300421,0.00042000553,0.18625054,-0.20494036,0.0109315586090087,14.32123548719621,0,0,0,0
28.87584997812908,38.834866,0.23213549,-0.07654542,-0.22124204,10292.45,-0.3086809,0.0058592004,0.2499044,-0.7654542,0.0109853935241699,15.018158531188988,0,0,0,0
29.437518374125176,37.9684,0.27268448,-0.12526436,-0.25334516,9983.9,-0.39794886,0.015691161,0.30684215,-1.2526436,0.0114339447021484,14.832504208882654,0,0,0,0
28.863900438944512,39.16812,0.21080203,-0.05995769,-0.21075737,11018.5,-0.27075973,0.003594925,0.22344124,-0.5995769,0.0106722672780354,15.035710430145286,0,0,0,0
28.87584997812908,40.52337,0.16899821,-0.011933709,-0.17761603,11340.05,-0.18093191,0.00014241341,0.17101498,-0.11933709,0.0109853935241699,15.018158531188988,0,0,0,0
29.13729852040612,41.200134,0.1723304,-0.007956121,-0.18997385,11750.05,-0.18028651,6.3299856e-05,0.17370148,-0.07956121,0.0113369719187418,14.88310012817385,0,0,0,0
29.3144397099813,41.082214,0.21963906,-0.038131382,-0.22119473,11365.8,-0.25777045,0.0014540022,0.2280142,-0.3813138199999999,0.011785807079739,14.98104512956408,0,0,0,0
29.383197085062704,41.39838,0.16755319,0.0020401026,-0.18862815,12091.5,-0.16551308,4.1620187e-06,0.16721137,0.020401026,0.0116676606072319,14.912640349070244,0,0,0,0
29.48794962565105,40.596855,0.1820468,-0.028933093,-0.20506056,11185.0,-0.2109799,0.00083712384,0.18731397,-0.28933093,0.0105528926849365,14.545388793945335,0,0,0,0
29.21082426706954,40.27898,0.21493377,-0.053265713,-0.21436818,10887.85,-0.26819947,0.0028372363,0.22638237,-0.53265713,0.0117545138465033,14.92827011744184,0,0,0,0
29.383197085062704,39.89958,0.14437218,0.019720182,-0.15795772,11520.1,-0.124652,0.0003888856,0.14152513,0.19720182,0.0116676606072319,14.912640349070244,0,0,0,0
29.383197085062704,40.302906,0.15391842,0.015899917,-0.16893288,11684.9,-0.1380185,0.00025280737,0.15147112,0.15899917,0.0116676606072319,14.912640349070244,0,0,0,0
29.234214401245158,40.063644,0.1737346,-0.00045086365,-0.18473378,11428.25,-0.17418547,2.0327802e-07,0.17381294,-0.0045086365,0.0105792490641276,15.068183570437984,0,0,0,0
28.967117881774925,40.150803,0.19695057,-0.0032746978,-0.21884242,11638.75,-0.20022528,1.07236465e-05,0.19759554,-0.0327469779999999,0.0105637062920464,14.902815755208335,0,0,0,0
29.0171795845032,41.20868,0.13874735,0.02845412,-0.16731052,11916.1,-0.110293224,0.0008096369,0.1347994,0.2845412,0.0095214568244086,14.8354873021444,0,0,0,0
29.383197085062704,41.95039,0.1703614,0.004910609,-0.19825083,11852.8,-0.1654508,2.4114084e-05,0.16952482,0.04910609,0.0116676606072319,14.912640349070244,0,0,0,0
28.863900438944512,41.148865,0.20273429,-0.03780447,-0.21623896,11406.7,-0.24053876,0.0014291778,0.21039855,-0.3780447,0.0106722672780354,15.035710430145286,0,0,0,0
29.43544333775841,40.76605,0.17145169,-0.008404634,-0.19723122,11645.3,-0.17985633,7.063787e-05,0.17289267,-0.08404634,0.0112120342254638,14.495665486653678,0,0,0,0
28.87584997812908,41.200134,0.21769828,-0.042123884,-0.21932636,11022.7,-0.25982216,0.0017744215,0.22686857,-0.42123884,0.0109853935241699,15.018158531188988,0,0,0,0
29.214689826965355,40.738705,0.21221131,-0.030898664,-0.22476129,11340.25,-0.24310997,0.0009547275,0.21876836,-0.30898664,0.0111927111943562,15.171249326070182,0,0,0,0
29.43544333775841,42.05806,0.16245188,0.019253176,-0.18940973,11986.55,-0.14319871,0.00037068475,0.15932417,0.19253176,0.0112120342254638,14.495665486653678,0,0,0,0
29.234214401245158,42.78439,0.13522573,0.027531441,-0.16391623,12094.2,-0.10769428,0.0007579803,0.13150276,0.27531441,0.0105792490641276,15.068183570437984,0,0,0,0
29.214689826965355,42.55538,0.09133382,0.03730904,-0.119753465,12470.3,-0.054024786,0.0013919644,0.087926246,0.3730904,0.0111927111943562,15.171249326070182,0,0,0,0
28.863900438944512,42.488728,0.14633945,0.010138275,-0.18049113,12531.05,-0.13620117,0.00010278462,0.14485581,0.10138275,0.0106722672780354,15.035710430145286,0,0,0,0
28.71447588602703,42.05806,0.15496418,0.014309131,-0.19253926,11866.0,-0.14065506,0.00020475121,0.15274678,0.14309131,0.0101193030675252,15.129899597167991,0,0,0,0
28.77436933517457,41.85127,0.15167885,0.035069294,-0.1836705,11760.2,-0.11660955,0.0012298555,0.14635958,0.35069294,0.0096894741058349,14.974113559722907,0,0,0,0
29.383197085062704,41.471867,0.1343778,0.041501004,-0.16920058,11915.55,-0.09287681,0.0017223334,0.12880099,0.41501004,0.0116676606072319,14.912640349070244,0,0,0,0
29.53638579050701,41.307804,0.18746881,-0.009137561,-0.21288373,11750.85,-0.19660638,8.349501e-05,0.18918182,-0.09137561,0.0099408562978108,14.67159852981571,0,0,0,0
29.40596796671552,40.359303,0.1866747,-0.020656938,-0.20576774,11183.65,-0.20733164,0.00042670907,0.19053084,-0.20656938,0.011005474726359,14.555287297566757,0,0,0,0
28.81987374623617,40.24651,0.1794402,-0.0008669656,-0.19904016,11652.15,-0.18030718,7.516294e-07,0.17959577,-0.008669656,0.0110777473449707,15.02515818277996,0,0,0,0
29.25716981887821,41.066833,0.19400565,-0.0040895646,-0.21752128,11659.7,-0.19809522,1.6724536e-05,0.19479905,-0.0408956459999999,0.0098183250427246,14.7552871068319,0,0,0,0
29.214689826965355,39.791912,0.23486683,-0.052710302,-0.23404405,11326.3,-0.28757712,0.002778376,0.24724673,-0.52710302,0.0111927111943562,15.171249326070182,0,0,0,0
28.863900438944512,39.597084,0.20228611,-0.017142856,-0.20433018,11777.8,-0.21942897,0.00029387756,0.20575388,-0.17142856,0.0106722672780354,15.035710430145286,0,0,0,0
29.40596796671552,37.495003,0.20346412,-0.043758553,-0.21119305,11539.5,-0.24722266,0.001914811,0.21236742,-0.43758553,0.011005474726359,14.555287297566757,0,0,0,0
29.40596796671552,37.412968,0.22183524,-0.064311676,-0.22959466,11507.5,-0.2861469,0.0041359914,0.23610184,-0.64311676,0.011005474726359,14.555287297566757,0,0,0,0
29.425578371683784,37.802624,0.2502203,-0.08620425,-0.23986298,11204.5,-0.33642456,0.0074311737,0.27179036,-0.8620424999999999,0.0115013901392618,14.729311084747335,0,0,0,0
28.863900438944512,38.123917,0.17054734,-0.0042829174,-0.19118981,11578.3,-0.17483026,1.834338e-05,0.17127778,-0.042829174,0.0106722672780354,15.035710430145286,0,0,0,0
29.3144397099813,37.956436,0.24183835,-0.04641225,-0.24223208,11203.1,-0.2882506,0.002154097,0.2530626,-0.4641225,0.011785807079739,14.98104512956408,0,0,0,0
29.234214401245158,38.383686,0.2043836,-0.0059773037,-0.22354512,11561.2,-0.2103609,3.5728157e-05,0.20560527,-0.0597730369999999,0.0105792490641276,15.068183570437984,0,0,0,0
29.21082426706954,38.434956,0.194292,-0.033729218,-0.22238606,11649.2,-0.2280212,0.00113766,0.2008453,-0.33729218,0.0117545138465033,14.92827011744184,0,0,0,0
29.425578371683784,39.15616,0.17536075,-0.029962424,-0.18445872,11117.1,-0.20532317,0.0008977469,0.18061498,-0.29962424,0.0115013901392618,14.729311084747335,0,0,0,0
29.48794962565105,39.22794,0.18553075,-0.036950678,-0.19210722,11126.9,-0.22248143,0.0013653527,0.19238624,-0.36950678,0.0105528926849365,14.545388793945335,0,0,0,0
29.383197085062704,40.52337,0.10612906,0.021852547,-0.13466594,12823.0,-0.084276505,0.00047753385,0.10380986,0.21852547,0.0116676606072319,14.912640349070244,0,0,0,0
29.437518374125176,41.630806,0.092161015,0.036364168,-0.12608369,13133.4,-0.05579685,0.0013223527,0.08880966,0.36364168,0.0114339447021484,14.832504208882654,0,0,0,0
29.48794962565105,42.123,0.087440275,0.032923277,-0.11888064,13088.3,-0.054516997,0.0010839422,0.08456145,0.32923277,0.0105528926849365,14.545388793945335,0,0,0,0
28.711374537150107,41.791454,0.14316559,0.0034305837,-0.16673183,12111.3,-0.13973501,1.1768905e-05,0.14267445,0.034305837,0.0099601470099555,15.083465194702171,0,0,0,0
29.383197085062704,41.89741,0.15157895,0.011340116,-0.16711405,12369.8,-0.14023884,0.00012859823,0.14986002,0.11340116,0.0116676606072319,14.912640349070244,0,0,0,0
29.425578371683784,42.07173,0.1953822,-0.008024072,-0.20325375,11649.3,-0.20340626,6.4385735e-05,0.19694996,-0.08024072,0.0115013901392618,14.729311084747335,0,0,0,0
29.437518374125176,41.080505,0.18726735,-0.0131512545,-0.19554403,11808.7,-0.2004186,0.0001729555,0.18973015,-0.131512545,0.0114339447021484,14.832504208882654,0,0,0,0
29.43544333775841,40.694267,0.17036831,0.00035513466,-0.17915241,11996.1,-0.17001319,1.2612063e-07,0.17030782,0.0035513466,0.0112120342254638,14.495665486653678,0,0,0,0
29.498190180460654,42.034134,0.13347349,0.026721511,-0.17447507,12096.1,-0.10675197,0.00071403914,0.12990686,0.26721511,0.0103383498390515,14.389676666259788,0,0,0,0
29.40596796671552,42.505817,0.16896494,-0.0018584122,-0.19599278,12096.5,-0.17082335,3.453696e-06,0.16927893,-0.0185841219999999,0.011005474726359,14.555287297566757,0,0,0,0
29.3144397099813,40.78314,0.13646533,0.023927467,-0.17215271,11981.6,-0.11253786,0.0005725237,0.13320005,0.23927467,0.011785807079739,14.98104512956408,0,0,0,0
29.53638579050701,40.608818,0.1573298,0.008176708,-0.17765641,12543.1,-0.1491531,6.685855e-05,0.15604337,0.0817670799999999,0.0099408562978108,14.67159852981571,0,0,0,0
29.21082426706954,40.68743,0.14143373,0.03673815,-0.16523877,12565.2,-0.10469558,0.0013496915,0.13623771,0.3673814999999999,0.0117545138465033,14.92827011744184,0,0,0,0
28.87584997812908,40.355885,0.14244078,0.026285384,-0.17583452,12307.9,-0.11615539,0.00069092144,0.13869667,0.26285384,0.0109853935241699,15.018158531188988,0,0,0,0
29.40596796671552,40.57464,0.18284968,0.0062969383,-0.20984702,11776.2,-0.17655274,3.965143e-05,0.18169828,0.062969383,0.011005474726359,14.555287297566757,0,0,0,0
29.63563849131268,40.34563,0.21032079,-0.05152828,-0.2150658,11546.2,-0.26184905,0.0026551634,0.22115825,-0.5152828,0.0094514126247829,14.539032554626488,0,0,0,0
28.967117881774925,39.402256,0.22426282,-0.074184515,-0.22279367,11682.3,-0.2984473,0.005503342,0.24089964,-0.7418451500000001,0.0105637062920464,14.902815755208335,0,0,0,0
28.711374537150107,42.167435,0.1981164,-0.008900553,-0.21440835,11903.2,-0.20701696,7.921985e-05,0.19987975,-0.08900553,0.0099601470099555,15.083465194702171,0,0,0,0
29.0171795845032,42.697227,0.18042351,-0.008000938,-0.20254536,11868.9,-0.18842445,6.4015e-05,0.18186708,-0.08000938,0.0095214568244086,14.8354873021444,0,0,0,0
29.0171795845032,43.30222,0.16371378,-0.007277384,-0.16801275,11625.1,-0.17099117,5.2960317e-05,0.16490519,-0.0727738399999999,0.0095214568244086,14.8354873021444,0,0,0,0
28.87584997812908,40.598564,0.16444041,-0.0057838294,-0.18928546,11841.9,-0.17022425,3.345268e-05,0.1653915,-0.057838294,0.0109853935241699,15.018158531188988,0,0,0,0
28.87584997812908,40.526787,0.1566336,0.00814058,-0.1860629,12576.7,-0.14849302,6.6269036e-05,0.15535852,0.0814058,0.0109853935241699,15.018158531188988,0,0,0,0
29.214689826965355,39.891033,0.14380997,-0.0020271882,-0.16518182,12344.2,-0.14583717,4.109492e-06,0.1441015,-0.020271882,0.0111927111943562,15.171249326070182,0,0,0,0
29.21082426706954,40.239674,0.15304217,0.017285192,-0.18336192,12621.1,-0.13575697,0.00029877786,0.15039681,0.17285192,0.0117545138465033,14.92827011744184,0,0,0,0
29.587538973490425,41.470158,0.13214493,0.03475532,-0.15626414,12452.1,-0.09738961,0.0012079321,0.12755218,0.3475532,0.011531532605489,14.80689392089846,0,0,0,0
29.48794962565105,40.940365,0.17241143,0.009427121,-0.1878674,12077.2,-0.16298431,8.887061e-05,0.17078608,0.09427121,0.0105528926849365,14.545388793945335,0,0,0,0
29.25716981887821,40.78314,0.16383812,0.003972441,-0.1702888,11601.0,-0.15986568,1.578029e-05,0.16318728,0.03972441,0.0098183250427246,14.7552871068319,0,0,0,0
28.711374537150107,41.1933,0.12322003,0.049434666,-0.14878748,12653.3,-0.07378536,0.002443786,0.117128685,0.49434666,0.0099601470099555,15.083465194702171,0,0,0,0
29.425578371683784,41.38471,0.1090537,0.05355955,-0.14513803,13167.3,-0.055494152,0.002868625,0.10321283,0.5355955,0.0115013901392618,14.729311084747335,0,0,0,0
28.71447588602703,41.217224,0.10691954,0.041576933,-0.13866383,12495.3,-0.06534261,0.0017286413,0.10247415,0.41576933,0.0101193030675252,15.129899597167991,0,0,0,0
29.0171795845032,41.012146,0.1662654,-0.0054858704,-0.18402123,12026.0,-0.17175126,3.0094772e-05,0.1671775,-0.0548587039999999,0.0095214568244086,14.8354873021444,0,0,0,0
28.887657101949088,41.760693,0.17018273,0.01555173,-0.18063712,11809.0,-0.15463102,0.00024185631,0.16753611,0.1555173,0.0088965702056884,14.813097466362876,0,0,0,0
29.437518374125176,42.10591,0.12935427,0.066146754,-0.15813625,12371.0,-0.06320751,0.004375393,0.120797895,0.6614675400000001,0.0114339447021484,14.832504208882654,0,0,0,0
29.21082426706954,42.840786,0.113158435,0.07449172,-0.14431573,12525.0,-0.03866672,0.0055490155,0.10472907,0.7449172,0.0117545138465033,14.92827011744184,0,0,0,0
28.967117881774925,42.792934,0.12510797,0.022571737,-0.1512002,12305.3,-0.10253623,0.00050948333,0.12228407,0.22571737,0.0105637062920464,14.902815755208335,0,0,0,0
29.40596796671552,41.579536,0.14718737,-0.03534052,-0.18429574,11757.6,-0.18252788,0.0012489525,0.15238905,-0.3534052,0.011005474726359,14.555287297566757,0,0,0,0
29.214689826965355,41.76411,0.14328314,0.011880815,-0.16961196,11561.6,-0.13140233,0.00014115375,0.14158082,0.11880815,0.0111927111943562,15.171249326070182,0,0,0,0
29.383197085062704,40.492607,0.16866766,0.013245033,-0.1943048,11956.9,-0.15542261,0.0001754309,0.16643365,0.13245033,0.0116676606072319,14.912640349070244,0,0,0,0
29.437518374125176,39.96623,0.21892028,-0.041769043,-0.22018471,12033.9,-0.26068932,0.0017446529,0.22806436,-0.41769043,0.0114339447021484,14.832504208882654,0,0,0,0
28.967117881774925,40.63616,0.19733419,-0.0027160125,-0.20165963,11461.9,-0.2000502,7.376724e-06,0.19787015,-0.027160125,0.0105637062920464,14.902815755208335,0,0,0,0
29.489220873514853,41.52143,0.1965871,0.011076853,-0.21339498,11689.5,-0.18551025,0.00012269667,0.19440953,0.1107685299999999,0.0117224762174818,14.637499321831626,0,0,0,0
28.887657101949088,41.008728,0.11548632,0.073703706,-0.14705978,13422.1,-0.041782614,0.005432236,0.10697455,0.7370370599999999,0.0088965702056884,14.813097466362876,0,0,0,0
29.383197085062704,40.69085,0.11391265,0.07365606,-0.14438644,13335.8,-0.040256593,0.005425215,0.1055223,0.7365606,0.0116676606072319,14.912640349070244,0,0,0,0
29.425578371683784,40.130295,0.14809823,0.04527064,-0.18090214,12681.7,-0.102827586,0.0020494307,0.14139372,0.4527064,0.0115013901392618,14.729311084747335,0,0,0,0
28.863900438944512,40.133713,0.112816475,0.07615236,-0.14434102,13080.2,-0.036664117,0.0057991818,0.10422523,0.7615236000000001,0.0106722672780354,15.035710430145286,0,0,0,0
29.437518374125176,43.114227,0.123826526,0.048378892,-0.15173687,12395.15,-0.07544763,0.0023405172,0.11783593,0.48378892,0.0114339447021484,14.832504208882654,0,0,0,0
29.214689826965355,43.40476,0.17937332,-0.009127272,-0.18577261,11495.2,-0.1885006,8.3307095e-05,0.18101051,-0.09127272,0.0111927111943562,15.171249326070182,0,0,0,0
29.234214401245158,43.31589,0.19742496,-0.027104748,-0.2037359,11450.25,-0.22452971,0.00073466735,0.20277612,-0.27104748,0.0105792490641276,15.068183570437984,0,0,0,0
29.426291084289588,42.992886,0.14483792,0.01619615,-0.16624966,12104.75,-0.12864177,0.00026231527,0.1424921,0.1619614999999999,0.0109315586090087,14.32123548719621,0,0,0,0
29.63563849131268,43.83714,0.18081668,-0.020222493,-0.19350873,11863.7,-0.20103918,0.0004089492,0.18447325,-0.20222493,0.0094514126247829,14.539032554626488,0,0,0,0
29.63563849131268,42.931362,0.12421793,0.029028224,-0.15657139,12299.45,-0.095189705,0.0008426378,0.1206121,0.2902822399999999,0.0094514126247829,14.539032554626488,0,0,0,0
29.426291084289588,42.972378,0.11375114,0.041438762,-0.1487755,12576.3,-0.072312385,0.0017171709,0.10903744,0.4143876199999999,0.0109315586090087,14.32123548719621,0,0,0,0
29.383197085062704,42.956997,0.1325353,0.038381018,-0.15616678,11907.7,-0.09415427,0.0014731026,0.12744845,0.38381018,0.0116676606072319,14.912640349070244,0,0,0,0
29.507907485961937,40.752377,0.12391871,0.047079492,-0.16087957,12243.25,-0.07683922,0.0022164783,0.118084684,0.47079492,0.0105171871185302,14.82529443105065,0,0,0,0
29.21082426706954,39.713295,0.12742583,0.03110557,-0.16723749,11867.25,-0.096320264,0.0009675565,0.12346218,0.3110557,0.0117545138465033,14.92827011744184,0,0,0,0
29.63563849131268,38.479393,0.118517645,-0.011735881,-0.1372236,11051.5,-0.13025352,0.0001377309,0.11990856,-0.11735881,0.0094514126247829,14.539032554626488,0,0,0,0
29.48794962565105,37.797497,0.18420565,-0.026708903,-0.18870313,11170.8,-0.21091455,0.0007133655,0.18912558,-0.26708903,0.0105528926849365,14.545388793945335,0,0,0,0
28.71447588602703,39.22794,0.17682086,0.02356009,-0.19563065,11196.25,-0.15326077,0.0005550778,0.17265494,0.2356009,0.0101193030675252,15.129899597167991,0,0,0,0
29.0171795845032,39.738934,0.2235923,-0.028148768,-0.22722237,11211.4,-0.25174108,0.0007923532,0.22988614,-0.28148768,0.0095214568244086,14.8354873021444,0,0,0,0
29.234214401245158,37.643684,0.082937606,-0.009285018,-0.09024919,11597.05,-0.09222262,8.621155e-05,0.08370768,-0.09285018,0.0105792490641276,15.068183570437984,0,0,0,0
29.425578371683784,36.437126,0.08499969,-0.041622918,-0.075808726,11068.25,-0.1266226,0.0017324672,0.088537626,-0.41622918,0.0115013901392618,14.729311084747335,0,0,0,0
28.81987374623617,36.79089,0.1462915,0.0070989113,-0.16384673,10838.25,-0.13919258,5.0394545e-05,0.14525297,0.0709891129999999,0.0110777473449707,15.02515818277996,0,0,0,0
28.711374537150107,36.469597,0.14822875,-0.0077284747,-0.17226999,12462.2,-0.15595724,5.9729326e-05,0.14937434,-0.077284747,0.0099601470099555,15.083465194702171,0,0,0,0
28.711374537150107,36.285023,0.1769234,-0.08663512,-0.17063484,10275.5,-0.2635585,0.007505644,0.19225118,-0.8663512,0.0099601470099555,15.083465194702171,0,0,0,0
29.3144397099813,37.86244,0.20209645,-0.03255976,-0.21698678,10936.95,-0.2346562,0.0010601381,0.20867665,-0.3255976,0.011785807079739,14.98104512956408,0,0,0,0
29.383197085062704,39.612465,0.16054158,0.009628611,-0.1883367,11569.7,-0.15091297,9.271014e-05,0.15899579,0.09628611,0.0116676606072319,14.912640349070244,0,0,0,0
29.40596796671552,40.699394,0.13361658,0.038618434,-0.16064003,11367.65,-0.09499814,0.0014913835,0.12845652,0.38618434,0.011005474726359,14.555287297566757,0,0,0,0
29.48794962565105,40.26018,0.15688975,0.011999937,-0.17896295,11256.5,-0.14488982,0.00014399848,0.15500708,0.11999937,0.0105528926849365,14.545388793945335,0,0,0,0
29.437518374125176,41.835888,0.13891388,0.040171057,-0.16987967,11686.5,-0.09874282,0.0016137138,0.13333356,0.40171057,0.0114339447021484,14.832504208882654,0,0,0,0
29.425578371683784,42.396442,0.12549283,0.059760958,-0.16656554,12219.25,-0.065731876,0.0035713718,0.11799326,0.5976095800000001,0.0115013901392618,14.729311084747335,0,0,0,0
29.383197085062704,42.75875,0.13413386,0.031081967,-0.17578822,12223.7,-0.10305189,0.0009660887,0.12996471,0.31081967,0.0116676606072319,14.912640349070244,0,0,0,0
29.426291084289588,42.924526,0.15796492,0.015036063,-0.19184951,12048.1,-0.14292885,0.0002260832,0.15558974,0.15036063,0.0109315586090087,14.32123548719621,0,0,0,0
29.234214401245158,44.168686,0.17038208,0.0028409092,-0.19742557,11915.65,-0.16754118,8.070764e-06,0.16989805,0.028409092,0.0105792490641276,15.068183570437984,0,0,0,0
28.87584997812908,43.705544,0.20735842,-0.031050436,-0.2236257,12026.5,-0.23840885,0.0009641296,0.21379699,-0.31050436,0.0109853935241699,15.018158531188988,0,0,0,0
29.43544333775841,42.292194,0.19515073,-0.037617646,-0.20965007,11881.75,-0.23276837,0.0014150875,0.20249183,-0.37617646,0.0112120342254638,14.495665486653678,0,0,0,0
29.13729852040612,42.052933,0.23786357,-0.054716647,-0.24237509,11347.3,-0.29258022,0.0029939113,0.25087866,-0.54716647,0.0113369719187418,14.88310012817385,0,0,0,0
29.234214401245158,42.792934,0.15717845,0.012695787,-0.19101046,12302.35,-0.14448266,0.00016118298,0.15518294,0.12695787,0.0105792490641276,15.068183570437984,0,0,0,0
28.775239880879724,43.006557,0.19089611,-0.015875746,-0.21664521,11986.25,-0.20677185,0.0002520393,0.19392674,-0.15875746,0.0100396521886189,15.071497853597007,0,0,0,0
29.40596796671552,42.907436,0.1469356,0.002017291,-0.17747062,12571.75,-0.14491831,4.069463e-06,0.14663918,0.02017291,0.011005474726359,14.555287297566757,0,0,0,0
29.40596796671552,41.28388,0.0836351,0.06217241,-0.12916674,13536.65,-0.02146269,0.0038654082,0.0784353,0.6217241,0.011005474726359,14.555287297566757,0,0,0,0
29.63563849131268,39.94401,0.09459109,0.054531086,-0.14321208,13827.05,-0.040060006,0.0029736392,0.08943294,0.54531086,0.0094514126247829,14.539032554626488,0,0,0,0
29.53638579050701,40.338795,0.11284109,0.044864584,-0.15510719,12974.25,-0.067976505,0.002012831,0.10777852,0.4486458399999999,0.0099408562978108,14.67159852981571,0,0,0,0
29.40596796671552,42.791225,0.059442416,0.062211487,-0.10479804,14404.15,0.002769072,0.003870269,0.055744413,0.62211487,0.011005474726359,14.555287297566757,0,0,0,0
29.48794962565105,46.494648,0.043408114,0.10133187,-0.078299984,14821.3,0.05792375,0.010268147,0.03900949,1.0133187,0.0105528926849365,14.545388793945335,0,0,0,0
29.425578371683784,45.563236,0.048014574,0.07809105,-0.0824231,14557.5,0.030076474,0.0060982117,0.044265065,0.7809105,0.0115013901392618,14.729311084747335,0,0,0,0
29.507907485961937,42.639122,0.15855035,0.017256605,-0.17238916,11885.7,-0.14129375,0.0002977904,0.15581432,0.17256605,0.0105171871185302,14.82529443105065,0,0,0,0
28.967117881774925,41.83418,0.20577565,-0.043396495,-0.20526509,11108.85,-0.24917214,0.0018832559,0.21470559,-0.43396495,0.0105637062920464,14.902815755208335,0,0,0,0
28.967117881774925,42.28023,0.10980878,0.029081158,-0.14949827,13330.9,-0.08072762,0.0008457137,0.10661542,0.29081158,0.0105637062920464,14.902815755208335,0,0,0,0
28.711374537150107,41.294132,0.16375735,-0.006433905,-0.18422697,12142.35,-0.17019126,4.139513e-05,0.16481096,-0.06433905,0.0099601470099555,15.083465194702171,0,0,0,0
28.775239880879724,41.41547,0.09696875,-0.012729116,-0.12396635,12494.25,-0.10969786,0.0001620304,0.09820307,-0.12729116,0.0100396521886189,15.071497853597007,0,0,0,0
29.234214401245158,42.061478,0.07561828,0.047990143,-0.12334556,13384.8,-0.027628139,0.0023030539,0.07198935,0.4799014299999999,0.0105792490641276,15.068183570437984,0,0,0,0
28.81987374623617,41.93159,0.09147702,0.038396016,-0.136011,12997.25,-0.053081002,0.0014742541,0.08796467,0.38396016,0.0110777473449707,15.02515818277996,0,0,0,0
29.63563849131268,41.341984,0.15105921,0.01310543,-0.18951869,12052.45,-0.13795377,0.0001717523,0.14907952,0.1310542999999999,0.0094514126247829,14.539032554626488,0,0,0,0
29.48794962565105,41.753857,0.1408974,0.036228932,-0.17200631,11759.4,-0.10466847,0.0013125355,0.13579284,0.3622893199999999,0.0105528926849365,14.545388793945335,0,0,0,0
28.87584997812908,42.396442,0.1343512,0.037876107,-0.17349069,12035.9,-0.096475095,0.0014345994,0.12926249,0.37876107,0.0109853935241699,15.018158531188988,0,0,0,0
29.63563849131268,42.55538,0.13208404,0.028912991,-0.17028345,12027.05,-0.10317105,0.0008359611,0.1282651,0.28912991,0.0094514126247829,14.539032554626488,0,0,0,0
29.489220873514853,42.79977,0.13183427,0.024452262,-0.17021096,12764.1,-0.107382014,0.00059791305,0.12861063,0.24452262,0.0117224762174818,14.637499321831626,0,0,0,0
29.48794962565105,42.62374,0.13147923,0.033998664,-0.16712388,12107.4,-0.097480565,0.0011559092,0.12700911,0.33998664,0.0105528926849365,14.545388793945335,0,0,0,0
28.77436933517457,41.29926,0.1578811,-0.015541012,-0.16907202,11401.95,-0.17342211,0.00024152307,0.16033472,-0.1554101199999999,0.0096894741058349,14.974113559722907,0,0,0,0
28.887657101949088,40.507988,0.1497137,-0.005937159,-0.17460927,12182.65,-0.15565085,3.5249854e-05,0.15060258,-0.05937159,0.0088965702056884,14.813097466362876,0,0,0,0
29.25716981887821,39.612465,0.20610096,-0.055506237,-0.20498978,11088.25,-0.2616072,0.0030809424,0.21754085,-0.55506237,0.0098183250427246,14.7552871068319,0,0,0,0
29.383197085062704,40.53875,0.20613608,-0.04348611,-0.21767835,11593.4,-0.2496222,0.0018910419,0.21510014,-0.4348611,0.0116676606072319,14.912640349070244,0,0,0,0
29.48794962565105,41.234314,0.21909708,-0.04178656,-0.22980988,11884.95,-0.26088363,0.0017461164,0.2282524,-0.4178656,0.0105528926849365,14.545388793945335,0,0,0,0
29.40596796671552,42.15718,0.20780021,-0.043601643,-0.21779925,11793.5,-0.25140184,0.0019011033,0.21686064,-0.43601643,0.011005474726359,14.555287297566757,0,0,0,0
28.87584997812908,42.49898,0.19417526,-0.03493177,-0.20604895,11893.05,-0.22910702,0.0012202286,0.20095815,-0.3493177,0.0109853935241699,15.018158531188988,0,0,0,0
29.21082426706954,42.312702,0.18404348,-0.030880256,-0.19986314,12119.2,-0.21492374,0.0009535902,0.1897268,-0.30880256,0.0117545138465033,14.92827011744184,0,0,0,0
28.967117881774925,41.290714,0.22375397,-0.04883362,-0.23332429,11785.55,-0.2725876,0.0023847225,0.2346807,-0.4883362,0.0105637062920464,14.902815755208335,0,0,0,0
29.498190180460654,41.135193,0.21587478,-0.042502422,-0.22515295,11852.75,-0.2583772,0.0018064559,0.22504999,-0.4250242199999999,0.0103383498390515,14.389676666259788,0,0,0,0
29.425578371683784,42.164017,0.13052212,0.026298337,-0.15874541,12621.65,-0.10422379,0.0006916025,0.1270896,0.26298337,0.0115013901392618,14.729311084747335,0,0,0,0
29.48794962565105,42.52462,0.11619591,0.041522298,-0.15619212,12901.0,-0.074673615,0.0017241011,0.11137119,0.41522298,0.0105528926849365,14.545388793945335,0,0,0,0
29.53638579050701,42.389606,0.116989866,0.04933645,-0.15374736,12335.85,-0.06765342,0.0024340851,0.111218,0.4933645,0.0099408562978108,14.67159852981571,0,0,0,0
29.587538973490425,41.5727,0.12534042,0.0271048,-0.16091774,12568.0,-0.098235615,0.0007346702,0.12194309,0.2710479999999999,0.011531532605489,14.80689392089846,0,0,0,0
29.0171795845032,41.410343,0.13500145,0.022719596,-0.16413002,12378.05,-0.11228185,0.00051618,0.13193427,0.22719596,0.0095214568244086,14.8354873021444,0,0,0,0
29.43544333775841,41.285587,0.16733927,-0.0012532824,-0.18354173,11974.0,-0.16859256,1.5707168e-06,0.167549,-0.012532824,0.0112120342254638,14.495665486653678,0,0,0,0
28.71447588602703,41.55732,0.13559973,0.026609365,-0.1601435,12153.2,-0.10899037,0.0007080583,0.1319915,0.26609365,0.0101193030675252,15.129899597167991,0,0,0,0
29.21082426706954,41.647896,0.16311708,0.00384745,-0.17748013,12734.65,-0.15926963,1.4802871e-05,0.16248949,0.0384745,0.0117545138465033,14.92827011744184,0,0,0,0
28.71447588602703,42.536583,0.120262995,0.029059878,-0.15096623,13023.05,-0.09120312,0.00084447645,0.116768174,0.29059878,0.0101193030675252,15.129899597167991,0,0,0,0
29.587538973490425,42.69552,0.12204263,0.02851017,-0.15776388,12656.6,-0.093532465,0.00081282976,0.118563175,0.2851017,0.011531532605489,14.80689392089846,0,0,0,0
29.587538973490425,41.560738,0.1845557,-0.022914492,-0.20222268,12140.85,-0.2074702,0.0005250739,0.1887847,-0.22914492,0.011531532605489,14.80689392089846,0,0,0,0
28.887657101949088,41.72651,0.19219796,-0.016799485,-0.20770217,12646.5,-0.20899746,0.00028222273,0.19542679,-0.16799485,0.0088965702056884,14.813097466362876,0,0,0,0
29.43544333775841,41.213806,0.2070172,-0.020218741,-0.22284028,11978.45,-0.22723593,0.00040879752,0.21120282,-0.2021874099999999,0.0112120342254638,14.495665486653678,0,0,0,0
29.425578371683784,41.29755,0.17178823,0.0075965966,-0.1924783,12237.9,-0.16419163,5.770828e-05,0.17048322,0.075965966,0.0115013901392618,14.729311084747335,0,0,0,0
29.234214401245158,44.284897,0.108282104,0.038575668,-0.13311008,13455.55,-0.06970644,0.0014880821,0.10410505,0.38575668,0.0105792490641276,15.068183570437984,0,0,0,0
29.507907485961937,45.882824,0.08478198,0.08078815,-0.110153586,13877.9,-0.003993834,0.0065267254,0.0779326,0.8078815,0.0105171871185302,14.82529443105065,0,0,0,0
29.498190180460654,45.284668,0.12417345,0.011266165,-0.13805167,13019.1,-0.11290728,0.00012692648,0.12277449,0.11266165,0.0103383498390515,14.389676666259788,0,0,0,0
29.425578371683784,43.64573,0.15664388,-0.016448857,-0.16633767,12296.7,-0.17309274,0.00027056492,0.1592205,-0.16448857,0.0115013901392618,14.729311084747335,0,0,0,0
29.426291084289588,42.17256,0.12619482,0.018513698,-0.14783575,12236.4,-0.10768113,0.000342757,0.1238585,0.1851369799999999,0.0109315586090087,14.32123548719621,0,0,0,0
28.81987374623617,40.788265,0.17198816,-0.007418483,-0.19166015,12337.75,-0.17940664,5.503389e-05,0.17326406,-0.07418483,0.0110777473449707,15.02515818277996,0,0,0,0
29.234214401245158,40.15764,0.13551345,0.027806476,-0.15766534,12340.95,-0.10770698,0.0007732001,0.13174531,0.27806476,0.0105792490641276,15.068183570437984,0,0,0,0
29.40596796671552,40.308033,0.14859045,0.012391033,-0.17001998,11998.3,-0.1361994,0.0001535377,0.14674924,0.1239103299999999,0.011005474726359,14.555287297566757,0,0,0,0
29.507907485961937,40.253345,0.13175885,0.032155197,-0.1573131,12327.0,-0.09960366,0.0010339565,0.12752213,0.32155197,0.0105171871185302,14.82529443105065,0,0,0,0
28.967117881774925,40.566093,0.20001398,-0.039453972,-0.21349823,11623.7,-0.23946795,0.0015566158,0.20790532,-0.39453972,0.0105637062920464,14.902815755208335,0,0,0,0
29.425578371683784,41.164246,0.14463988,0.0015918014,-0.16540143,12195.1,-0.14304808,2.533832e-06,0.14440964,0.015918014,0.0115013901392618,14.729311084747335,0,0,0,0
28.887657101949088,41.227478,0.15855725,0.008391174,-0.1769955,12108.9,-0.15016608,7.04118e-05,0.15722677,0.08391174,0.0088965702056884,14.813097466362876,0,0,0,0
29.383197085062704,41.420597,0.16059496,-0.00090144674,-0.18076742,12175.3,-0.1614964,8.1260623e-07,0.16073972,-0.0090144674,0.0116676606072319,14.912640349070244,0,0,0,0
29.40596796671552,41.326603,0.12993313,0.046838235,-0.1638888,12209.4,-0.083094895,0.0021938204,0.12384729,0.46838235,0.011005474726359,14.555287297566757,0,0,0,0
29.21082426706954,41.683784,0.111676864,0.05621074,-0.15103051,12496.3,-0.05546612,0.0031596476,0.10539942,0.5621074,0.0117545138465033,14.92827011744184,0,0,0,0
29.40596796671552,42.326374,0.099250436,0.068560734,-0.13622607,12918.8,-0.0306897,0.0047005746,0.09244575,0.68560734,0.011005474726359,14.555287297566757,0,0,0,0
29.383197085062704,42.633995,0.09975146,0.074099734,-0.13917929,12841.7,-0.025651729,0.0054907706,0.09235991,0.7409973400000001,0.0116676606072319,14.912640349070244,0,0,0,0
28.87584997812908,42.80148,0.10936345,0.061249405,-0.14338042,12263.7,-0.04811405,0.0037514896,0.10266501,0.61249405,0.0109853935241699,15.018158531188988,0,0,0,0
29.21082426706954,42.54171,0.11023742,0.04792769,-0.14809947,12626.25,-0.062309735,0.0022970631,0.104954,0.4792769,0.0117545138465033,14.92827011744184,0,0,0,0
28.775239880879724,41.994823,0.16379419,0.0130794505,-0.17771325,11683.25,-0.15071474,0.00017107201,0.16165185,0.130794505,0.0100396521886189,15.071497853597007,0,0,0,0
29.425578371683784,42.476765,0.16686204,-0.031625994,-0.17588645,11439.6,-0.19848804,0.0010002035,0.17213921,-0.3162599399999999,0.0115013901392618,14.729311084747335,0,0,0,0
29.507907485961937,43.498753,0.14791836,0.0013187757,-0.16178176,12056.4,-0.14659958,1.7391693e-06,0.14772329,0.013187757,0.0105171871185302,14.82529443105065,0,0,0,0
29.587538973490425,43.772194,0.15337889,-0.009287084,-0.17118475,12192.1,-0.16266598,8.624993e-05,0.15480334,-0.09287084,0.011531532605489,14.80689392089846,0,0,0,0
29.383197085062704,42.620323,0.13697429,0.010123529,-0.16127183,12100.5,-0.12685075,0.00010248583,0.13558763,0.1012352899999999,0.0116676606072319,14.912640349070244,0,0,0,0
29.507907485961937,42.099075,0.12720689,-0.013141175,-0.14605756,12489.9,-0.14034808,0.00017269047,0.12887855,-0.13141175,0.0105171871185302,14.82529443105065,0,0,0,0
28.775239880879724,42.96554,0.13402641,-0.009630242,-0.15066884,12200.05,-0.14365664,9.274157e-05,0.1353171,-0.09630242,0.0100396521886189,15.071497853597007,0,0,0,0
28.71447588602703,42.998013,0.08788178,0.019799659,-0.11297621,12738.65,-0.068082124,0.0003920265,0.08614176,0.19799659,0.0101193030675252,15.129899597167991,0,0,0,0
29.426291084289588,42.413532,0.12466018,-0.003371112,-0.14486119,12566.15,-0.1280313,1.1364397e-05,0.12508042,-0.03371112,0.0109315586090087,14.32123548719621,0,0,0,0
29.234214401245158,40.921566,0.22539878,-0.077381045,-0.22353792,11129.25,-0.30277982,0.0059878263,0.24284038,-0.7738104499999999,0.0105792490641276,15.068183570437984,0,0,0,0
28.863900438944512,40.63958,0.23166509,-0.05443277,-0.22549327,11498.7,-0.28609785,0.0029629262,0.24427527,-0.5443277,0.0106722672780354,15.035710430145286,0,0,0,0
29.437518374125176,40.290943,0.22896698,-0.04227187,-0.22298859,11551.55,-0.27123886,0.0017869112,0.23864585,-0.4227187,0.0114339447021484,14.832504208882654,0,0,0,0
29.40596796671552,40.938656,0.2378956,-0.04882905,-0.23843995,11723.1,-0.28672463,0.002384276,0.24951181,-0.4882904999999999,0.011005474726359,14.555287297566757,0,0,0,0
